tree
version=v4
num_class=1
num_tree_per_iteration=1
label_index=0
max_feature_idx=115
objective=binary sigmoid:1
feature_names=h_runs h_place_rate h_win_rate h_finish_ratio_avg h_finish_ratio_r3 h_corner_ratio_r5 h_last3f_r3 h_best_class h_prev_finish_ratio h_days_since c_distance_delta c_surface_switch c_class_delta c_class_drop c_second_off_layoff c_jockey_change c_switch_x_sire hs_place_rate hsb_place_rate hv_place_rate j_runs j_place_rate j_win_rate jv_place_rate hj_place_rate hj_runs t_place_rate s_place_rate ssb_place_rate ss_place_rate ds_place_rate age weight_carried body_weight body_weight_diff body_weight_abs_diff waku umaban draw_ratio distance field_size class_rank race_no kai nichi post_hour h_margin_r3 h_margin_prev h_place_rate_rank h_place_rate_z h_finish_ratio_r3_rank h_finish_ratio_r3_z j_place_rate_rank j_place_rate_z ssb_place_rate_rank ssb_place_rate_z sp_prev sp_r3 sp_best sp_band_best sp_gap_from_best sp_r3_rank sp_r3_z sp_best_rank sp_best_z w_days_since w_count_21d w_last_3f w_last_1f w_3f_vs_self w_1f_vs_self w_rank_score w_hard w_is_slope cm_has cm_positive cm_negative cm_net cm_len cm_net_rank pc_style_rank pc_style_z pc_gap_ahead pc_front_runners pc_front_share pc_is_lone_front pc_projected pc_draw_x_front turf_type h_yoshiba_runs h_yoshiba_place_rate h_noshiba_place_rate h_turf_type_runs h_turf_type_place h_cond_runs h_cond_best_last3f h_cond_avg_last3f h_cond_best_finish h_venue_runs h_venue_best_last3f h_venue_best_finish h_last3f_gap_here s_turf_type_place ds_turf_type_place s_cond_last3f cond_place_filled turf_place_filled cond_last3f_filled filled_from_pedigree surface venue going sex direction weather affiliation
feature_infos=[0:56] [0:1] [0:1] [0.055555555555555552:1] [0.055555555555555552:1] [0.055555555555555552:1] [12.966666666666667:65.200000000000003] [0:4] [0.055555555555555552:1] [5:1079] [-2450:2450] [0:1] [-4:4] [0:4] [0:1] [0:1] [0:1] [0:1] [0:1] [0:1] [0:3212] [0:1] [0:1] [0:1] [0:1] [0:25] [0:1] [0:1] [0:1] [0:1] [0:1] [2:12] [49:65] [336:630] [-46:54] [0:54] [1:8] [1:18] [0.055555555555555552:1] [1000:4260] [5:18] [0:4] [1:12] [1:7] [1:12] [9:18] [0:10] [0:10] [0.055555555555555552:1] [-3.0151134457776365:4.0069384267237691] [0.055555555555555552:1] [-2.7227645751833331:3.3672356181564251] [0.055555555555555552:1] [-3.0105037892770192:3.6321125977044244] [0.055555555555555552:1] [-3.8106975537499554:3.8578283725846254] [-35.231072632433822:3.4154181202744436] [-35.231072632433822:2.5914153098592476] [-35.231072632433822:3.4154181202744436] [-35.231072632433822:3.4154181202744436] [-23.809496011626237:0] [0.055555555555555552:1] [-3.9288481620055236:3.0813070550476942] [0.055555555555555552:1] [-3.9473001227623916:3.3927875634354647] [1:21] [0:12] [11.199999999999999:61.600000000000001] [10.5:61.700000000000003] [-24.633333333333326:29.899999999999999] [-44.399999999999999:49.237500000000004] [1:3] [0:1] [0:1] [0:1] [0:4] [0:3] [-3:4] [38:117] [0.055555555555555552:1] [0.055555555555555552:1] [-2.7978149623401434:3.117199656002251] [0:0.84615384615384615] [0:8] [0:0.66666666666666663] [0:1] [0:2] [0:0.94444444444444442] [0:2] [0:15] [0:1] [0:1] [0:40] [0:1] [0:36] [12.800000000000001:54.200000000000003] [13:56.900000000000006] [1:18] [0:19] [12.800000000000001:94.299999999999997] [1:18] [0:30.600000000000001] [0:1] [0:1] [13:52.200000000000003] [0:1] [0:1] [12.800000000000001:54.200000000000003] [0:3] -1:0:1:2 -1:7:1:2:9:0:5:4:8:6:3 -1:2:1:3:0 -1:2:1:0 -1:0:2:3:1 -1:2:3:0:4:5 -1:2:3:0
tree_sizes=6786 6955 6981 6989 6984 6970 6974 6995 7002 6988 6996 7002 6999 7017 7002 6999 7009 7006 6986 7025 7020 7030 7004 7044 7023 7025 7021 7025 7004 7015 7044 7040 7000 7043 7081 7031 7017 7027 7041 7045 7055 7040 7049 7093 7044 7048 7044 7042 7042 7089 7082 7044 7088 7000 7034 7049 7034 7047 7037 7027 7050 7028 7047 7026 7073 7047 7066 7037 7034 7069 7061 7031 7059 7020 7061 7028 7020 7057 7053 7053 6996 6973 7070 7025 7061 7069 7052 6973 7055 7054 7023 7012 7025 7025 7074 7042 7001 6978 7020 7035 7050 7027 7034 6981 7062 7056 7016 7034 6980 7024 7051 7048 7002 7045 7060 7024 7023 7055 7050 7001 7059 7030 7069 7018 7006 7018 7052 7033 7025 7027 7073 7070 7055 7046

Tree=0
num_leaves=63
num_cat=0
split_feature=51 52 48 66 8 63 8 64 71 22 71 40 40 51 67 40 52 51 51 40 56 40 17 52 23 68 53 1 52 40 53 53 68 12 41 40 67 41 61 40 53 51 48 41 62 51 70 22 40 95 40 29 53 51 97 56 47 106 8 40 70 6
split_gain=8684.55 1940.7 1583.65 962.814 619.624 457.006 449.544 399.366 332.425 271.274 250.229 234.001 219.566 199.523 191.4 183.213 182.165 175.287 169.989 150.295 127.606 127.371 118.25 114.467 113.447 98.5646 94.0336 92.734 91.9192 88.8362 87.9963 77.3379 76.8458 71.683 71.2445 67.9204 65.2409 61.1312 59.8117 59.2871 57.6456 55.9776 54.6952 54.2671 52.7012 51.2554 50.6857 50.6601 49.6458 48.6147 47.1612 43.9712 43.0641 43.0276 42.7904 42.2267 41.9454 41.9446 41.7462 40.9629 40.3804 37.7655
threshold=-0.45209360809077842 0.68990384615384626 0.84807692307692317 1.0000000180025095e-35 0.37980769230769235 0.87083333333333346 0.42261904761904767 0.40947545245199962 1.5000000000000002 0.23788707839955814 1.5000000000000002 13.500000000000002 11.500000000000002 0.24118829644432829 24.250000000000004 13.500000000000002 0.75735294117647067 0.39957933305668858 -1.4550120496734584 12.500000000000002 0.3502777995176371 11.500000000000002 0.45643939393939398 0.71130952380952395 0.50142857142857156 11.350000000000003 -0.58630764037310323 0.28388278388278393 0.9472222222222223 11.500000000000002 0.86409863103934959 -0.33168336482895117 11.350000000000003 1.0000000180025095e-35 1.0000000180025095e-35 11.500000000000002 24.950000000000003 1.0000000180025095e-35 0.42582417582417587 10.500000000000002 -0.099769437980766942 -0.94415956543840351 0.3708333333333334 1.0000000180025095e-35 0.40575587521938333 0.3869083364049169 1.1229020979020981 0.20740052791084176 14.500000000000002 37.95000000000001 10.500000000000002 0.20297786196006443 0.97680308985666775 -1.282418065628957 4.5000000000000009 0.37083908592039666 0.075000000000000025 0.2856824548001019 0.41421568627450983 12.500000000000002 1.2612500000000006 35.08333333333335
decision_type=8 10 10 8 10 10 8 8 8 10 10 2 2 10 10 2 10 10 10 2 8 2 10 10 10 10 8 10 8 2 10 10 10 10 2 2 10 2 8 2 8 10 8 2 8 10 8 10 2 8 2 10 10 10 8 8 10 8 10 2 8 10
left_child=2 3 7 17 8 9 22 11 -3 15 38 30 47 19 -6 31 25 26 40 -12 52 45 59 -13 32 34 -2 -23 37 -27 49 -4 42 53 -9 -18 -37 46 -8 -28 -7 -31 -14 54 -25 -16 -20 -10 -39 -1 -24 -34 -17 -22 -41 -38 -33 -15 -58 -5 -55 -32
right_child=1 4 5 6 14 18 10 16 12 -11 13 23 24 57 21 20 35 -19 28 -21 33 27 50 44 -26 29 39 -29 -30 41 61 56 51 -35 -36 36 55 48 -40 43 -42 -43 -44 -45 -46 -47 -48 -49 -50 -51 -52 -53 -54 60 -56 -57 58 -59 -60 -61 -62 -63
leaf_value=-1.2351502456024965 -1.2760134913306267 -1.2828229322351448 -1.2303801320723171 -1.2687536417672112 -1.2528174030557255 -1.1848287360933698 -1.3270864811291778 -1.1933181634621017 -1.2001805633100957 -1.1468774987972894 -1.2583924068854422 -1.2830332298672347 -1.2813516219395191 -1.3184393215033836 -1.2334198491776034 -1.2570128589419609 -1.1715076660510204 -1.2901359844178022 -1.1941730751111299 -1.2979047491385858 -1.1856899936014538 -1.3010802273992299 -1.2089114694079826 -1.2706678625622754 -1.1933368087181109 -1.2051782323025804 -1.2105322074649107 -1.2734490899911484 -1.1483939425473644 -1.2390900353741281 -1.1634868160482505 -1.2073993744995517 -1.2769077256599457 -1.2430606692519801 -1.2364293481909954 -1.1929503209179959 -1.2477219494306258 -1.1862432439556483 -1.3156811519300895 -1.186839268402579 -1.1316619270079722 -1.2675803220378901 -1.2224594282662664 -1.2661151639189383 -1.2404049577149032 -1.2775523466610226 -1.1488822635218736 -1.1419331642838821 -1.2268591422698254 -1.2732834921325229 -1.2632510834731507 -1.2476341042086909 -1.2241300269511082 -1.2312782104378306 -1.2446724221750634 -1.2145930192054601 -1.16049572364833 -1.3008988288318279 -1.2115413578387717 -1.2953322719296436 -1.1906725539036831 -1.2196097439630158
leaf_weight=336.1043431609869 514.84685644507408 375.44480063021183 108.10073530673981 176.86101314425468 500.13694626092911 70.128641575574875 2395.8338598757982 150.00687478482723 229.37197159230709 146.75701090693474 304.11884078383446 855.74047268927097 43.616594150662422 1445.3341983258724 129.48141871392727 363.12952698767185 103.99564409255981 769.36251172423363 169.6771035194397 1143.0968576818705 191.05778692662716 1090.2438082993031 46.524367094039917 265.46256518363953 118.36346334218979 93.903961524367332 91.167234048247337 420.94289492070675 143.67819249629974 278.8041116297245 49.090049102902412 120.92914535105228 180.28192248940468 160.95378468930721 271.79124747216702 213.12265220284462 158.73019361495972 135.81010100245476 2280.2071240097284 36.774775460362434 283.42233924567699 450.0206243544817 381.43139198422432 362.61639058589935 313.18425054848194 132.21814619004726 107.07446250319481 46.353321626782417 178.22937688231468 111.0085082501173 252.63415513932705 440.95521458983421 137.00741927325726 181.99237716197968 224.4116530418396 252.29206420481205 211.41219753026962 455.15198837220669 54.392458587884903 798.09815022349358 95.10127979516983 85.009597226977348
leaf_count=1965 3010 2195 632 1034 2924 410 14007 877 1341 858 1778 5003 255 8450 757 2123 608 4498 992 6683 1117 6374 272 1552 692 549 533 2461 840 1630 287 707 1054 941 1589 1246 928 794 13331 215 1657 2631 2230 2120 1831 773 626 271 1042 649 1477 2578 801 1064 1312 1475 1236 2661 318 4666 556 497
internal_value=-1.27138 -1.29223 -1.22454 -1.30291 -1.26271 -1.19614 -1.30968 -1.24491 -1.24094 -1.21188 -1.31406 -1.26057 -1.23003 -1.30361 -1.28011 -1.21782 -1.22892 -1.27143 -1.17062 -1.2896 -1.22901 -1.28781 -1.28208 -1.27142 -1.23958 -1.24059 -1.25972 -1.29339 -1.18458 -1.2507 -1.23384 -1.19244 -1.24488 -1.21403 -1.22095 -1.20906 -1.21546 -1.19358 -1.32154 -1.248 -1.14193 -1.25665 -1.22851 -1.25357 -1.25426 -1.25566 -1.17627 -1.18996 -1.20908 -1.2446 -1.25462 -1.25612 -1.24793 -1.20413 -1.23624 -1.2273 -1.18197 -1.31426 -1.17068 -1.29051 -1.2171 -1.19842
internal_weight=22233 15385.9 6847.12 11297 4088.84 2858.85 9297.86 3988.27 1815.82 1770.83 8023.74 2015.6 1440.37 3347.7 2273.02 1624.08 1972.67 1999.18 1088.02 1447.22 1129.24 1772.89 1274.12 1434.39 1164.65 1244.53 1229.82 1511.19 734.469 822.729 581.212 494.835 1046.29 629.105 421.798 728.141 624.145 590.791 4676.04 714.97 353.551 728.825 425.048 623.803 578.647 261.7 276.752 275.725 314.039 447.113 299.159 621.237 500.137 468.151 261.186 411.022 386.734 1900.49 265.805 974.959 277.094 134.1
internal_count=129983 89952 40031 66047 23905 16714 54359 23317 10616 10353 46910 11784 8421 19572 13289 9495 11533 11688 6361 8461 6602 10365 7449 8386 6809 7276 7190 8835 4294 4810 3398 2893 6117 3678 2466 4257 3649 3454 27338 4180 2067 4261 2485 3647 3383 1530 1618 1612 1836 2614 1749 3632 2924 2737 1527 2403 2261 11111 1554 5700 1620 784
is_linear=0
shrinkage=1


Tree=1
num_leaves=63
num_cat=0
split_feature=51 21 49 66 48 53 40 8 71 64 3 64 40 40 48 71 52 53 66 56 40 66 8 52 53 40 53 18 68 51 41 8 68 22 53 64 40 41 69 8 69 53 8 53 21 41 93 51 51 22 53 80 49 53 68 105 52 49 51 48 51 51
split_gain=7696.48 2001.61 1473.77 887.35 601.23 404.589 372.367 363.506 283.13 261.33 218.549 211.858 202.937 194.769 173.94 166.43 140.16 132.915 118.68 118.212 130.746 111.094 107.067 93.6744 91.1786 90.144 89.941 88.8229 84.5176 83.3936 82.6887 78.8532 76.528 62.0874 61.2396 59.7064 58.6551 58.6533 65.1589 53.6552 50.8735 49.51 48.2648 47.9713 47.7208 47.7032 46.7538 43.4698 42.2761 41.6177 41.5652 39.9103 39.7429 38.6175 37.7383 37.565 37.0835 37.0278 36.6367 33.9193 33.8117 33.7583
threshold=-0.45209360809077842 0.23914668226424907 0.94176399747442863 1.0000000180025095e-35 0.68990384615384626 0.84700452097500867 11.500000000000002 0.42261904761904767 1.5000000000000002 0.40947545245199962 0.58333633958633968 0.48242840031471612 9.5000000000000018 11.500000000000002 0.3708333333333334 1.5000000000000002 0.87083333333333346 0.71186316343311073 1.0000000180025095e-35 0.65960273011850534 12.500000000000002 1.0000000180025095e-35 0.37980769230769235 0.88562091503267981 -0.47418003491833155 11.500000000000002 -0.147703542098401 0.35388994307400384 11.65 0.41193064757615577 1.0000000180025095e-35 0.73030303030303034 11.65 0.20740052791084176 0.36130692424581151 0.99891948721335722 13.500000000000002 1.0000000180025095e-35 -1.966666666666663 0.36931818181818188 -3.2166666666666628 1.340019538832979 0.63068181818181823 -0.59492455642805642 0.49459443665264147 1.0000000180025095e-35 0.14039408866995076 -1.5543468540431542 0.65681378606822982 0.1543994877343611 -0.39428729109858268 0.60555555555555574 -0.23695219942021167 -0.63105870098534667 11.350000000000003 0.25808726511670238 0.42582417582417587 1.1570227714485493 0.21860089465191898 0.48611111111111116 0.52625526519823262 -1.3520198760762148
decision_type=8 10 10 8 8 8 2 8 8 8 10 10 2 2 8 10 8 10 8 8 2 10 8 10 8 2 10 10 10 10 2 10 10 10 10 10 2 2 10 10 10 10 10 8 8 2 10 10 10 10 10 10 10 10 10 10 10 8 8 10 8 10
left_child=2 3 6 14 13 11 26 27 -6 16 15 36 -10 31 60 -9 32 -14 34 20 -7 30 37 39 42 48 52 -5 51 49 -11 41 50 55 -15 -21 56 38 -13 53 -18 -3 -16 -27 47 -26 -34 -22 -17 -20 -8 -19 -1 -23 -49 -30 -4 -29 -12 -28 -2 -38
right_child=1 4 5 7 8 19 9 10 12 21 58 22 17 18 24 25 40 28 29 35 44 23 -24 -25 45 43 59 57 33 -31 -32 -33 46 -35 -36 -37 61 -39 -40 -41 -42 -43 -44 -45 -46 -47 -48 54 -50 -51 -52 -53 -54 -55 -56 -57 -58 -59 -60 -61 -62 -63
leaf_value=0.010484809837875702 -0.0086680014228515557 0.025075867427548838 0.023119697815593265 -0.020917727448720586 -0.0090745141647146348 0.11713878861629567 -0.0066449180944745199 -0.043444542317470386 0.092579529505228061 0.074927771723452427 -0.034276805013667387 0.1122065619277632 0.014031912104502532 -0.019603300783265835 0.0067138849877834 0.016102621021544663 0.059274445530470711 0.068371967631662242 -0.013451973579659958 0.092833089215180256 0.089030313754791646 0.0024918430555020271 0.031852611867359451 0.050999197266318713 0.040481642036383311 -0.037237166384882107 0.048286373873424632 0.0033046251272235679 0.0019309166721450943 -0.032821170533175147 0.033309427294361489 -0.0095648380645452225 -0.02579832504773116 0.073092115627256732 0.021485860014897776 0.12795122057281538 0.04391553709668896 0.063705181322704224 0.070884843046444254 0.0010561779437605757 0.018739957660683367 0.078112950113320201 -0.022341842209400262 -0.020242345996769544 0.097033260992278547 0.012027271079558588 -0.0025084029007573722 0.074411360870564922 -0.032498371429570343 0.025437126874718732 0.02375420273757875 0.020470903675552425 0.052881321068730315 0.031927263209113398 0.038403133883549573 0.034968608287865403 0.066787623226447698 0.05323066502613534 -0.052571456390614751 0.084468909266722542 -0.032836566382758094 0.01433663677198601
leaf_weight=94.421824619174004 255.58543068170547 305.16189147531986 70.95074363052845 792.25501103699207 383.05028711259365 169.55233119428158 177.11322569847107 2248.3587463796139 157.51663337647915 212.85312551259995 306.91742692887783 187.3510350883007 563.26196125149727 129.79319477081299 458.18697859346867 189.88536848127842 113.09741631150246 344.03041511774063 780.79867827892303 261.9134719222784 94.30873803794384 144.42215594649315 163.08822436630726 244.89129161834717 262.65441332757473 731.33829203248024 91.018095329403877 306.50389996170998 145.88180439174175 758.43841361999512 277.02773024141788 157.47914071381092 365.83436861634254 69.017653807997704 295.18539023399353 259.76996417343616 136.4601695984602 453.28017029166222 213.01237560808659 359.51828800141811 245.69547146558762 50.91037580370903 206.52812172472477 972.07177604734898 104.46094655990601 336.59155976772308 522.88401314616203 109.52100889384747 57.460990369319916 74.513741463422775 305.26569618284702 50.973623111844063 134.40244422852993 489.34625491499901 229.51262502372265 209.18240965902805 164.27010668814182 41.284240111708641 3270.7398436963558 277.00269956886768 335.45722030103207 329.35162894427776
leaf_count=540 1492 1766 405 4675 2261 936 1037 13483 891 1191 1830 1039 3267 758 2683 1106 651 1960 4607 1463 525 835 925 1392 1511 4349 515 1790 847 4503 1575 925 2141 390 1706 1426 781 2556 1194 2079 1415 290 1216 5765 574 1959 3049 616 343 434 1778 293 767 2813 1298 1210 919 240 19666 1559 1980 1897
internal_value=9.08059e-05 -0.0198374 0.043484 -0.0315135 0.00826776 0.0703885 0.0239188 -0.0380583 0.0293742 0.0176132 -0.0419234 0.0546586 0.0389382 -0.00763935 -4.97553e-05 -0.0341695 0.00387075 0.0327634 -0.0145714 0.0923111 0.0787363 0.03136 0.0692433 0.0233532 0.0104192 -0.0234628 0.060361 -0.0116789 0.0456117 -0.0207596 0.0515084 0.0198548 -0.00341541 0.0299969 0.00892021 0.110531 0.0334375 0.0763411 0.0904528 0.0164928 0.0316463 0.0328565 -0.00233378 -0.0275564 0.0664343 0.0245457 -0.0121137 0.0588517 0.00472674 -0.0100383 0.012602 0.0622578 0.0355086 0.0252341 0.0502198 0.0214383 0.0537695 0.00936673 -0.051012 0.0756754 -0.0224176 0.0230773
internal_weight=22248.6 15247 7001.6 10771.8 4475.2 2946.8 4054.79 8916.82 1922.91 3457.95 7776.77 1717.76 1539.86 2552.28 1855 4199.12 1729.89 1382.35 2038.73 1229.04 707.356 1728.06 1016.73 1238.18 1263.96 1950.76 596.845 1140.04 819.086 1613.75 489.881 513.551 1371.1 424.082 424.979 521.683 701.033 853.644 400.363 993.287 358.793 356.072 664.715 1703.41 537.803 599.246 888.718 433.342 247.346 855.312 482.379 395.004 228.824 633.768 339.034 355.064 235.221 347.788 3577.66 368.021 591.043 465.812
internal_count=130087 90196 39891 64088 26108 16554 23337 53247 11119 19956 46542 9716 8858 14989 10841 25046 10071 7967 12008 6838 3949 9885 5714 7119 7369 11563 3381 6705 4700 9544 2766 2981 8005 2447 2464 2889 4002 4789 2233 5727 2066 2056 3899 10114 3013 3470 5190 2439 1449 5041 2815 2253 1307 3648 1914 2057 1324 2030 21496 2074 3472 2678
is_linear=0
shrinkage=0.05


Tree=2
num_leaves=63
num_cat=0
split_feature=51 21 48 66 48 8 52 61 71 40 40 71 40 51 51 63 40 51 18 53 53 51 40 53 41 41 12 8 52 8 68 68 68 40 64 3 71 56 66 100 41 33 106 26 49 40 53 8 52 40 71 40 21 17 48 61 10 56 8 64 53 24
split_gain=6706.16 1812 1052.01 788.743 594.43 411.465 366.764 306.305 273.848 216.798 211.383 197.82 193.384 166.557 162.22 156.684 132.772 126.782 113.092 99.7161 98.7652 96.6685 90.7887 87.356 79.7796 77.1433 75.7895 107.813 73.545 73.19 70.6094 70.0846 53.1984 51.7599 50.9127 47.8893 47.3212 46.3051 46.1958 45.0091 44.7788 42.0082 42.0049 40.2957 39.4002 39.2919 39.1608 36.4366 36.0504 35.4348 35.2654 34.6328 33.7025 33.6011 33.5561 33.4948 33.2027 33.182 33.0959 32.642 32.4239 31.2281
threshold=-0.50455824978777275 0.22604606511792144 0.78869047619047628 1.0000000180025095e-35 0.68990384615384626 0.48529411764705888 0.9472222222222223 0.89444444444444449 1.5000000000000002 11.500000000000002 13.500000000000002 1.5000000000000002 11.500000000000002 0.24118829644432829 0.41193064757615577 0.6132478632478634 9.5000000000000018 0.28840154063977452 0.30602006688963218 1.2010573762416368 0.68106226405134962 -1.1645951235505168 10.500000000000002 0.47960388156989903 1.0000000180025095e-35 1.0000000180025095e-35 1.0000000180025095e-35 0.36931818181818188 0.82843137254901966 0.62019230769230782 37.050000000000004 11.550000000000002 11.450000000000001 9.5000000000000018 0.93134516430767833 0.56553758741258753 1.5000000000000002 0.37722218992266021 1.0000000180025095e-35 2.5000000000000004 1.0000000180025095e-35 451.00000000000006 0.24742855799409894 0.25843426236684669 1.1570227714485493 10.500000000000002 -0.39428729109858268 0.38675213675213682 0.7834821428571429 12.500000000000002 1.5000000000000002 12.500000000000002 0.37932569779224373 0.30217391304347835 0.23205128205128209 0.75735294117647067 55.000000000000007 0.32704484229768943 0.36931818181818188 0.59820832648903355 -0.54377875252250385 0.44722222222222224
decision_type=8 10 10 8 8 8 8 8 8 2 2 10 2 10 10 10 2 10 10 10 10 10 2 10 2 2 10 8 10 10 8 10 10 2 10 8 8 8 8 8 2 2 10 8 10 2 10 8 10 2 8 2 10 10 8 8 10 8 10 8 8 10
left_child=2 3 10 14 12 18 7 16 61 28 23 35 29 22 25 32 -4 31 -5 38 -11 24 -13 33 39 43 27 37 -10 52 42 -14 -12 -1 45 -7 -19 50 40 -9 -17 -26 -22 -2 51 -8 -16 -40 -34 -29 -18 -20 -3 -15 -27 -35 -57 -44 -33 -25 -24 -6
right_child=1 4 6 5 8 11 34 21 9 20 15 13 17 53 46 19 26 36 44 -21 30 -23 60 59 41 54 -28 49 -30 -31 -32 58 48 55 -36 -37 -38 -39 47 -41 -42 -43 57 -45 -46 -47 -48 -49 -50 -51 -52 -53 -54 -55 -56 56 -58 -59 -60 -61 -62 -63
leaf_value=0.059609071896424032 0.019304308396750198 0.027626467152050291 0.094904314341374585 -0.02265116800716455 -0.014076846050884592 -0.038130214643711267 0.11445099052400264 0.12141906533071432 0.048499130633671644 0.0085490699748914968 0.014661838436276413 0.028290417309608035 0.014843216098775919 -0.045018841905941548 -0.028058086998971291 0.057995968488873763 -0.0026374759602575356 -0.04141461292348924 0.026333505622219134 0.054653369399127162 0.0027430152205230054 0.051021792648600739 -0.03082898705014081 0.047997340399278103 0.031967246849123748 -0.030673336453038852 0.0086621704042347449 0.051629028904035194 0.092334975960005894 -0.001992633500324339 0.054560196617799289 0.0042707400772663924 -0.018992661317684279 0.0055776550232623338 0.10796054497677088 -0.051115306476357814 -0.019474502071812651 0.058677593682724488 0.017442656852253588 0.083712759785866384 0.017912940949500116 0.07236437318226821 0.012879095239575492 0.056000982617606603 0.046128097053161711 0.072598168719784639 -0.001678181297310627 -0.0064639405717421793 0.0061978197358969825 0.0092077678509146291 0.04114462929742211 -0.0061737315319835978 0.075887291803418661 -0.025712325748808631 0.0043107663264895383 0.043781199006598659 0.0051301030600837492 0.046939133196872186 -0.018754655958471398 0.080859026667889231 -0.013752166452736159 0.031346541130424725
leaf_weight=107.91610658168793 382.95773467421532 268.02939583361149 93.378663793206215 1081.7868786603212 373.58922617137432 926.36407406628132 71.144984230399132 129.59794381260872 219.14502245187759 503.51053483784199 278.24508957564831 99.443130150437355 378.13359081745148 1342.2827279120684 455.46978704631329 115.10779777169228 51.97011224925518 356.51969650387764 103.98166157305241 209.3046210706234 152.98569920659065 464.94159217178822 501.23692962527275 205.07259340584278 79.314554944634438 76.05124294757843 253.66430155932903 57.489563137292862 175.94542530179024 250.78544861078262 329.65470500290394 225.29591353237629 464.83325734734535 198.25509548187256 295.62028025090694 3297.7951792031527 800.07499311864376 475.38670770823956 546.40039893984795 248.55917328596115 177.7438950240612 403.20625424385071 112.66993327438831 92.717010021209717 52.745658099651337 345.851911008358 203.55217398703098 224.23435999453068 203.74448102712631 315.49774672091007 391.29104524850845 372.23902393877506 41.469666108489037 276.56888374686241 619.83152171969414 192.1867211163044 78.403923451900482 199.50627692043781 504.51058025658131 127.05540961027145 629.36507657170296 41.143468901515007
leaf_count=600 2192 1523 504 6496 2220 5700 372 684 1221 2911 1607 572 2187 8265 2725 624 291 2165 602 1160 877 2547 3020 1132 433 446 1420 316 951 1469 1823 1316 2745 1128 1538 20391 4773 2599 3125 1322 1003 2193 643 528 299 1854 1200 1300 1172 1784 2175 2196 228 1672 3604 1084 443 1121 3004 691 3760 242
internal_value=2.30417e-05 -0.0181955 0.0413732 -0.0299242 0.00680477 -0.0362112 0.0595042 0.0517284 0.0268898 0.0358039 0.0200517 -0.0414049 -0.00818885 -0.0312014 -9.70859e-05 0.0117254 0.0372336 -0.0146958 -0.0133935 0.0231762 0.0258993 0.0696048 -0.0173111 0.0403504 0.0795726 0.011064 0.0336895 0.0385942 0.0682044 0.0180898 0.0368659 -0.00260308 -0.003676 0.0285049 0.0917315 -0.0482774 -0.0262675 0.0477946 0.0169357 0.0969212 0.0338117 0.0658039 0.0242361 0.0265596 0.00554647 0.0799955 -0.019925 0.0104871 -0.0113182 0.0158668 0.036017 0.000964455 0.0343165 -0.0417384 0.000448915 0.0212339 0.0326421 0.0347266 -0.0116505 0.0607736 -0.0213435 -0.00950607
internal_weight=22252.8 15447.4 6805.42 10514.4 4932.97 8683.81 3676.91 2964.3 2108.15 1693.42 3128.5 7073.06 2824.82 2848.9 1830.58 2219.61 1638.68 2264.53 1610.75 1272.79 1298.33 1325.62 1230.05 908.89 860.678 1171.56 1545.3 1291.64 395.09 560.285 794.817 1107.94 946.823 576.762 712.617 4224.16 1156.59 918.648 1063.49 378.157 292.852 482.521 465.162 475.675 528.966 416.997 659.022 770.635 668.578 372.987 443.261 476.221 309.499 1618.85 695.883 468.846 270.591 312.176 729.806 332.128 1130.6 414.733
internal_count=130188 92342 37846 63668 28674 52973 20032 16268 12009 9547 17814 43380 16665 17289 10695 12736 9089 13445 9593 7212 7375 7179 7352 5078 4632 6770 8585 7165 2172 3220 4464 6507 5524 3255 3764 26091 6938 5065 6052 2006 1627 2626 2641 2720 3097 2226 3925 4425 3917 2100 2466 2798 1751 9937 4050 2655 1527 1764 4320 1823 6780 2462
is_linear=0
shrinkage=0.05


Tree=3
num_leaves=63
num_cat=0
split_feature=51 53 48 66 71 8 53 71 53 63 51 40 61 40 40 40 62 21 51 61 67 53 8 53 67 53 12 65 3 53 66 42 68 40 1 40 41 40 8 8 41 41 40 51 40 70 66 40 18 40 67 52 24 61 41 48 27 62 8 53 40 81
split_gain=6146.03 1416.33 1313.26 596.458 564.589 436.209 411.387 267.426 248.183 228.245 182.238 150.559 143.188 141.322 133.793 131.143 117.35 116.952 109.542 107.424 86.6758 83.8883 81.5834 78.6597 69.5464 64.2209 60.3016 59.885 57.568 56.1274 55.1351 54.7334 53.4383 50.8877 50.7313 50.6279 49.3645 48.7464 46.1134 45.2882 44.5546 42.1834 40.1687 44.0954 39.1127 38.7683 37.694 37.5794 37.2125 36.9531 36.8543 35.8399 35.6157 35.3185 34.3236 34.1332 33.3499 32.7655 32.5519 32.545 32.4638 31.185
threshold=-0.28342318079274537 0.030494066203351579 0.76794871794871811 1.0000000180025095e-35 1.5000000000000002 0.37980769230769235 0.74279926796484019 1.5000000000000002 0.26335680874213957 0.82843137254901966 0.60419040342003771 13.500000000000002 0.97048611111111127 11.500000000000002 12.500000000000002 12.500000000000002 0.66626642387245594 0.42699665958092931 0.41193064757615577 0.68990384615384626 24.350000000000005 -0.32225949240593416 0.26969696969696971 1.4994315758992875 24.950000000000003 1.7204709395002806 1.0000000180025095e-35 16.500000000000004 0.49999924843674853 0.93751632444850197 1.5000000000000002 8.5000000000000018 11.750000000000002 11.500000000000002 0.23669467787114848 10.500000000000002 1.0000000180025095e-35 10.500000000000002 0.40588235294117653 0.31009615384615391 1.0000000180025095e-35 1.0000000180025095e-35 12.500000000000002 -1.3718374653553558 8.5000000000000018 -0.51639784946236478 1.0000000180025095e-35 11.500000000000002 0.29289215686274517 11.500000000000002 24.550000000000004 0.98611111111111127 0.324561403508772 0.77951388888888895 1.0000000180025095e-35 0.43095238095238103 0.20661367316467943 -0.20365645651696848 0.77350427350427364 -0.33168336482895117 13.500000000000002 -0.69092865707290108
decision_type=8 10 10 8 8 10 8 10 10 10 10 2 8 2 2 2 8 8 10 10 10 10 8 10 10 10 10 8 8 10 8 2 10 2 10 2 2 2 8 8 2 2 2 10 2 10 8 2 10 2 10 10 10 8 2 10 10 8 10 10 2 10
left_child=2 3 8 18 29 11 9 28 14 21 15 23 17 44 -1 -9 24 32 41 46 -15 53 31 -6 -10 30 27 39 -5 -3 40 60 36 -26 -22 -18 -8 -23 -17 55 -13 -2 -34 -44 -7 -39 54 -31 -12 -19 -24 -37 -47 -4 -16 -21 -32 -30 -46 -43 -11 -20
right_child=1 4 6 7 5 13 12 10 16 22 48 25 -14 20 19 38 35 49 61 26 34 37 50 -25 33 -27 -28 -29 57 47 56 -33 42 -35 -36 51 -38 45 -40 -41 -42 59 43 -45 58 52 -48 -49 -50 -51 -52 -53 -54 -55 -56 -57 -58 -59 -60 -61 -62 -63
leaf_value=0.024873641145617114 0.018914931974940603 -0.032275264699142929 -0.0012445283076273524 -0.032598462529713705 0.041645984294692823 0.062770924493352559 0.086685456167240993 0.0060515194262289324 0.034441991283559431 0.098698411405771971 -0.046653803032907698 0.047653811217869255 0.091730270586554613 0.0059893743824351621 0.039571584964797096 -0.0087491617091894139 0.07919940208509102 0.12427227955089391 0.0026708570391015263 -0.0049117255636340323 -0.027917460902944832 0.066876498962960315 0.059114774979459266 0.08987436055851511 0.042658544687593107 0.048495027609250244 -0.022114082288797233 0.035226246016150556 -0.054424445562527402 0.030482129678544148 -0.011607094277304001 0.046763804106442014 0.070491310345574251 -0.00063964095960058131 -0.0052298014527281302 0.031390795997482478 0.052914018173540203 0.04061958687999729 -0.030067239434070272 -0.0051286727397726545 0.010826875231904686 -0.010411481194404985 0.063612973598057621 0.027520602084442725 0.030596513601330783 0.0011750227206802288 -0.02296366253281128 -0.015824751751937191 -0.02539598812576209 0.079297116064179135 0.024488437494699616 0.059298751360266605 0.033339606581186447 0.024145362851714633 -0.010129149988620557 0.035296959011577832 0.013168462626262117 -0.044590860289987072 -0.0074279595232849098 0.016906688411541207 0.068199609429973149 -0.025795562884498982
leaf_weight=515.7341360449791 382.06253485381603 1024.8385531455278 287.23602913320065 576.68191097676754 468.48616509139538 57.051842510700226 178.65201655030251 434.06667847931385 301.41268746554852 128.93901982903481 1038.2364685684443 175.92003998160362 544.92603808641434 480.86389081180096 46.372919857501984 328.8213455080986 78.65862949192524 63.16747610270977 117.39168271422386 78.434047400951385 670.66620127856731 109.35892869532108 119.33507573604584 103.74824467301369 77.030252113938332 156.94088958203793 151.86334219574928 208.74019412696362 1836.3545478284359 49.766959801316261 198.70452964305878 233.28111580014229 107.08811943233013 520.43291147053242 390.01939471065998 589.98956248164177 296.36284156143665 471.21750296652317 1124.5023752450943 428.46846136450768 154.6913383603096 389.01019661128521 112.03927426040173 352.2792607396841 155.60710011422634 160.02206555008888 645.1117989718914 321.1026449650526 261.93530625104904 218.3281741887331 220.4708775728941 144.55682530999184 185.40985113382339 260.65308573842049 129.30334995687008 158.99241830408573 424.09016399085522 1661.2246043086052 87.345675945281982 150.34524838626385 333.62251603603363 527.79412351548672
leaf_count=2899 2161 6312 1625 3583 2575 323 931 2539 1675 670 6540 967 2761 2775 260 1965 413 315 707 455 4126 572 642 545 414 860 876 1162 11723 288 1165 1248 552 3001 2314 3285 1569 2589 6913 2528 872 2274 586 1911 880 893 3853 1944 1595 1117 1210 784 1022 1436 747 914 2440 10496 509 865 1742 3187
internal_value=-0.000210209 -0.0208413 0.0333256 -0.0328203 0.000656889 0.0113163 0.0523221 -0.038856 0.0128887 0.0390606 -0.0279924 0.0297117 0.0700617 -0.0054982 0.00238286 -0.0180543 0.0273792 0.0611074 -0.00483577 -0.00390628 -0.0116107 0.0263915 0.0570481 0.0505315 0.014903 0.0189461 0.0068734 0.011926 -0.0473463 -0.0262467 0.0140363 0.0668756 0.0533122 0.0050047 -0.0195879 0.0411345 0.0657708 0.0355614 -0.0252533 0.00458016 0.0305073 0.00622686 0.0428585 0.0363476 0.0258447 0.0312913 -0.0173796 -0.00954558 -0.042394 0.0897937 0.0367865 0.0369562 0.0184857 0.0108565 0.00313998 0.0220491 0.00525781 -0.0497679 0.0169517 -0.00277935 0.0768957 -0.02062
internal_weight=22205.8 13748.3 8457.49 8828.43 4919.84 3524.14 4382.39 7261.82 4075.1 2509.55 3187.56 1682.58 1872.84 1841.55 2363.02 1887.39 1712.08 1327.92 1566.6 1847.29 1541.55 1473.9 1035.65 572.234 898.876 1110.35 1026.5 874.635 4074.26 1395.71 953.406 695.843 1046.42 597.463 1060.69 813.205 475.015 926.008 1453.32 665.895 330.611 921.418 571.407 464.319 300.005 816.649 820.788 370.87 1300.17 281.496 339.806 734.546 345.432 547.889 175.676 237.426 622.795 3497.58 242.953 539.355 462.562 645.186
internal_count=130100 83443 46657 54548 28895 20351 23391 45354 23266 13649 19552 9424 9742 10927 13694 11417 9572 6981 9194 10795 9215 8137 5512 3120 5090 6304 5935 5059 25802 8544 5444 3660 5549 3415 6440 4482 2500 5076 8878 3897 1839 5300 3049 2497 1712 4504 4860 2232 8135 1432 1852 4069 1915 3061 1007 1369 3605 22219 1389 3139 2412 3894
is_linear=0
shrinkage=0.05


Tree=4
num_leaves=63
num_cat=0
split_feature=51 21 48 66 49 51 53 71 63 65 53 21 71 48 61 49 61 61 8 68 21 45 13 53 68 8 8 53 31 67 8 12 8 47 71 71 8 68 53 60 49 56 62 56 105 53 53 8 26 71 21 42 96 42 17 18 71 67 58 49 31 51
split_gain=5525.42 1555.98 729.296 608.216 553.912 326.155 305.057 269.947 204.482 180.157 157.216 153.787 141.102 124.163 123.44 110.804 106.589 106.212 104.223 94.1355 84.9555 77.7654 74.6094 62.8723 61.4467 56.5333 54.9602 54.3946 53.0737 48.5483 46.9811 42.5921 55.5752 42.574 41.998 41.2687 40.6222 40.5416 39.7076 39.1284 37.104 36.2751 35.7475 35.7446 40.601 33.628 33.2565 33.1524 33.0979 33.0247 32.7862 31.727 31.6906 31.5623 32.8593 31.5005 30.9646 29.8541 29.7146 29.4177 29.2682 28.9673
threshold=-0.49424849113466335 0.20807345358039744 0.72048611111111127 1.0000000180025095e-35 -0.014984013098367131 0.26476336428574515 0.84700452097500867 1.5000000000000002 0.8514705882352942 1.5000000000000002 0.77800848595429806 0.42699665958092931 1.5000000000000002 0.3708333333333334 0.73030303030303034 0.077958957451739863 0.6132478632478634 0.9472222222222223 0.44097222222222227 11.450000000000001 0.42699665958092931 13.500000000000002 1.0000000180025095e-35 0.28626199036326422 11.250000000000002 0.18465909090909094 0.37980769230769235 -0.58630764037310323 3.5000000000000004 25.150000000000002 0.36931818181818188 1.0000000180025095e-35 0.34313725490196084 0.075000000000000025 1.5000000000000002 1.5000000000000002 0.69615384615384623 11.65 0.89998173293325756 -1.640584320947972 1.395842949249303 0.25402254461704238 0.30865147576198843 0.31980312655944049 0.25699244383496089 -0.23064200663945869 -0.41152645393726012 0.44097222222222227 0.18128992612400904 1.5000000000000002 0.3402833511681827 9.5000000000000018 36.196153846153855 6.5000000000000009 0.32738095238095244 0.41277890466531447 1.5000000000000002 25.550000000000004 0.065813143879045979 -0.28865037518718822 2.5000000000000004 0.78866107545868103
decision_type=8 10 10 8 8 8 10 8 10 10 10 10 10 8 8 8 8 8 10 10 10 2 10 10 10 8 10 8 2 10 10 10 8 10 10 10 10 10 10 8 8 8 8 8 10 10 10 10 8 8 10 2 8 2 10 10 10 10 8 8 2 10
left_child=2 3 10 13 9 15 8 38 22 28 14 19 58 -2 37 35 26 20 45 23 49 25 24 -9 33 -10 -11 48 61 -12 46 32 -16 -4 -21 -5 -17 -1 -6 -25 -19 -29 -37 52 -45 -14 -26 -35 -15 -8 -18 -41 -36 54 -51 -24 -28 -27 -7 -39 -47 -3
right_child=1 4 6 5 7 12 17 11 21 16 29 -13 18 27 31 36 50 40 -20 34 -22 -23 55 39 30 57 56 41 -30 -31 -32 -33 -34 47 43 42 -38 59 -40 51 -42 -43 -44 44 -46 60 -48 -49 -50 53 -52 -53 -54 -55 -56 -57 -58 -59 -60 -61 -62 -63
leaf_value=0.0071764140400513076 -0.022658727799814309 0.032608905134407451 0.016347601718706774 -0.034428520321676807 -0.022369888699709274 -0.055125684651385357 0.023639701785456185 0.014341087149236662 0.082004967468031792 -0.0064006343600714784 0.052846599980386294 0.065149750550856242 -0.023327917800945779 -0.017612162252953503 0.033199578168506529 0.0079604701211493725 -0.0074567861441142058 0.064596892098016945 -0.040367589990470618 -0.039208985145147604 0.080248207864731635 0.03571755787476534 0.020589010611696192 -0.00053243310079254902 0.0065519060059283461 0.066991914674816411 -0.039185373057784238 0.0046939521369925245 -0.005523349069359829 0.025267536111217754 -0.0030449911977145582 -0.0034038953255379279 0.0092144892120868873 0.054833235436602595 0.018343820117560462 -0.026657610865291854 -0.022348685893733483 -0.026299486929181479 0.0053160121441140776 0.051987929530408872 0.09314979101999657 0.030462061972775952 -0.0051196579761695537 0.0065105375509806303 0.030539161887205193 0.037313128499974112 0.029267152563357879 0.015140846061808899 0.0067622382649725338 0.026242844515353015 0.021512222991215045 0.02515701052792051 -0.010208431552669482 0.04303143042462565 0.068775460891071324 0.07140847967577417 -0.023623615304668028 0.039871574917163984 -0.045188135015856071 -0.0011324997006228394 -0.0096858313900439683 0.0014045658403780458
leaf_weight=288.97064103186131 511.26680767536163 252.22122590243816 164.60248264670372 768.51986154913902 366.36565332114697 1217.1307458281517 115.69137842953205 303.29855138063431 283.09915137290955 286.5777396261692 256.72461347281933 224.23261606693268 569.58231508731842 244.62824112176895 532.02751705050468 408.55755737423897 492.6171648055315 188.11286300420761 1428.6527164727449 37.718626067042351 286.01514746248722 355.18234957754612 41.795450448989868 50.091892018914223 234.30548287928104 197.33315029740334 584.05212992429733 259.34326574206352 282.39707770943642 429.69067522883415 242.76369018852711 192.4424167573452 443.49636240303516 280.6428484171629 166.12435205280781 490.20913989841938 150.42151242494583 295.47983725368977 199.5166227221489 456.67478214204311 344.81240725517273 288.5344457924366 317.90555411577225 304.58191446959972 416.9544839411974 42.210294470191002 519.92140904068947 65.849254235625267 320.79146593809128 54.443832352757454 120.76894317567348 149.12020969390869 231.23797602951527 437.51398538053036 335.0950590223074 123.07652033865452 722.74407072365284 223.23264040052891 2139.6178330183029 191.01951913535595 140.94334053993225 105.43300560116768
leaf_count=1636 3088 1425 894 4884 2260 8045 608 1711 1422 1684 1363 1162 3492 1441 2955 2440 2968 934 9198 221 1402 1869 227 279 1290 1006 3668 1492 1625 2348 1360 1089 2505 1488 954 2995 933 1749 1190 2442 1658 1614 1930 1732 2324 251 2794 361 1882 282 700 818 1342 2267 1704 662 4436 1170 13926 1112 850 618
internal_value=-0.000265701 -0.0174362 0.0360114 -0.0300802 0.00300251 -0.0359634 0.0482492 0.0183559 0.037762 -0.0126706 0.015091 0.025848 -0.042365 -0.00228565 0.0078171 -0.0193504 -0.0194427 0.0644809 -0.0324345 0.021654 0.0562964 0.0549577 0.0268521 0.0332299 0.0233307 0.0646048 -0.0262571 0.00708235 0.0106722 0.0356442 0.0160776 0.0180789 0.022316 0.0374203 0.0120336 -0.0261281 -0.000221082 -0.007642 -0.0126163 0.0419295 0.083211 0.0182953 -0.0182016 0.0137945 0.020419 -0.0173443 0.0222285 0.0473552 -0.0037958 0.0489524 -0.00172738 0.0454357 0.00174443 0.0524604 0.0629133 0.0587274 -0.0306033 0.0527254 -0.0488068 -0.0164405 0.00128953 0.0234397
internal_weight=22174.4 15051 7123.34 9298.32 5752.73 7673.75 4493.49 2905.92 2731.8 2846.81 2629.85 2340.04 5538.14 1624.56 1943.44 2135.61 2206.76 1761.68 2181.39 2115.8 1228.76 1058.85 1672.96 959.185 1508.09 703.665 1593.37 1113.3 640.051 686.415 996.991 1167.97 975.524 511.095 1156.62 1576.63 558.979 775.47 565.882 655.887 532.925 547.878 808.115 1118.9 721.536 752.736 754.227 346.492 565.42 942.744 613.386 605.795 397.362 827.053 389.539 164.872 1306.8 420.566 3356.75 486.499 183.154 357.654
internal_count=130175 92020 38155 58461 33559 48944 23398 16435 14543 17124 14757 12985 35762 9517 11046 13182 13456 8855 13791 11823 6263 5467 9076 5250 8187 3598 9788 6429 3668 3711 5444 6549 5460 2743 6573 9809 3373 4497 3450 3539 2592 3106 4925 6352 4056 4593 4084 1849 3323 4861 3668 3260 2296 4253 1986 889 8104 2176 21971 2861 1101 2043
is_linear=0
shrinkage=0.05


Tree=5
num_leaves=63
num_cat=0
split_feature=51 21 49 66 49 51 71 40 68 52 63 51 56 51 40 52 71 40 52 64 106 64 64 68 23 41 52 3 40 71 40 67 52 40 40 17 66 40 9 52 40 71 40 97 21 12 60 4 105 29 52 56 56 42 51 40 55 21 41 52 40 71
split_gain=4933.81 1227.86 981.82 653.932 401.167 360.033 257.786 214.704 184.131 177.054 171.423 168.011 121.378 116.369 111.736 102.649 99.2574 89.0922 85.85 81.1505 77.179 70.9868 70.15 68.0759 66.6947 66.6443 66.5994 66.4199 59.0236 53.844 51.0656 50.479 49.3366 47.6519 47.5917 46.2189 45.7946 43.0428 37.8648 37.0131 36.7823 36.1338 35.0667 34.4695 34.3469 40.5984 33.8722 32.4254 32.2471 31.6649 32.574 31.3155 31.3116 31.134 30.8262 30.8054 30.767 30.5874 30.4142 30.0102 29.9861 27.3483
threshold=-0.23870351633788803 0.23392916311653889 0.28402790987164811 1.0000000180025095e-35 -0.014984013098367131 -1.1785726606132887 1.5000000000000002 13.500000000000002 11.550000000000002 0.66145833333333337 0.78869047619047628 0.59148204395881221 0.30444792878424437 0.60419040342003771 11.500000000000002 0.72902097902097907 1.5000000000000002 11.500000000000002 0.61651583710407254 0.5106177986459276 0.21155765392292342 0.20665145255855202 0.70960269441980262 11.65 0.50142857142857156 1.0000000180025095e-35 0.89087301587301593 0.6063324376158602 8.5000000000000018 1.5000000000000002 9.5000000000000018 25.150000000000002 0.39642857142857152 11.500000000000002 8.5000000000000018 0.24190177638453506 1.0000000180025095e-35 14.500000000000002 113.50000000000001 0.88562091503267981 10.500000000000002 1.5000000000000002 13.500000000000002 2.5000000000000004 0.42699665958092931 1.0000000180025095e-35 -0.40441170679127009 0.37122113997114009 0.61721611721611735 0.23097950623679914 0.92582417582417598 0.1926594290528737 0.18594647520527338 3.5000000000000004 0.51332286098842606 13.500000000000002 -0.39497118318339569 0.52007326007326016 1.0000000180025095e-35 0.69615384615384623 9.5000000000000018 1.5000000000000002
decision_type=8 10 8 8 8 10 10 2 10 10 8 10 8 10 2 10 10 2 10 8 8 10 10 10 10 2 10 8 2 8 2 10 8 2 2 10 10 2 10 10 2 8 2 8 8 10 8 10 8 10 10 8 8 2 10 2 10 10 2 10 2 8
left_child=2 3 9 13 14 10 27 18 26 17 15 20 31 32 41 -4 -10 -1 -7 23 -8 61 44 -11 34 43 56 -5 -20 -16 -22 58 -2 -27 -18 -13 53 -25 42 -31 -21 -3 -17 -12 45 -14 -28 -42 -34 -33 -51 -38 -36 -23 -29 -26 -6 -24 -9 -32 -58 -19
right_child=1 4 5 6 8 7 11 12 16 19 25 35 22 -15 29 38 24 21 28 40 30 36 57 37 55 33 46 54 -30 39 59 49 48 -35 52 -37 51 -39 -40 -41 47 -43 -44 -45 -46 -47 -48 -49 -50 50 -52 -53 -54 -55 -56 -57 60 -59 -60 -61 -62 -63
leaf_value=0.024356028061062518 -0.0015681593109395237 -0.014708424570255977 0.022693608981291594 -0.034845342749971107 0.0079269126658081442 0.031705804455349075 -0.02588154856417901 0.047107462524123261 -0.015021956194991276 0.02857083931606565 0.090244869539381142 -0.044747953281451563 0.024075794384104569 -0.020430272903136277 -0.034083724001319184 0.080524756479605566 0.065796218296065398 -0.032299452908231926 0.097424289616937707 0.070424376907071526 0.042390328368024623 0.050422804007285583 0.040820162047876647 0.01787241550579997 0.08748753698863887 0.086327480339520479 0.024189258272520366 -0.042567429252207536 0.054369116176729973 -0.018695521691928747 -0.011614787956503198 -0.013725514977273603 0.01515723616635609 0.05044834554443367 -0.0085201347621154718 -0.02339106629286854 -0.018550535686791856 -0.0097794843703171014 0.01892069063435288 0.0029623312918651383 0.040680392062028448 0.019108608587769818 0.050959074195996171 0.064982662406771682 0.060008561859629883 -0.0069915918543768654 0.063614528136077403 0.015964144672515345 0.055369135968434319 0.00094633515004716217 0.03985453351616268 0.0042269368472922777 0.014517164762565532 0.010032423852247025 -0.053082688641899328 0.026271031934458223 0.070946682031415353 0.085756081864540659 0.014229406566368313 0.019029168628914774 0.028124751511112364 -0.011697578778878323
leaf_weight=265.91248606145382 595.55091638863087 106.76731286942959 417.35018692910671 1311.22921615839 171.35967668890953 425.34242136776447 967.63232545554638 94.626815661787987 385.01520086824894 346.97972428798676 400.10205230116844 975.83387719094753 471.55948746204376 525.00410529971123 444.79209999740124 153.02685730159283 36.533476397395134 228.37531508505344 94.159923225641251 63.133438766002655 51.030660375952721 67.561762094497681 609.17450189590454 226.01099635660648 42.021847784519196 117.37656630575657 72.66189332306385 1281.6284392923117 570.60139045119286 796.71633738279343 802.75558507442474 260.91438016295433 446.74900391697884 483.00899128615856 204.58829268813133 347.18297864496708 231.29818667471409 369.28414677083492 62.808780983090401 261.75294888019562 312.10543908178806 296.09406074881554 323.81858921051025 226.95768357813358 49.967105612158775 134.760189473629 239.44837801158428 233.80893959105015 55.406952872872353 229.47721336781979 69.285093277692795 429.86292387545109 522.51685756444931 159.19569006562233 1631.1805728077888 41.691403687000275 46.266409426927567 40.453345626592636 272.01211212575436 87.809664845466614 338.49725110828876 548.55434437096119
leaf_count=1473 3488 639 2232 8609 936 2273 6066 496 2344 1897 1899 6479 2550 3219 2832 745 189 1407 460 321 293 356 3145 1253 208 567 394 8553 2877 4836 4941 1465 2510 2409 1188 2207 1382 2139 316 1559 1663 1672 1645 1099 247 745 1221 1298 308 1297 361 2499 2901 882 11124 216 239 193 1480 518 1861 3263
internal_value=-9.22016e-05 -0.0196832 0.0284268 -0.029857 0.00337168 0.0415653 -0.0361162 0.0311821 0.0184385 0.00764278 0.0573355 -0.0254745 0.0222829 -0.00109136 -0.0132334 0.041395 0.00600358 -0.00246408 0.0493682 0.0202152 -0.0159717 -0.00675989 0.0320976 0.0110022 0.0155635 0.0697201 0.0360614 -0.0442514 0.0606048 -0.0194977 -0.00577117 0.00842638 0.00816811 0.0575947 0.0108782 -0.0391654 0.00289813 0.00073126 0.0557893 -0.0133419 0.0344274 0.0101321 0.0605958 0.0812195 0.0205185 0.0171706 0.0545426 0.0301432 0.0196954 -0.00102665 0.0100723 -0.00375743 0.00803227 0.0222352 -0.0484722 0.0576701 0.02561 0.0437459 0.02282 -0.00857534 0.0334445 -0.0177872
internal_weight=22074.6 13085.7 8988.87 9078.99 4006.72 5506.78 7456.28 3322.33 2100.6 3482.08 2184.45 3232.25 2232.23 1622.71 1906.12 957.004 1232.37 1930.76 1090.1 1551.32 1909.23 1664.85 1305.91 942.275 847.352 1227.45 868.234 4224.04 664.761 1503.26 941.596 926.316 1097.71 600.386 763.639 1323.02 887.919 595.295 539.654 1058.47 609.048 402.861 476.845 627.06 656.287 606.32 312.11 545.914 502.156 559.677 298.762 661.161 727.105 226.757 2912.81 83.7133 556.123 649.628 366.639 890.565 384.764 776.93
internal_count=129884 81550 48334 58315 23235 28501 48790 17589 11697 19833 10912 20504 11979 9525 11538 4938 7046 11262 5610 8571 11818 9789 6880 5289 4702 5974 4651 28286 3337 9227 5752 5099 6306 2976 4278 8686 5119 3392 2706 6395 3282 2311 2390 2998 3542 3295 1615 2961 2818 3123 1658 3881 4089 1238 19677 424 3036 3338 1976 5459 2100 4670
is_linear=0
shrinkage=0.05


Tree=6
num_leaves=63
num_cat=0
split_feature=51 53 48 67 72 61 71 106 40 56 40 72 49 48 63 53 40 41 8 8 71 53 93 51 21 40 53 56 8 53 40 23 52 40 53 40 41 8 9 31 49 40 53 8 12 61 48 97 61 71 61 71 21 33 40 41 106 40 64 107 107 61
split_gain=4423.64 1229.79 908.812 468.527 429.454 284.323 265.063 237.23 217.442 189.546 188.071 162.119 120.746 113.302 110.978 102.98 89.1958 88.7767 79.6308 79.6213 78.4076 76.3653 65.931 62.1777 61.9983 59.2313 56.8063 52.8257 58.1088 51.9738 49.6657 47.9223 45.2916 42.312 41.1033 40.6205 40.1656 38.3273 36.9238 36.3616 36.0749 35.8789 34.8025 33.6011 33.2981 32.3265 31.9871 31.6108 31.3905 31.3856 31.2164 30.2039 28.9257 28.7985 28.3133 27.7056 27.4427 27.3366 27.288 28.6615 27.1037 26.8825
threshold=-0.21737833408109294 1.0000000180025095e-35 0.76794871794871811 24.350000000000005 inf 0.89444444444444449 1.5000000000000002 0.24742855799409894 12.500000000000002 0.28342491406459497 12.500000000000002 inf 1.5789267314167048 0.77525252525252542 0.60357142857142865 0.97680308985666775 12.500000000000002 1.0000000180025095e-35 0.62019230769230782 0.46410256410256417 1.5000000000000002 0.47960388156989903 0.32071428571428579 0.60419040342003771 0.38208887814925413 11.500000000000002 0.65020557898791742 0.41837956921186759 0.087121212121212141 -0.10928434788959109 8.5000000000000018 0.4412288046891355 0.89087301587301593 10.500000000000002 1.5341354214449672 13.500000000000002 1.0000000180025095e-35 0.34313725490196084 139.50000000000003 3.5000000000000004 1.1329225240564591 12.500000000000002 -0.3494651465410456 0.31009615384615391 1.0000000180025095e-35 0.84495192307692324 0.72474747474747481 4.5000000000000009 0.85357142857142865 1.5000000000000002 0.45643939393939398 1.5000000000000002 0.27294401818698499 459.00000000000006 8.5000000000000018 1.0000000180025095e-35 0.26320438906453419 16.500000000000004 0.70960269441980262 37.936157395539617 35.700381679389324 0.53229166666666672
decision_type=8 10 10 10 8 8 10 10 2 8 2 8 10 8 10 8 2 2 10 8 10 10 10 10 10 2 10 8 10 10 2 10 10 2 10 2 2 10 10 2 10 2 10 8 10 8 10 8 10 8 8 10 10 2 2 2 10 2 10 10 8 10
left_child=2 4 8 13 7 10 32 20 21 22 24 14 30 39 26 27 -11 -13 33 -9 61 48 35 41 42 -21 -10 49 -29 -16 -7 57 47 -6 56 -8 -32 58 43 -3 -30 -22 -4 -14 -44 -31 55 -5 60 -12 -27 -52 -38 -54 -23 -35 -18 -15 59 -17 -1 -2
right_child=1 3 5 6 18 12 9 19 11 16 15 17 38 31 29 37 34 -19 -20 25 23 54 -24 -25 -26 50 -28 28 40 45 36 -33 -34 46 -36 -37 52 -39 -40 -41 -42 -43 44 -45 -46 -47 -48 -49 -50 -51 51 -53 53 -55 -56 -57 -58 -59 -60 -61 -62 -63
leaf_value=0.024057227904245099 -0.050057082341998904 0.022906607535949253 0.023928626602789074 -0.015968477062210027 0.028149355819347761 0.095640602455633772 -0.00156656261738788 -0.002581217241453443 -0.019029838221729684 0.042561539254842656 -0.014474990096920293 0.04583454440608075 0.075844933532156017 0.039159079888377295 -0.003731982350676673 0.043955126513075357 -0.0059055966933995062 0.011719320629006644 -0.021686575914962824 -0.0037559435267014484 -0.0072991458003252453 0.083328621502998093 0.005848001478166295 -0.044816022818743667 0.088083101265489017 -0.040012874943832932 0.0053501489904592319 -0.0021256112452542482 0.020551685771018981 0.0063221462479923878 0.055234746465794383 0.073071283347840563 -0.007127798028490959 0.0062965970665702226 0.033467058898477217 -0.028038239718957365 0.024613344302295614 0.019480298010863609 0.029805821603677854 0.00044622205862594072 0.048307046037851631 -0.030924961835520012 0.062177807773986377 0.047699756969192458 0.024314383592366765 0.026223801249854489 0.034140299605571182 -0.035195617821231422 0.037950908934349603 0.012258273575952803 -0.03545497160306179 -0.012998437987087427 0.01362221741084093 0.052944635658556019 0.042993861495912694 -0.013405659834461301 0.015506989219529971 0.0052062906224184715 0.062844840662593868 0.00068017233804099314 -1.6067357506993848e-05 -0.036327963488356423
leaf_weight=264.85886913537979 2429.1500141322613 367.77713400125504 122.21551276743412 290.3211947530508 132.26569306850433 44.837829619646072 199.17136622965336 423.48575262725353 924.395861774683 266.06688903272152 129.21468183398247 285.41219317913055 738.21359542012215 476.03036254644394 574.27301970124245 284.21917237341404 348.13732175529003 573.74191224575043 569.70300884544849 224.88182300329208 204.99963577091694 51.615664169192314 337.72428269684315 801.87318286299706 116.97748294472694 584.28614984452724 321.58655226230621 129.85453300178051 219.23367354273796 426.0032562315464 372.24209876358509 97.592490971088409 261.08438320457935 307.64109747111797 137.44481374323368 532.22225154936314 351.8152828514576 173.2291060090065 58.230358764529228 352.46454887092113 256.52490770816803 755.18800069391727 305.69693127274513 131.71697221696377 73.843530267477036 392.11105269193649 54.894471615552902 838.11829541623592 181.15286760032177 702.72282172739506 286.32875934243202 316.56500747799873 58.032951802015305 253.18620406091213 308.89978311955929 422.3295152336359 260.93490573763847 68.077562272548676 176.72143590450287 44.226401224732399 208.70935355126858 433.73742663860321
leaf_count=1455 16917 2064 648 1866 751 214 1198 2567 5632 1402 736 1487 3461 2511 3369 1410 2056 3159 3482 1413 1235 254 1969 5483 540 3895 1826 700 1154 2406 1804 480 1610 1741 732 3388 1800 894 282 2032 1299 4857 1500 642 368 2121 316 5504 970 3803 1950 2000 283 1228 1590 2517 1473 366 856 221 1166 2944
internal_value=-9.8579e-05 -0.0191624 0.0262244 0.000726611 -0.0312564 0.0415049 -0.00902493 -0.0368317 0.0101587 0.00226472 0.0309942 0.00424192 0.0557949 0.0255691 -0.001903 0.0238836 0.0177588 0.0230926 -0.00702271 -0.0216048 -0.042869 0.030518 -0.012413 -0.0345253 0.055233 -0.0273042 -0.0127381 0.0162871 0.0275106 0.00779506 0.0443485 0.0408339 -0.0259279 0.00209989 0.00887378 -0.0208415 0.0420369 0.0399333 0.0690533 0.011931 0.0355871 -0.0258937 0.0474144 0.0716431 0.0548943 0.0158811 -0.00232021 -0.0302674 0.0202911 0.00809373 -0.0317579 -0.0237046 0.0345553 0.0456793 0.0489832 -0.00510502 0.00327823 0.0349283 0.0468946 0.0381477 0.0134701 -0.0479905
internal_weight=22036.2 12780.5 9255.72 4833.17 7947.33 4742.96 3471.23 6460.5 4512.76 2081.7 2734.68 3497.52 2008.28 1361.94 2638.37 2115.95 1012.58 859.154 1486.83 1835.55 4624.95 1015.24 1069.12 1762.06 618.733 1412.06 1245.98 1437.55 605.613 1392.39 1080.11 641.7 1389.52 917.131 746.517 731.394 1035.28 678.396 928.161 720.242 475.759 960.188 501.756 869.931 379.54 818.114 784.865 1128.44 654.721 831.938 1187.18 602.894 663.034 311.219 360.515 729.971 609.072 544.108 505.167 328.446 473.568 2862.89
internal_count=129997 80719 49278 28651 52068 23843 21198 43261 25435 12218 14129 20000 9714 7453 15354 11073 5663 4646 8807 11825 31436 5435 6555 11575 3056 9258 7458 7692 3153 7896 5329 3357 8980 5325 4261 4586 5115 3381 4385 4096 2453 6092 2516 4103 1868 4527 4574 7370 3591 4539 7845 3950 3311 1511 1844 4258 3529 2877 2487 1631 2621 19861
is_linear=0
shrinkage=0.05


Tree=7
num_leaves=63
num_cat=0
split_feature=51 21 48 66 48 61 71 40 71 40 51 63 40 53 48 52 49 106 71 67 8 3 68 52 8 8 66 53 22 40 53 49 40 41 42 53 71 64 40 53 62 56 26 40 53 55 8 40 52 71 40 7 53 22 62 23 8 23 56 63 18 26
split_gain=4041.35 1078.18 799.216 544.512 366.56 248.37 240.797 193.605 168.427 163.002 159.963 153.749 128.814 110.348 96.6113 87.0356 81.9599 75.0687 74.5206 66.6702 62.3791 61.7835 61.1302 57.8273 57.8193 55.1402 54.4223 54.2631 53.9307 53.8295 50.9226 46.2633 46.2019 39.3054 39.0832 38.1417 36.1627 36.1953 35.4532 35.4114 34.6501 34.4741 33.4044 33.0524 33.0119 32.7656 32.4768 32.2716 32.0748 31.7667 31.5167 30.953 30.8159 29.8261 29.7176 28.9623 28.9266 28.7819 27.6446 31.5008 27.5562 27.5213
threshold=-0.21737833408109294 0.22604606511792144 0.76794871794871811 1.0000000180025095e-35 0.6972222222222223 0.89444444444444449 1.5000000000000002 12.500000000000002 1.5000000000000002 12.500000000000002 0.60419040342003771 0.68465909090909094 13.500000000000002 0.030494066203351579 0.3708333333333334 0.98611111111111127 1.5789267314167048 0.27717715962807132 2.5000000000000004 24.850000000000005 0.36931818181818188 0.5257216789058895 11.350000000000003 0.48611111111111116 0.62019230769230782 0.087121212121212141 1.0000000180025095e-35 -0.67610387491164181 0.1508723452929466 12.500000000000002 0.68106226405134962 -0.44657591420263015 12.500000000000002 1.0000000180025095e-35 2.5000000000000004 0.82948217857188222 1.5000000000000002 0.25128127965091285 10.500000000000002 -0.59492455642805642 0.04665178531908213 0.81623450965191113 0.19224660281525902 10.500000000000002 0.072997862627738927 -0.38556617161480211 0.37980769230769235 9.5000000000000018 0.48611111111111116 1.5000000000000002 9.5000000000000018 3.5000000000000004 2.3022110814486028 0.1564916962399073 0.4321658094710204 0.50142857142857156 0.65686274509803932 0.29703635686149266 -0.62159357510749669 0.79705882352941193 0.29289215686274517 0.30909927239274071
decision_type=8 10 10 8 8 8 10 2 8 2 10 10 2 8 8 10 10 10 8 10 8 8 10 10 10 10 8 8 10 2 10 8 2 2 2 10 8 10 2 8 8 8 10 2 10 10 8 2 10 8 2 10 8 10 8 10 10 10 8 10 10 8
left_child=2 3 7 14 12 9 21 23 53 28 17 18 24 36 -2 22 34 29 30 33 25 -5 45 -1 50 -15 44 -16 47 -8 54 -21 -29 -13 -7 -18 -11 -38 -17 -31 -23 52 -24 51 -14 -10 -33 -4 -20 -26 -3 -25 -27 -6 -9 -36 -47 -48 -19 -60 -12 -34
right_child=1 4 5 6 8 16 10 11 15 13 60 19 26 20 27 38 35 58 48 31 -22 40 42 43 49 41 -28 32 -30 39 -32 46 61 -35 55 -37 37 -39 -40 -41 -42 -43 -44 -45 -46 56 57 -49 -50 -51 -52 -53 -54 -55 -56 -57 -58 -59 59 -61 -62 -63
leaf_value=0.012054886696224915 -0.020151152359610028 0.042314570249711018 0.062898287436368175 -0.028961049280546866 -0.017546676776592839 0.064279968131522022 1.7370037290874634e-05 -0.024103017982881853 0.014642038763282843 -0.019091844185087796 -0.041761411647911403 0.048360469785116517 -0.037430830424221122 0.008695653058744526 -0.0075697168482254801 0.083973811592954861 0.052370674758372815 -0.02819073202253973 -0.0049414213966566221 -0.0074747011932357142 0.013001485859691748 -0.050107036010737308 -0.012009877371229251 0.041363005318305217 -0.029181499260160299 0.033735495601140406 -0.025174977268172312 0.038914560808834237 0.081071544346339494 -0.037804070928071871 0.004782532715284722 0.022900366492469793 0.0041145756028089508 0.019731947824519706 0.035472445038555407 0.072606964608733615 -0.0028925156150652028 0.02134585729830997 0.041265813370470583 -0.018825276649381655 -0.039465915847857615 0.064171617937695866 0.015756066491250293 0.027118116170669088 0.0070282040234518287 0.046457945134810781 -0.0079330863307398025 0.035535479286400856 0.021744852308306611 0.00065040367606600355 0.0099933708032224344 0.082033913202451403 0.067563797821099628 0.029887815626669957 -0.0073483240886559808 0.066518879169584821 0.0023282942700893938 0.03351614244984516 -0.0018661261013483293 0.029518715970933303 -0.02235325433953457 0.045502598490255869
leaf_weight=345.07604257762432 500.71078510582447 98.140270680189133 157.59962326288223 663.37080332636833 307.10889746248722 174.83039152622223 233.04642595350742 597.44130864739418 170.60910955071449 112.47529217600822 998.40655593574047 188.59139950573444 49.635622829198837 147.89355093240738 417.31388065218925 62.079998016357422 482.86705985665321 73.939203307032585 181.05165123939514 322.14158776402473 368.36658357083797 1926.5885476469994 135.78753969073296 243.68692496418953 128.69356834888458 662.68604090809822 1126.1133631020784 158.43344780802727 122.38108447194099 417.93937107920647 371.42695195972919 477.62619896233082 443.29827803373337 333.45086726546288 843.10825400054455 484.7458430826664 258.26920475065708 379.8068490177393 239.57611310482025 605.26012364029884 1319.1439623087645 144.51422318816185 522.55731965601444 369.91635417938232 237.03393660485744 319.34489287436008 199.84023821353912 361.51234173774719 295.43868553638458 285.94867837429047 319.5581828802824 59.118190303444862 75.42656047642231 36.220183163881302 476.69203388690948 83.295441597700119 42.126450315117836 51.917233124375343 402.34647525846958 98.746132656931877 228.67215955257416 43.201752305030823
leaf_count=1899 3106 534 756 4509 1920 827 1413 3721 885 630 6978 949 299 755 2484 292 2285 467 1040 1847 1956 13917 758 1231 827 3326 7156 889 550 2758 2088 2607 2500 1802 4130 2173 1421 1993 1208 3893 9274 695 2869 1948 1345 1631 1176 1793 1600 1693 1851 294 353 220 2850 380 227 285 2469 597 1485 239
internal_value=-0.000148742 -0.0186301 0.024716 -0.0287406 0.00250787 0.0387844 -0.0347229 0.0095627 0.0190768 0.029034 -0.0242005 0.0039715 -0.0110399 0.0224143 -0.00206712 0.0263393 0.0519174 -0.0148272 -0.00551567 0.0155558 0.0307085 -0.042947 0.0202296 0.0287429 0.00456058 0.0370192 -0.0202276 0.00646807 0.0511451 -0.0216716 -0.0111667 0.00829018 0.0155491 0.0301469 0.0425066 0.062573 0.00693533 0.0115459 0.0503034 -0.0266068 -0.0457957 0.0417499 0.0100196 0.0372725 -0.000773048 0.03282 0.0152536 0.0439476 0.0116158 -0.00865653 0.0176703 0.0495473 0.0372791 -0.0124702 -0.0166812 0.0383326 0.0413356 0.000713326 0.000137304 0.0043651 -0.0381658 0.00787568
internal_weight=21984.1 12611 9373.19 8530.42 4080.53 4859.78 6967.46 4513.42 1835.41 2790.93 3058.36 3495.62 2245.12 2149.44 1562.96 1492.08 2068.85 1831.28 1922.05 1573.57 1398.89 3909.1 1190.43 1017.8 832.341 1030.52 1412.78 1062.25 641.493 1256.25 1445.56 1051.53 644.933 522.042 1101.23 967.613 750.551 638.076 301.656 1023.2 3245.73 882.627 658.345 672.721 286.67 532.08 729.384 519.112 476.49 414.642 417.698 302.805 738.113 343.329 1074.13 926.404 361.471 251.757 575.032 501.093 1227.08 486.5
internal_count=130053 80693 49360 56978 23715 24023 47760 25337 10010 14228 20060 19965 13705 11129 9218 7870 9795 11597 11299 8666 7085 27700 6370 5372 4905 5129 8800 6112 3099 8064 8659 5915 3628 2751 5337 4458 4044 3414 1500 6651 23191 4374 3627 3473 1644 2743 4068 2549 2640 2520 2385 1525 3679 2140 6571 4510 1858 1461 3533 3066 8463 2739
is_linear=0
shrinkage=0.05


Tree=8
num_leaves=63
num_cat=0
split_feature=51 52 71 66 49 40 8 8 71 106 53 64 64 3 51 56 51 17 40 71 53 51 13 40 97 48 8 53 51 106 40 26 48 41 40 13 71 56 8 40 65 64 40 53 40 13 56 67 20 56 27 71 69 67 40 63 51 53 64 22 41 87
split_gain=3608.8 1221.9 463.699 427.928 406.944 313.165 311.878 232.049 169.294 166.769 146.28 105.677 102.679 86.0859 83.1255 75.3409 75.2387 69.8678 64.9397 64.7693 62.0301 61.0511 60.0471 56.6031 55.901 52.9599 52.9151 47.0687 43.8073 43.7319 41.3193 40.7454 38.8515 38.3337 38.2882 37.8765 37.1755 31.937 37.3042 31.7407 31.2678 31.2353 30.2575 30.092 29.9058 28.9158 28.1289 27.0629 27.5633 28.0774 26.7224 31.2616 26.6539 26.5701 26.4652 29.0084 25.9972 25.1398 24.947 24.1644 23.6077 23.4925
threshold=-0.58275121030657517 0.56458333333333344 1.5000000000000002 1.0000000180025095e-35 1.3112674990288986 11.500000000000002 0.43303571428571436 0.42261904761904767 1.5000000000000002 0.22597129697095872 1.2568343296216919 0.79633514087789847 0.22552155821277189 0.43695725570725574 0.43776799394934052 1.0748194543070127e-14 0.60419040342003771 0.46770833333333339 12.500000000000002 1.5000000000000002 0.97680308985666775 0.28840154063977452 1.5000000000000002 10.500000000000002 1.5000000000000002 0.44281045751633991 0.28991596638655465 0.88215103710284071 0.31213527452357459 0.25403751661702595 8.5000000000000018 0.25356351109124492 0.3708333333333334 1.0000000180025095e-35 8.5000000000000018 1.0000000180025095e-35 1.5000000000000002 0.35782692849137127 0.095454545454545472 10.500000000000002 17.500000000000004 0.47311384543075014 13.500000000000002 0.89998173293325756 10.500000000000002 1.5000000000000002 0.30444792878424437 25.150000000000002 502.50000000000006 0.20458541919940523 0.20621171603277619 2.5000000000000004 13.300000000000004 24.250000000000004 13.500000000000002 0.54006410256410264 0.59148204395881221 -0.20302039663582225 0.78480876734042404 0.20740052791084176 1.5000000000000002 0.21850198412698416
decision_type=8 10 8 8 10 2 8 10 8 8 10 10 10 10 10 8 8 10 2 10 10 10 10 2 10 10 8 8 10 10 2 8 10 2 2 10 10 8 10 2 8 10 2 10 2 10 8 10 2 10 8 8 8 10 2 8 8 10 10 10 2 10
left_child=4 3 15 14 8 13 17 20 46 21 12 18 22 34 33 56 31 45 -6 -11 29 36 30 -14 -25 43 -13 37 42 52 -10 40 -15 41 -4 -35 -8 -20 -39 -38 -9 -2 -21 -17 -19 58 -1 -26 -49 -50 -22 -52 -7 -18 -12 -56 -3 -32 -5 -36 -31 -16
right_child=1 2 5 6 11 7 9 16 10 19 54 26 23 32 61 25 53 44 27 28 50 -23 -24 24 47 -27 -28 -29 -30 60 57 -33 -34 35 59 -37 39 38 -40 -41 -42 -43 -44 -45 -46 -47 -48 48 49 -51 51 -53 -54 -55 55 -57 -58 -59 -60 -61 -62 -63
leaf_value=-0.01065143429946336 0.0089097612891940875 -0.022584631076529763 0.072603118802687369 -0.021385635004578414 0.056685682124499509 -0.0098197305343726195 -0.04065990616390755 -0.015310669866607571 0.055486900763107694 -0.034326893828762937 0.058959345750137386 0.063037418060719622 0.051942677886675483 -0.003935545503639482 -0.026737769463266434 -0.024500310470813066 -0.0062275487648900431 0.047658188361523329 0.0066942540512181159 0.010622564634148691 0.011854337511586753 -0.047127776958925081 0.044803653841859754 0.01495919765791306 0.042449907479010451 0.010528362735999833 0.035294007028667265 0.043152804224727087 -0.027490771180063225 0.02666371470116807 -0.0071256112570387917 0.010420934268076824 0.030398717100244655 -0.0074892644456719011 0.036660068319658824 0.028911292178367572 0.011563492387127053 0.0020825944466564069 0.041764885891783898 -0.028135300099115818 0.0066359367348176219 0.042418423667292988 -0.01407089391290482 -0.00049080545514785167 0.0054944313187762894 0.020143032899946758 0.0087584209113500521 0.0093822725402483067 0.0066787437743330985 0.042568770165254392 0.02419648179219901 0.04904650346538067 0.010968202195633665 -0.028274050274128604 0.018485688827256919 0.045775073884243747 -0.040859613470946805 0.0092714716905430688 0.001815433885657912 0.073023522138922645 0.0069264970605904842 -0.005533958096427382
leaf_weight=365.1777279227972 358.75120723247528 412.15363956987858 139.66536888480186 700.63724003732204 300.63378143310547 328.95357066392899 898.14378429949284 501.6169740408659 37.177954152226448 813.47336378693581 240.1818108856678 910.59049719572067 208.80454397201538 127.1185846477747 373.00448332726955 444.16993294656277 194.23692551255226 49.925363123416901 240.98952740430832 181.28158077597618 202.52569967508316 2452.7500107586384 100.74950285255909 826.69242995977402 412.48290994763374 230.22056511044502 217.41048757731915 389.18590059876442 419.91899485886097 371.70282424986362 399.7614419311285 482.98700933158398 232.09080739319324 621.36171858012676 338.07331950962543 79.746338725090027 54.994633302092552 81.031137943267822 220.18085859715939 538.4147557914257 238.99595613777637 85.537975832819939 387.96458216011524 184.68850888311863 243.49966970086098 53.326915323734283 379.74699571728706 180.87234005331993 71.783225953578949 230.85496346652508 357.95918282866478 198.75131374597549 288.48272608220577 465.56287704408169 134.90271082520485 368.65411725640297 377.54135683178902 560.08562503755093 138.60072788596153 53.569629862904549 256.80387425422668 201.70736235380173
leaf_count=2062 1977 2672 675 4472 1391 1969 6392 3086 181 5772 1114 4091 1000 717 2357 2968 1135 270 1269 1057 1070 18085 535 4313 2053 1404 1026 1829 2832 2015 2291 2814 1246 3589 1714 456 316 417 1075 3499 1312 457 2458 1134 1409 330 2024 958 391 1198 1880 984 1557 3084 699 1783 2637 3037 852 243 1434 1260
internal_value=-0.00019018 -0.0138788 0.00263421 -0.0261443 0.0298217 0.0105221 -0.0316821 0.00439302 0.0210238 -0.0364991 0.0253234 0.0466481 0.020433 0.0372505 -0.00381862 -0.0202219 -0.00820775 -0.00832932 0.0364668 -0.0238776 0.0162267 -0.0422599 0.00821237 0.0273709 0.0243642 -0.00995672 0.0577262 0.0298867 -0.0152582 0.00934956 0.00447363 -0.000864942 0.0182712 0.00396856 0.0500238 -0.00331366 -0.0342287 0.0203025 0.0311319 -0.0244429 -0.0082291 0.0154419 -0.0062022 -0.017461 0.012806 -0.015284 -0.000758221 0.0330154 0.0248958 0.034106 0.0274853 0.0331402 -0.000105023 -0.0218031 0.0451878 0.0385154 -0.0313623 0.00244203 -0.0175564 0.0418072 0.018623 -0.0193184
internal_weight=21958.9 15080.9 6427.87 8653.04 6877.95 4779.1 6932.93 3888.58 4517.93 5746.94 3773 2360.02 3029.26 890.518 1720.11 1648.77 1883.4 1185.99 1232.02 1802.64 2005.18 3944.3 1097.77 1931.49 1722.69 859.079 1128 931.387 989.165 1245.94 997.025 1223.6 359.209 1145.4 531.308 701.108 1491.55 542.202 301.212 593.409 740.613 444.289 569.246 628.858 293.425 892.565 744.925 895.993 483.511 302.638 759.236 556.71 617.436 659.8 743.739 503.557 789.695 959.847 839.238 391.643 628.507 574.712
internal_count=130327 95590 37750 57840 34737 26935 47744 22340 23639 40411 19553 11098 15957 4595 10096 10815 11431 7333 5981 12119 10909 28292 6044 9913 8913 5506 5117 4590 6347 6975 5509 7212 1963 6479 2632 4045 10207 2761 1492 3815 4398 2434 3515 4102 1679 5654 4086 4600 2547 1589 3934 2864 3526 4219 3596 2482 5309 5328 5324 1957 3449 3617
is_linear=0
shrinkage=0.05


Tree=9
num_leaves=63
num_cat=0
split_feature=49 53 8 4 8 66 8 12 68 56 68 8 68 67 22 26 26 41 61 49 22 52 41 45 62 22 52 62 52 13 8 22 52 62 31 62 67 26 104 97 13 61 48 67 70 61 6 105 81 72 27 4 61 62 31 56 33 106 62 18 62 27
split_gain=3239.35 1152.44 537.232 513.264 351.054 243.08 201.5 200.746 200.353 135.231 98.8364 95.7546 85.6146 85.1119 83.8905 78.267 71.8521 66.2224 64.3421 63.9485 63.5537 56.1324 54.1403 52.2194 51.9697 50.7414 47.1731 44.0543 42.2172 41.8991 41.795 38.531 38.352 38.248 36.2688 41.9293 35.9978 35.6821 34.5099 34.3988 34.3914 34.0357 33.6598 32.5548 31.048 30.5709 29.9344 29.5184 28.9489 26.9135 25.8389 25.5512 24.488 24.3666 23.9119 23.3258 23.2328 22.9666 22.8622 22.4743 21.3859 21.6895
threshold=0.23614115965485136 0.083679093269433971 0.41421568627450983 0.61669973544973555 0.5590277777777779 1.0000000180025095e-35 0.37980769230769235 1.0000000180025095e-35 11.65 0.72191709223274436 11.65 0.70294117647058829 11.550000000000002 24.750000000000004 0.15783342289383556 0.25927176332308005 0.19719294789717326 1.0000000180025095e-35 0.97048611111111127 1.0690667879240205 0.13249391514898204 0.81534090909090928 1.0000000180025095e-35 14.500000000000002 1.0116710586337574 0.11835349493513785 0.98611111111111127 0.76609829167012988 0.31534090909090912 1.5000000000000002 0.18465909090909094 0.15555124558227743 0.9472222222222223 0.73632823712984286 2.5000000000000004 0.52637428174090217 37.650000000000013 0.21822695886936153 13.737715517241382 2.5000000000000004 1.0000000180025095e-35 0.43095238095238103 0.3708333333333334 25.250000000000004 -1.0743421052631577 0.63068181818181823 35.041666666666679 0.75595238095238104 -0.70286996969539306 1.0000000180025095e-35 0.2414970846869757 0.69195792633292641 0.44097222222222227 0.79786151874849709 2.5000000000000004 0.24176248292667102 461.00000000000006 0.28949705524913533 -0.079772879189613385 0.63397129186602885 0.23773718261930518 0.20174255829463897
decision_type=10 10 8 10 10 8 8 10 10 8 10 10 10 10 10 8 10 2 10 10 8 8 2 2 10 10 10 10 10 10 10 10 10 8 2 10 10 8 8 8 8 8 10 10 10 10 10 8 8 10 10 10 8 10 2 10 2 10 8 10 8 10
left_child=1 3 7 5 8 17 29 9 22 12 42 21 23 48 18 26 45 37 46 47 24 52 32 -2 39 51 27 38 -18 33 -21 44 36 59 49 -36 -3 -1 -10 -14 -24 -15 -6 -40 58 -8 -9 -11 -5 56 -44 -12 -4 -48 -30 -45 -17 -23 -13 -7 -19 -62
right_child=2 4 11 13 10 6 16 14 15 19 25 31 20 41 -16 34 28 60 -20 30 -22 57 40 -25 -26 -27 -28 -29 54 -31 -32 -33 -34 -35 35 -37 -38 -39 43 -41 -42 -43 50 55 -46 -47 53 -49 -50 -51 -52 -53 -54 -55 -56 -57 -58 -59 -60 -61 61 -63
leaf_value=0.0063244959369438483 0.051677931016007088 0.036866500387177994 -0.0085291479127373691 -0.00068048456713851776 -0.012247739647007733 -0.014044001211876073 -0.03899980172763743 0.018930359668685118 0.035261871083268934 0.03436940265917688 -0.020415957433071778 -0.013000918147813387 0.023337175444489593 -0.047112284516303164 0.052857448474076578 0.020992849656611714 -0.029539363875677717 -0.014369355750875445 0.032312175154294485 0.07278217437765197 0.045063252522228384 0.0039301743034344935 0.0097836956695021415 0.02682249105797295 0.039249308415464604 0.00035620719865301297 0.020560933882658082 0.014085889124491708 0.0013529389878585694 0.035873306831237087 0.04993893043797213 0.043149443511678078 0.0592462374410078 0.0088453944259896406 0.0018838330121339335 0.030709479851063065 0.0069276158166887095 0.033004154774474985 0.0055011393085759716 0.0036520444116472984 0.032399790379267809 -0.033439076595637905 0.0019513272793694946 -0.022131857347968839 -0.018023389632550315 -0.021211338488772283 -0.012268828428814446 0.064978632326552696 -0.028576821974239042 0.0021669639822142167 0.03070902951840539 -0.037102413787477653 0.011386102396445103 0.010220070837072054 -0.017773761075012953 -0.0031326639368561698 0.062875696035343792 0.034621803108687073 0.015538523003630615 0.01644933999205913 -0.012243147611493633 0.010307199688469406
leaf_weight=318.86328028142452 811.78987868130207 496.46940597891808 196.98086956143379 114.09005780518055 211.32611821591854 749.60122439265251 1237.5671744048595 232.28897504508495 38.027009382843971 437.32914800941944 547.24029393494129 125.22474816441536 565.96051123738289 2088.6843594610691 143.38781771063805 56.824246689677238 738.09868387877941 388.21589754521847 281.61783887445927 452.28166128695011 375.62785762548447 74.37799209356308 498.67405833303928 290.60970148444176 310.80506019294262 197.2596745043993 179.12091988325119 210.16456708312035 208.8431238681078 62.507279127836227 382.32643434405327 34.357772767543793 147.88347417116165 317.19295653700829 438.51596002280712 176.1856804639101 126.45445218682289 206.13345277309418 198.08756931126118 365.36917182803154 253.66190305352211 597.94553059339523 197.84189705550671 603.19310730695724 477.34589573740959 305.20649440586567 285.22251610457897 97.570836201310158 503.25316040217876 46.211139380931854 128.22593985497952 401.59278324246407 702.05691811442375 207.0082691013813 747.88374318182468 221.01015572249889 83.418736949563026 343.79628752171993 157.07314641773701 64.886161297559738 172.20508007705212 276.45569583773613
leaf_count=1724 3860 2516 1211 739 1285 4690 8719 1184 210 2192 3541 744 2933 15858 643 305 5079 2326 1327 2019 1756 388 2691 1464 1467 1225 955 1136 1354 366 1740 176 705 1802 2543 946 704 1098 1153 1921 1301 4381 1146 3705 2965 1966 1515 481 3307 263 748 2804 3878 1042 4972 1316 435 1718 863 380 982 1566
internal_value=5.22202e-05 -0.0136114 0.0271067 -0.0245074 0.00455355 -0.0155345 -0.0212108 0.0356862 0.0130225 0.0408755 -0.0144278 0.00580889 0.0343987 -0.0402322 0.0172047 0.00354177 -0.0276842 0.00293914 0.0120763 0.0537055 0.027045 0.0140722 0.0270207 0.0451559 0.0215643 -0.0227178 -0.0033904 -0.00678073 -0.0205558 -0.00365206 0.0623902 -0.00790006 0.0363351 -0.00586495 0.0160734 0.0101823 0.0308097 0.0168428 -0.0109261 0.0156267 0.017442 -0.0440827 0.00326135 -0.0126769 -0.0102627 -0.0354967 0.00417699 0.0400636 -0.0234308 0.0353371 0.0133196 -0.0275101 0.00701801 -0.00280955 -0.0136016 -0.0170472 0.0461742 0.0291853 0.00287749 -0.0115976 -0.0057927 0.00164394
internal_weight=21905.4 14555 7350.41 9097.63 5457.39 5793.66 4431.79 5239.2 3773.9 4089.67 1683.49 2111.21 2720.16 3303.97 1149.53 2250.76 3237.6 1361.87 1006.14 1369.51 1617.76 1317.21 1523.14 1102.4 1242.13 1146.09 1449.6 1270.48 1694.83 1194.19 834.608 794.002 770.807 1131.68 801.156 614.702 622.924 524.997 1060.32 931.33 752.336 2686.63 537.394 1022.29 759.644 1542.77 724.52 534.9 617.343 186.454 326.068 948.833 899.038 492.231 956.727 824.203 140.243 418.174 282.298 814.487 836.877 448.661
internal_count=130429 92942 37487 61309 31633 37024 29328 25544 20884 19833 10749 11943 13401 24285 5711 12967 22090 7696 5068 6432 8077 7195 7917 5324 6321 7570 8475 7520 11405 7238 3759 4748 3925 6872 4492 3489 3220 2822 6384 4854 3992 20239 3179 6174 4572 10685 3741 2673 4046 1003 1894 6345 5089 2557 6326 5021 740 2106 1607 5070 4874 2548
is_linear=0
shrinkage=0.05


Tree=10
num_leaves=63
num_cat=0
split_feature=51 53 49 68 68 61 106 71 40 53 48 56 51 53 4 12 8 61 8 53 40 63 40 40 40 71 71 12 22 22 40 22 1 70 62 71 8 40 40 40 51 2 8 26 24 40 40 60 29 48 64 81 106 56 97 42 72 53 2 68 49 30
split_gain=3032.57 860.056 536.239 350.247 347.418 255.535 182.654 179.145 146.049 132.232 125.345 112.012 104.192 94.1046 74.7039 71.8649 77.8171 71.2135 70.9611 62.4374 56.2505 55.9693 55.7004 55.6786 52.4065 58.2263 48.0834 47.4209 46.6323 46.6293 42.6992 41.2601 40.3476 39.4861 38.9555 37.8202 37.7259 34.2283 33.6986 31.8261 29.7656 28.7052 35.781 28.168 28.1395 27.4336 27.3386 27.2845 26.916 26.3615 25.5652 25.5453 25.3848 25.3719 27.2459 25.1038 24.6062 24.068 23.4791 22.8042 22.481 22.3621
threshold=-0.21737833408109294 1.0000000180025095e-35 0.28402790987164811 11.65 11.450000000000001 0.89444444444444449 0.2401419313107189 1.5000000000000002 12.500000000000002 0.2983130554030195 0.7834821428571429 0.34551184750356151 0.61727718464386083 0.95590259313838499 0.71531084656084665 1.0000000180025095e-35 0.18465909090909094 0.72474747474747481 0.5590277777777779 0.63544479917667507 10.500000000000002 0.68465909090909094 11.500000000000002 9.5000000000000018 11.500000000000002 2.5000000000000004 1.5000000000000002 1.0000000180025095e-35 0.09635836202764185 0.14557242074605134 13.500000000000002 0.23788707839955814 0.58114035087719318 -0.30701970443349763 0.76609829167012988 1.5000000000000002 0.35504201680672276 14.500000000000002 13.500000000000002 11.500000000000002 0.28840154063977452 0.43650793650793657 0.46410256410256417 0.19808114939266444 0.47213622291021679 15.500000000000002 10.500000000000002 -0.51989119113169746 0.22064286534267022 0.35147058823529415 0.53941467486313688 -0.23071156683809116 0.25403751661702595 -0.094375912760204642 8.5000000000000018 6.5000000000000009 1.0000000180025095e-35 1.151900906184588 0.045983086680761107 11.550000000000002 1.2333449738773925 0.24706375012316487
decision_type=8 10 8 10 10 8 10 10 2 10 8 8 10 8 10 10 8 8 8 10 2 10 2 2 2 8 10 10 10 10 2 10 10 10 8 10 8 2 2 2 8 10 8 8 10 2 2 10 10 10 10 10 10 8 8 2 10 10 10 10 8 10
left_child=2 4 9 10 12 8 14 29 19 17 22 32 20 21 26 16 55 37 50 41 -2 -10 47 -13 -11 34 -6 33 59 53 61 52 45 56 -26 -20 -23 44 -28 -37 -24 42 -4 -22 -1 -9 -17 -3 -15 -14 -8 -52 -25 -5 -55 -7 -19 -48 -27 -18 -30 -12
right_child=1 3 5 7 6 15 18 11 13 24 30 23 49 48 -16 46 28 27 35 -21 43 36 40 31 25 58 38 -29 60 -31 -32 -33 -34 -35 -36 39 -38 -39 -40 -41 -42 -43 -44 -45 -46 -47 57 -49 -50 -51 51 -53 -54 54 -56 -57 -58 -59 -60 -61 -62 -63
leaf_value=-0.0059637136590513021 0.024580465175618967 0.008936819362189076 0.042325006646837401 -0.036892458914019204 -0.04008591578595036 0.068192753870812195 -0.010587039706008328 -0.0064246427333461134 0.00051951153149485351 0.039816143706833736 0.035752543677486058 0.058595517844915047 -0.034477120376845159 0.016960640664045529 -0.048525650037741418 0.052326754230676564 0.041791839251403506 0.022528425871122332 -0.036060598337693352 0.055496667575757302 -0.013695957918673302 0.024686247133406086 0.010707206168902654 -0.0031978974380169633 -0.0010605458490210694 0.040374142657157684 -0.01164718400505994 -0.019204138399512721 0.038551258886203366 0.0087881829790954682 0.02287839796565359 0.048773323914389835 0.030140637833739159 -0.0034299935110027944 0.020290033615113199 0.0079847650241510054 0.0032937814973002621 -0.018197681643252885 -0.031661280611460285 -0.022761838789784161 -0.0085730424112171171 0.0024090896734146328 0.0055827841080025092 0.0023774535757173504 0.028336430499350647 -0.02424095363348628 0.013665265971305702 0.045933035622252601 0.035914672499932597 -0.014568740547262666 0.038283540733147964 -0.0043237044861752496 0.015683057311260636 -0.0086663719159389228 -0.029948459439463612 0.048380840558891948 -0.0026840072752914103 0.039302570177503764 0.011886438618393079 0.02366212415861247 0.060625121244812966 0.064309404944998802
leaf_weight=322.80362370610237 185.56402099132538 92.93074955791235 284.75194418430328 487.45745383948088 1438.1321825385094 420.49208544194698 320.97435423731804 444.79038026928902 894.69296179711819 220.53433150053024 186.57920928299427 60.445867419242859 354.27215623110533 284.18309836089611 1454.1872106939554 83.35509118437767 299.33500158786774 529.91349591314793 514.09156806021929 361.01185271143913 509.89545098692179 651.68127168715 347.14689235389233 375.53220374882221 575.8422482162714 226.04559713602066 298.34664012491703 151.13344040513039 210.51888419687748 91.233111292123795 506.4614949375391 59.474070534110069 51.326040670275688 323.84811770915985 338.57399605214596 101.43713916838169 301.69715240597725 666.0511159747839 725.37566815316677 481.06445905566216 470.02257917076349 90.821383506059647 86.700078308582306 583.77576196193695 72.337936922907829 420.99975228309631 317.35908843576908 107.96311897039413 565.95187275111675 317.23379594087601 63.036998763680458 77.664219632744789 336.99088859558105 248.12935849279165 385.07286615669727 281.53660336136818 118.10124503076077 128.8341810554266 107.74296344816685 426.49985885620117 280.25101786851883 113.82493875920773
leaf_count=1903 1045 510 1368 3480 10958 1822 2034 2749 4869 1062 905 286 2443 1366 11536 375 1390 2892 3849 1606 3106 3229 1960 2193 3272 1128 1967 861 983 564 2598 284 279 1878 1771 620 1640 4156 5121 3264 2856 453 443 3495 409 2752 1532 571 2681 2084 383 482 1820 1647 2603 1282 686 570 552 2042 1222 545
internal_value=-0.000105066 -0.0166459 0.0208854 -0.000118324 -0.0272985 0.0301173 -0.0337541 -0.0107347 0.0214817 0.00579421 0.0171062 -0.000496977 -0.00917443 0.0158466 -0.0395164 0.0425251 0.0470321 -0.00200741 -0.0192568 0.0399082 -0.000797584 0.00950455 0.00543051 0.0127742 0.0173896 0.0133986 -0.0341772 0.00676618 0.0393168 -0.025502 0.031813 0.00911535 -0.0125437 0.0108204 0.0068583 -0.0261748 0.0179271 -0.0112896 -0.0258456 -0.0174031 -0.000379403 0.0276408 0.0337871 -0.00512202 0.000371239 -0.015106 0.0261377 0.0289481 0.0296061 -0.0251076 -0.00280394 0.0149007 0.0057414 -0.0282989 -0.0216356 0.0603276 0.0179364 0.0211391 0.0312416 0.031186 0.051254 0.0467504
internal_weight=21834 12211.4 9622.6 4786.38 7425.05 5969.67 5474.31 2961.45 3521.49 3652.93 1824.93 1749.56 1950.74 2698.21 3916.04 2448.18 1918.63 2184.19 1558.27 823.285 1279.24 1848.07 1018.06 832.443 1468.74 1248.2 2461.85 1123 1216.6 1211.89 806.866 771.997 917.116 971.863 914.416 1096.59 953.378 1061.19 1023.72 582.502 817.169 462.273 371.452 1093.67 395.142 865.79 529.548 200.894 850.135 671.506 461.676 140.701 712.523 1120.66 633.202 702.029 648.015 446.193 333.789 725.835 490.77 300.404
internal_count=130432 80989 49443 28602 52387 28873 40214 18657 17655 20570 9945 10363 12173 13785 29582 11218 8741 12785 10632 3870 7646 9738 5897 4583 7785 6723 18046 6317 5637 8294 4048 4297 5780 5456 5043 7733 4869 6468 7088 3884 4816 2264 1811 6601 2312 5501 2477 1081 4047 4527 2899 865 4013 7730 4250 3104 3578 2102 1680 3432 2205 1450
is_linear=0
shrinkage=0.05


Tree=11
num_leaves=63
num_cat=0
split_feature=51 52 17 67 3 53 56 64 40 40 64 40 81 67 67 68 40 12 62 13 17 51 52 56 42 42 53 67 26 26 61 40 70 51 20 40 40 26 52 56 52 102 29 26 62 51 26 29 40 51 68 51 64 56 53 13 5 26 51 64 56 97
split_gain=2719.29 841.135 463.621 441.664 233.015 220.599 206.303 153.231 149.696 129.202 124.501 116.958 116.34 90.5928 84.1037 75.2063 67.8727 59.3314 57.9984 57.5384 56.5606 54.9522 53.6051 53.4973 51.4138 50.9797 49.9388 48.1326 47.1701 44.9945 42.4691 39.6526 39.5858 38.823 37.22 35.1956 33.0437 31.7657 30.9122 29.6803 29.6173 29.4924 28.8944 28.0163 27.9629 27.3476 26.9603 26.8259 26.3792 26.6427 26.3647 24.5009 24.3956 23.7287 23.2672 22.7477 21.7733 21.7454 22.1006 21.1599 20.6892 20.6344
threshold=-0.21737833408109294 0.69615384615384623 0.42582417582417587 24.650000000000002 0.55834027084027094 0.84700452097500867 0.28342491406459497 0.25128127965091285 9.5000000000000018 14.500000000000002 0.78480876734042404 11.500000000000002 -0.25415833449944458 24.650000000000002 24.950000000000003 11.65 13.500000000000002 1.0000000180025095e-35 0.10036701729058446 1.5000000000000002 0.32738095238095244 -1.6202447812830509 0.9104278074866311 0.075154413260768257 5.5000000000000009 7.5000000000000009 1.5341354214449672 24.750000000000004 0.20608503702766001 0.17755562852139486 0.65312500000000007 8.5000000000000018 -0.70000000000000007 -1.1236270817755725 1068.5000000000002 14.500000000000002 12.500000000000002 0.21136565477151625 0.90312500000000007 0.47734935515031934 0.57417582417582425 0.25431336186782955 0.27678987485021972 0.20115914199419452 0.60812407951543135 0.55166261738821276 0.23896383487341508 0.20499554367201428 11.500000000000002 -0.77866968430367434 12.350000000000003 0.77523692999389449 -0.056529754945568812 0.11568324099864885 1.2568343296216919 2.5000000000000004 0.51213203463203472 0.23839203514728222 1.1714403783665654 0.89249262103825788 0.54048169634821341 2.5000000000000004
decision_type=8 10 10 10 10 10 8 8 2 2 10 2 10 10 10 10 2 10 8 10 10 10 8 10 2 2 10 10 10 8 10 2 10 10 2 2 2 10 10 10 8 10 10 10 10 8 10 10 2 10 10 8 10 10 10 10 10 8 10 10 10 8
left_child=2 3 7 12 9 8 14 19 -4 28 17 37 29 25 36 38 -7 33 56 27 57 -18 34 43 61 39 47 -1 45 -2 51 -30 52 50 48 -35 -3 -8 -13 -9 -29 -31 -34 -11 -19 -5 -24 -17 -15 -50 -10 55 -23 -36 -39 -14 -6 -16 -59 -25 -37 -12
right_child=1 6 5 4 18 16 11 13 10 23 24 15 30 22 20 26 21 44 -20 -21 -22 32 46 59 -26 -27 -28 40 31 41 -32 -33 42 35 53 60 -38 54 -40 -41 -42 -43 -44 -45 -46 -47 -48 -49 49 -51 -52 -53 -54 -55 -56 -57 -58 58 -60 -61 -62 -63
leaf_value=0.0075067433695331226 -0.0090269675058018608 0.028650003978769812 0.057705965491842343 -0.0066658058984254628 -0.038123802123146248 0.05611306772292271 0.019223432601143134 0.027958039775131963 0.035867795444709111 -0.041594735056825788 0.054051453678883359 0.013781562381341645 -0.01745823930781713 0.022192371330496591 -0.028542767110498808 -0.020687157547525009 0.060121064327070775 -0.018515854312030327 -0.026143658525780007 0.02751910291500384 0.0028534728370995278 0.018300507403703085 0.013202987937508402 -0.019959174346752945 0.023301509781940268 0.012463756162329025 0.023450562386799104 -0.0197277172902732 0.036152946323153155 0.0050312699768721636 0.0057480039352778775 -0.0046537579933560143 0.014028827250148916 0.021658274500605618 -0.00090568829361976563 -0.0047070281268259042 0.00081756926211769504 0.04029102913520928 0.037034564553481135 0.052112735478562433 -0.0039035791854300835 0.025024276514685841 0.037411700855101593 -0.028025808597933796 0.0060833429172709261 -0.029048679300664893 0.041396695265144792 0.001083484940570969 0.0061591712233049108 -0.011141695201673142 0.010346775605434913 -0.031430104672589963 0.046392745851512138 0.023404196119618546 0.07264405944356507 0.023866707848028586 -0.048006427869680457 -0.0058452701852364803 -0.037433392118017293 0.0085516038873333141 0.016707398414175435 0.030356607293019252
leaf_weight=456.08005905151367 373.07194409519434 153.4108402878046 262.96229626238346 226.78797882795334 908.0066284686327 650.96297933161259 109.7661534100771 303.3107268512249 305.6297282576561 726.53186820447445 261.78069265186787 333.62210202217102 477.02070020884275 112.75777651369572 499.07646705210209 214.05119258165359 204.89098036289215 211.13175490498543 532.09684080630541 135.3742079436779 318.21908123791218 95.444689050316811 176.12170700728893 438.53519594669342 717.15827372670174 299.86116860806942 179.86776238679886 574.80298560857773 64.622647933661938 537.64086484164 165.97371883690357 640.44047544896603 362.97525770962238 359.61205987632275 141.41913363337517 387.06438647210598 344.91095565259457 168.01245291531086 251.70107774436474 225.0061297416687 609.11899062991142 280.33961810171604 208.70911203324795 825.08325881510973 252.88669128715992 344.49870187789202 165.04451712965965 413.43904893100262 403.48829758167267 493.85047927498817 152.62550681829453 377.63797338306904 450.29039496183395 344.29607301950455 87.55123096704483 34.938183218240738 1582.7992405742407 277.46662747859955 68.347692608833313 75.808456383645535 158.01456126570702 149.18381291627884
leaf_count=2477 2271 819 1213 1517 7132 2834 563 1470 1482 5396 1169 1748 2923 573 3413 1337 878 1156 3947 730 1886 460 870 2963 3474 1540 961 3621 384 3197 996 4240 1705 1833 791 2134 1977 840 1220 1053 3453 1639 960 5861 1316 2469 798 2444 2120 2912 753 2560 2037 1825 400 206 12680 1816 477 496 812 680
internal_value=-0.000246343 -0.016096 0.0195513 -0.0244258 -0.0311521 0.0296956 0.00488359 0.00768783 0.0216131 -0.022043 0.0183829 0.0168184 -0.0053634 0.0152664 -0.00774747 0.0101974 0.042859 0.0103091 -0.0412131 -0.00369114 -0.0151071 0.0362966 0.00906812 -0.0297679 0.0314376 0.0289872 0.00029899 -0.00628259 -0.00952545 0.00534677 -0.0174418 -0.000867708 0.0318783 0.0155637 0.00498044 0.00954004 0.00942614 0.0419614 0.0238269 0.0383244 -0.0115965 0.0119055 0.0226158 -0.0344021 -0.00512522 -0.0201904 0.0269233 -0.00636408 -0.000492145 -0.00336417 0.0274089 -0.02177 0.0415221 0.0163389 0.0516145 -0.014597 -0.0444205 -0.0218671 -0.0121784 -0.0157486 0.00152009 0.0455446
internal_weight=21663.1 12031.3 9631.86 8611.83 6365.21 5191.32 3419.44 4440.53 3218.05 3342.31 2955.09 1758.01 2246.62 2665.16 1661.43 1392.68 1973.27 1826.96 3022.9 1775.38 1163.11 1322.31 1836.98 2065.96 1128.12 828.178 807.358 1640 1276.35 1191.05 1055.57 705.063 1117.42 1362.95 1495.81 904.691 498.322 365.33 585.323 528.317 1183.92 817.98 571.684 1551.62 464.018 571.287 341.166 627.49 1010.1 897.339 458.255 889.597 545.735 485.715 255.564 511.959 2490.81 844.891 345.814 514.344 545.079 410.965
internal_count=129907 80778 49129 60877 47085 24896 19901 24233 16022 23326 14809 9513 13792 13952 10388 7710 8874 9486 23759 10281 7592 6040 9889 14716 5323 4063 4742 9551 8610 7107 6685 4624 5162 7014 8221 4779 2796 1803 2968 2523 7074 4836 2665 11257 2472 3986 1668 3781 5605 5032 2235 5689 2497 2616 1240 3129 19812 5706 2293 3459 2946 1849
is_linear=0
shrinkage=0.05


Tree=12
num_leaves=63
num_cat=0
split_feature=51 52 48 49 65 40 62 40 71 63 71 40 51 71 40 71 71 40 40 13 71 80 12 53 23 22 40 53 52 49 58 56 68 49 49 56 53 80 64 42 68 40 2 21 64 21 52 27 21 73 56 9 6 61 56 40 53 68 71 40 100 62
split_gain=2453.97 728.162 533.649 339.94 278.831 235.857 176.293 165.002 154.706 114.384 110.697 108.3 86.5592 75.2849 68.8886 68.2058 65.9166 63.7201 63.5768 63.4371 60.452 56.7807 53.5852 49.9714 47.0972 45.3862 45.2891 43.89 42.7791 39.4632 39.0479 39.0072 35.0164 34.168 33.8159 33.6265 33.6155 32.8749 32.7773 32.3077 29.4769 29.4131 28.7323 28.5262 28.0608 36.3524 27.8564 27.5533 27.1788 26.8 26.5896 25.9577 25.6496 25.5041 25.414 24.6489 24.1855 23.3364 23.0873 22.9773 22.2244 21.6313
threshold=-0.16372470417573629 0.53229166666666672 0.89087301587301593 -0.1118603343387249 1.5000000000000002 12.500000000000002 0.5072663286440352 13.500000000000002 1.5000000000000002 0.87083333333333346 1.5000000000000002 12.500000000000002 0.98002756394984358 2.5000000000000004 8.5000000000000018 1.5000000000000002 1.5000000000000002 8.5000000000000018 12.500000000000002 1.5000000000000002 1.5000000000000002 0.42261904761904767 1.0000000180025095e-35 0.0099527823077361788 0.17881369573215602 0.1543994877343611 9.5000000000000018 -0.8916486924900634 0.89087301587301593 1.5446408944987011 -0.11837180017631917 0.1926594290528737 11.65 0.063180240671438168 -0.69631874400443816 0.13028779048947084 1.0150719459307849 0.75735294117647067 1.0448700361234693 6.5000000000000009 12.250000000000002 14.500000000000002 0.09449404761904763 0.32260137656522109 0.50106604270801469 0.39502248658547262 0.85504201680672276 0.24434284639419815 0.37932569779224373 1.0000000180025095e-35 0.16721232079906376 112.50000000000001 36.841666666666676 0.64852941176470602 0.82787502368723243 11.500000000000002 0.89998173293325756 11.550000000000002 2.5000000000000004 10.500000000000002 4.5000000000000009 0.98471350242954958
decision_type=8 10 10 8 10 2 10 2 10 10 8 2 10 8 2 8 8 2 2 10 8 10 10 8 8 10 2 10 8 10 8 8 10 10 10 8 10 10 10 2 10 2 10 10 8 10 10 10 10 8 10 10 10 8 8 2 10 10 8 2 8 8
left_child=2 4 5 11 21 14 13 17 30 16 56 40 18 23 -1 46 -4 -5 -10 24 -13 55 27 -7 61 57 -18 -17 35 58 -6 -29 39 -20 -15 -28 50 38 -33 47 48 -25 -36 -34 45 -26 -8 -12 49 -3 -22 -37 -40 -23 -31 -2 -9 -19 -11 -32 -43 -16
right_child=1 3 9 7 8 6 15 10 12 29 32 20 -14 34 19 22 26 25 33 -21 36 53 -24 41 44 -27 28 31 -30 54 59 37 43 -35 42 51 -38 -39 52 -41 -42 60 -44 -45 -46 -47 -48 -49 -50 -51 -52 -53 -54 -55 -56 -57 -58 -59 -60 -61 -62 -63
leaf_value=0.051634221682165686 0.023449963017009814 -0.0089152055822451868 0.00086511661512665271 0.060855175794098985 -0.051065310884664872 -0.020328140621646635 -0.0091444693991212522 -0.029135374840225988 0.0003994684669126606 0.023409118235965885 0.01290959967733793 -0.033382879131638919 -0.039745603896829129 -0.023566643346338505 -0.0044206586236997828 -0.0031975096499188027 0.063322369750870494 0.026487518087980895 -0.026469370007618804 0.053290789134716368 -0.024023786665461802 -0.021384184001229264 -0.0012665162930660598 0.013620655798770864 0.011969361163613294 0.046845612702864949 0.007180796299046114 0.0088404106013751579 0.039690287878242345 0.044636671311666543 -0.019433886869057136 0.02400833165672292 -0.006837114303203367 -0.004069056254085472 0.022838420737831006 0.030938143778324809 0.0013726264980339882 0.010126631020257126 0.029344717202376049 0.0038160457051260605 -0.010636239480792058 0.0028265670312833066 -0.00024433369028749286 0.014810902327567139 0.034614025289913752 0.056298066403563267 0.01728191066551326 0.040318657636456312 0.051093499749153226 0.019763323144797167 -0.0060406185091312833 0.00049728949312022937 0.057430038770157822 0.0059050185610940477 0.062093754370741897 -0.00099352723666438678 -0.0030128232113059796 0.0080540565091013344 0.048408315615384549 -0.038988271046325636 -0.015611395733812903 0.023742026194306289
leaf_weight=236.89862178266048 129.83138789236546 146.14267338812351 214.43918476998806 116.93002711236477 718.35226407647133 779.48150932043791 427.99633584916592 301.26880411058664 389.02696195989847 243.11986839771271 199.2563187032938 680.7517923116684 579.71362812072039 68.939477443695068 255.23733773082495 195.35704432427883 97.550520405173302 307.06795185804367 1031.8924817219377 148.0972695723176 730.31914927065372 538.83575483411551 368.55845978856087 204.69989013671875 436.94556938111782 145.68435135483742 274.82617378234863 456.10285785794258 533.44936123490334 496.35294242203236 166.90584950894117 867.27172748744488 492.72535590082407 204.31291102617979 326.56063101440668 658.2314588278532 253.79527941346169 280.46478579938412 178.96250037848949 312.43307280540466 245.43222579360008 278.37959158420563 229.07259760797024 218.97860218584538 400.6787738353014 50.886926859617233 128.94443966448307 171.12433850765228 38.180459275841713 181.80085427314043 287.06565978378057 78.392052829265594 155.05534785985947 101.3093603104353 385.40652258694172 486.87017083913088 125.70441009104252 390.82089508324862 152.14303806424141 1840.9960026443005 393.89800848066807 91.925736919045448
leaf_count=1100 735 937 1065 567 6154 4960 2482 2155 2467 1103 1008 5126 4546 391 1392 1067 421 1550 7438 723 4967 3481 1933 1130 2221 687 1392 2418 2345 2159 1299 4398 2991 1338 1715 3122 1562 1438 858 1674 1614 1551 1220 1167 1899 231 659 848 201 1010 1810 383 731 610 1626 2858 783 2298 674 14702 2290 465
internal_value=-0.000242151 -0.0159979 0.0177597 -0.00247968 -0.0276731 0.0100431 0.00497017 0.00962236 -0.0330306 0.0348898 0.000776464 -0.0156119 -0.0231649 -0.00554886 0.0267437 0.012814 0.0269418 0.0263794 -0.0172298 0.0224483 -0.0213619 -0.00664352 0.0163356 -0.011125 0.0187117 0.0215342 0.0303438 0.0193759 0.0282218 0.0464167 -0.0409985 0.0216521 0.00759829 -0.0227735 0.00923396 0.0221399 -0.0149031 0.025587 0.0291851 0.0156784 0.00274538 -0.00293112 0.0133387 -0.00016497 0.0248078 0.0166991 -0.00300615 0.0256477 0.0117203 0.00699495 -0.0189606 0.0277037 0.0425148 -0.0170629 0.0523287 0.00418208 -0.0214697 0.016191 0.0331296 -0.0373733 -0.00798367 0.00308335
internal_weight=21627.9 11533.5 10094.3 5345.48 6188.05 6960.42 5339.75 2781.99 4931.2 3133.91 1821.49 2563.49 2204.95 2281.03 1620.67 3058.71 1856.89 960.503 1625.23 1383.77 1951.93 1256.85 2501.77 1656.46 1235.67 843.573 1642.45 2133.21 1544.9 1277.02 2726.25 1937.86 1394.52 1236.21 624.573 1011.45 1271.18 1481.75 1201.29 682.814 611.556 876.977 555.633 711.704 888.511 487.832 556.941 370.381 366.124 327.944 1017.38 736.624 334.018 640.145 881.759 616.702 426.973 697.889 395.263 2007.9 672.278 347.163
internal_count=130145 78583 51562 32955 45628 37272 29241 15728 37944 14290 10626 17227 15789 13257 8031 15984 8728 5102 11243 6931 13465 7684 12843 9931 6208 4535 7663 10910 7242 5562 22155 9843 7688 8776 3326 4897 8339 7425 5987 3530 3762 4971 2935 4158 4351 2452 3141 1856 2148 1947 6777 3505 1589 4091 3785 3593 2938 3848 1777 16001 3841 1857
is_linear=0
shrinkage=0.05


Tree=13
num_leaves=63
num_cat=0
split_feature=51 51 71 40 53 21 53 61 51 26 21 66 70 52 66 106 40 71 66 10 40 22 3 40 40 42 17 68 9 105 55 21 40 26 63 13 2 59 106 63 97 105 24 68 56 40 42 53 52 69 40 13 9 28 61 26 51 40 71 70 2 56
split_gain=2350.14 816.607 418.009 281.998 275.078 194.625 193.235 133.244 129.564 111.13 100.967 90.6111 90.606 80.3288 72.5811 72.4837 69.1056 65.0236 60.0687 56.6606 53.3721 52.5695 49.6823 45.4895 42.2512 41.1783 39.9002 39.2862 38.2036 37.0605 36.2917 35.9738 34.8806 33.4129 31.8449 31.1633 31.1233 30.9423 30.2524 29.9409 29.8575 29.7317 28.464 27.5196 26.5472 26.4545 26.426 24.4029 24.0841 25.5868 23.9699 23.8397 24.5618 24.8492 23.0418 22.6135 22.4506 23.5114 22.1573 21.7488 22.5427 21.5523
threshold=-0.50455824978777275 0.42424411180780075 1.5000000000000002 12.500000000000002 0.26335680874213957 0.18879462086462143 -0.3589114420334279 0.77525252525252542 -1.3718374653553558 0.24988849241748443 0.49459443665264147 1.0000000180025095e-35 36.921244358478411 0.53452380952380962 1.0000000180025095e-35 0.25403751661702595 13.500000000000002 1.5000000000000002 1.0000000180025095e-35 45.000000000000007 12.500000000000002 0.12362449096906718 0.60351493744350904 8.5000000000000018 13.500000000000002 6.5000000000000009 0.14907407407407411 11.350000000000003 77.500000000000014 0.35301379811183736 -0.48297887901116127 0.38208887814925413 8.5000000000000018 0.25927176332308005 0.3708333333333334 1.0000000180025095e-35 0.04819976771196284 0.53850002178368961 0.24993135639758376 0.81534090909090928 6.5000000000000009 0.50396825396825407 0.65686274509803932 11.750000000000002 1.0748194543070127e-14 14.500000000000002 5.5000000000000009 -0.67610387491164181 0.22902097902097904 0.19309523809523557 13.500000000000002 1.5000000000000002 77.500000000000014 0.27028091921708947 0.77525252525252542 0.28335852468563688 1.1714403783665654 9.5000000000000018 1.5000000000000002 -1.5585784313725497 0.18350168350168353 0.35782692849137127
decision_type=8 10 8 2 10 10 10 8 10 10 10 8 8 10 8 10 2 8 8 10 2 10 10 2 2 2 10 10 10 10 10 8 2 8 10 10 10 10 10 10 8 10 10 8 10 2 2 8 10 8 2 10 10 8 10 8 10 2 10 10 10 8
left_child=4 2 13 9 7 11 18 17 39 23 16 -3 15 40 50 33 30 -1 -5 24 -15 26 -13 -4 -9 38 -16 36 48 58 -10 32 -11 -8 -19 59 -18 -29 55 45 -2 47 46 -22 -45 -6 -21 -25 -26 -50 -7 52 -39 -54 -32 -14 57 -28 -20 60 -36 -17
right_child=1 5 3 6 8 14 12 19 10 31 -12 22 25 20 21 61 27 34 29 42 43 -23 -24 41 28 -27 56 37 -30 -31 54 -33 -34 -35 35 -37 -38 51 -40 -41 -42 -43 -44 44 -46 -47 -48 -49 49 -51 -52 -53 53 -55 -56 -57 -58 -59 -60 -61 -62 -63
leaf_value=-0.02246900154378112 -0.019720941449425457 -0.016280820321237167 0.035660190053729245 -0.0035323513834241817 0.049879732402109807 0.014186608959329878 -0.019485293479879987 0.037167677941252801 0.012870192079538594 0.058463135580854531 0.049658252001642825 -0.030173286511428522 0.0071435298998898432 0.010672161980752201 -0.032372569265185107 -0.0015634475123211125 0.036943533564397134 -0.0096179201478992175 -0.048385561478992596 0.013548476249224875 0.0061506858252737976 0.00053954853128421968 -0.04544824820650209 -0.01250022037308147 0.0073269701748838491 0.0049818427302761904 0.02892689303229309 0.0013064100910961539 -0.00087432278273770047 -0.0066717439229114122 0.028796107951363521 0.058731894038038815 0.024543793388063038 0.00069951300745797306 0.024124067838445857 0.040864796838785966 0.014504983778802528 0.019619847612336271 0.034330388144989482 0.05336148007964267 -0.035675958737523654 0.029509711088534396 0.023086824450711467 -0.026837422918899713 -0.0066723027553384946 0.026631402981331612 -0.012843202719111655 0.0077195497203137496 0.017990428178749015 0.03673803058359823 -0.0092756162852349715 0.051755950353207986 -0.019035776959182772 0.02312155766078057 0.047308101307546813 0.036355852623158151 -0.029995422769859545 -0.012696816155973024 -0.02552503604968159 -0.00094396646229640891 -0.0047316298824210991 0.014469224228997393
leaf_weight=270.14494360983372 470.1584722623229 456.43056723475456 150.35818457603455 538.39623084664345 214.7464727461338 196.50333651900291 621.90663248300552 452.92734861373901 167.22408285737038 91.183677941560745 377.68530094623566 792.39359486848116 315.76775185018778 220.5621684268117 821.99655414372683 375.89461183547974 350.83138661086559 282.01070329546928 126.47539086639881 162.56977692246437 112.50064485520124 230.53826850652695 1683.7517544925213 201.4022990167141 188.62967219948769 659.81720754504204 36.218162380158901 455.43200267851353 198.22236314415932 238.0864123404026 316.26389598846436 141.90136411786079 451.82166147977114 305.51378493756056 244.03725682199001 72.682183593511581 279.23145818710327 640.10292182862759 301.51257039606571 574.03780983388424 800.3472308292985 115.61718741059303 163.00373612344265 505.40209995955229 242.0514240115881 295.19532220065594 224.7921064645052 567.11850009858608 367.26896287500858 367.25245940685272 241.5603087246418 47.087873890995979 91.110065087676048 55.345680564641953 377.0821800082922 83.098587110638618 183.97088845074177 388.74710024148226 689.7531535550952 411.97573035955429 93.111811414361 472.35279375314713
leaf_count=1612 3423 3033 767 3112 946 1122 4016 2150 768 439 1643 6127 1667 1372 6220 2211 1602 1596 1015 820 746 1418 14527 1228 959 3572 219 2372 1018 1512 1451 631 2370 1855 1249 372 1352 3122 1500 2420 6444 594 773 3559 1581 1352 1148 3045 1852 1773 1450 233 454 270 1675 420 1309 2620 4849 2277 485 2564
internal_value=-7.08401e-05 -0.0124165 -0.00322785 0.00335325 0.0219892 -0.0284797 -0.0029528 0.0116059 0.0305494 0.0206873 0.0254141 -0.0368 0.00425089 -0.0212711 -0.0168461 -0.00318761 0.0221033 -0.000528862 -0.0171298 0.0194496 -0.0112338 -0.0216171 -0.0405742 0.0103278 0.0242753 0.0139567 -0.0251847 0.0168089 0.0190395 -0.0240635 0.033877 0.0362967 0.0303367 -0.0128424 0.00485618 0.00982875 0.027038 0.0117922 0.0223926 0.0454703 -0.0297919 0.00598425 0.00562703 -0.0168582 -0.0203249 0.0365002 -0.00176066 0.0024113 0.0233118 0.0274012 0.00125724 0.0175123 0.0153992 -0.00305574 0.0389176 0.0133052 -0.0154446 -0.00908981 -0.0291222 0.00676708 0.0161644 0.00737099
internal_weight=21571.1 13831.1 8799 6447.98 7740.01 5032.11 4728.58 3498.63 4241.38 1719.4 3157.4 2932.58 3135.86 2351.02 2099.53 1775.67 2779.71 1373.96 1592.71 2124.67 1080.52 1661.47 2476.15 1034.5 1574.3 1360.2 1430.93 1919.14 1121.37 1054.31 860.57 684.907 543.005 927.42 1103.82 821.807 630.063 1289.08 700.379 1083.98 1270.51 884.138 550.366 859.954 747.454 509.942 387.362 768.521 923.151 734.521 438.064 833.647 786.559 146.456 693.346 398.866 608.936 424.965 816.229 749.125 337.149 848.247
internal_count=130281 92537 54492 37367 37744 38045 28293 18084 19660 9074 14942 23687 17805 17125 14358 10646 13299 7591 10488 10493 7258 11786 20654 5634 7752 7159 10368 9405 5602 7376 3894 3440 2809 5871 5979 4383 2954 6451 3587 4718 9867 4867 2741 5886 5140 2298 1968 4273 4584 3625 2572 4079 3846 724 3126 2087 4148 2839 5864 4011 1734 4775
is_linear=0
shrinkage=0.05


Tree=14
num_leaves=63
num_cat=0
split_feature=51 53 48 67 68 61 71 71 13 40 52 56 40 63 3 48 64 40 13 31 53 40 67 40 53 56 3 48 71 47 18 12 53 40 53 40 31 40 60 23 96 67 51 41 80 56 23 56 40 52 96 53 52 56 51 104 48 96 3 67 48 26
split_gain=2013.94 624.404 412.344 268.659 257.307 153.393 143.397 128.571 114.982 109.667 108.033 90.6201 82.2437 79.1402 77.7137 66.8579 61.5266 52.3914 47.5661 47.2062 45.115 43.4166 43.1196 40.497 39.6188 38.7009 38.5033 38.4366 37.7795 38.1955 34.8883 34.8391 32.6128 31.7628 31.3656 30.0265 29.6107 27.9589 27.7248 27.4599 27.4278 27.2598 27.2518 26.5612 26.2228 25.828 24.7997 26.8802 24.6393 24.205 24.1321 23.6638 23.6153 23.5017 22.4453 22.3217 25.288 22.2154 21.5402 21.3935 21.9603 21.351
threshold=-0.11623645339744025 -0.11837659796508343 0.72048611111111127 24.950000000000003 11.65 0.9654761904761906 1.5000000000000002 1.5000000000000002 1.5000000000000002 14.500000000000002 0.9472222222222223 0.3382948285312159 13.500000000000002 0.6132478632478634 0.54243464868464886 0.45993589743589752 0.70960269441980262 14.500000000000002 1.0000000180025095e-35 2.5000000000000004 0.20357588710394939 10.500000000000002 24.450000000000003 11.500000000000002 0.46702536965128721 -1.0000000180025095e-35 0.50483016438898798 0.37867647058823534 1.5000000000000002 1.8750000000000002 0.35388994307400384 1.0000000180025095e-35 -0.48209760461221501 13.500000000000002 0.91705847074467683 9.5000000000000018 3.5000000000000004 14.500000000000002 -1.0623871497624273 0.41421356242727347 35.375961538461546 25.250000000000004 -1.282418065628957 1.0000000180025095e-35 0.43303571428571436 0.12218821053399785 0.30830569360701082 0.18594647520527338 15.500000000000002 0.87083333333333346 34.251666666666672 1.7204709395002806 0.22048611111111113 0.24891554624579013 0.21860089465191898 35.363652091852792 0.80277777777777792 35.99687500000001 0.40491562009419158 25.850000000000005 0.28869047619047622 0.16978014603242783
decision_type=8 10 10 10 10 10 10 10 8 2 8 8 2 10 10 8 10 2 10 2 10 2 10 2 8 8 8 10 8 8 10 10 10 2 10 2 2 2 8 10 8 10 10 2 10 8 8 8 2 10 8 10 8 10 8 8 8 8 10 10 10 10
left_child=2 3 9 15 8 10 25 26 23 21 12 37 31 28 17 44 18 55 22 39 45 61 43 -3 -7 -6 -5 -21 -11 -30 48 46 -23 -10 -25 -17 -12 40 -18 -13 -8 -22 -24 -14 -2 -15 47 57 49 -27 -34 -35 -37 -44 -16 56 -9 -4 -26 60 -52 -1
right_child=1 4 5 7 6 24 11 14 33 13 36 19 16 20 54 35 38 -19 -20 27 41 32 42 34 58 30 -28 -29 29 -31 -32 -33 50 51 -36 52 -38 -39 -40 -41 -42 -43 53 -45 -46 -47 -48 -49 -50 -51 59 -53 -54 -55 -56 -57 -58 -59 -60 -61 -62 -63
leaf_value=0.0045670835929984954 -0.0051455651219297072 0.021332706686607115 0.031095406230649315 -0.024157418952623095 -0.033712160735570901 0.029114740875856849 0.020559159522582485 -0.0007852723771190163 0.036831792314724741 -0.02605421621676789 0.044484496773953379 0.018656709448859079 0.03441347011395042 -0.017280655668927582 -0.013415852027072392 0.028252442489326388 0.006548651425846032 -0.023208932623910859 0.031139105303504062 -0.006951307194753259 0.028046062304756359 -0.0035169733784641295 0.01171255787936526 -0.0097153864978750115 0.04870407504429472 -0.016937839221752748 -0.042477980163379128 0.020044374563286504 -0.00052827355030035477 -0.023496517716169202 0.024374710271680318 0.010091533464170306 0.03300487411514913 0.013247835290878121 0.011880623880378091 -0.01524471747482397 0.024216428995240305 -0.020419427198254111 0.025455556690529048 0.057953485550814969 -0.010366984941461377 0.0071144050717251153 -0.017137095677635005 0.0075259922551615026 -0.024992309408135696 0.0032081206876137798 0.044621668708771163 0.036058838883196678 -0.028553512752203004 0.015809301819268769 -0.015945403040527661 0.044036400234331557 0.0030938121422193991 0.00028261809006659719 -0.037444813270295418 -0.0069684353564884909 0.047021680325234183 0.0027001943905677183 0.014081669370975101 0.0030857432151122945 0.022354423333736752 0.031710799182463126
leaf_weight=89.940278999507427 230.8752293586731 195.78977592289448 120.11221081018448 335.7994427010417 573.70324704796076 593.43676330149174 94.572025522589684 67.831326812505722 359.86711870878935 325.28376545757055 474.9421774148941 200.55160470306873 129.09616193175316 210.85083358734846 114.55738066136837 85.257404111325741 257.6498735845089 578.13277653604746 159.25161701440811 399.93445324152708 258.25488223135471 380.75256736576557 232.48993466794491 617.03628006577492 708.50713750720024 222.78365651518106 2169.6591699570417 195.47818829119205 715.36527317017317 241.34335516393185 48.73260211199522 227.24897980690002 137.94312696158886 455.67710064351559 230.02125695347786 257.399055108428 297.5928008556366 529.0813667550683 793.2001870945096 56.842541739344597 286.06389895826578 391.25652924180031 358.80504734814167 315.27288058400154 600.99320612102747 560.65941873937845 274.33170019090176 330.34656240046024 331.24046489596367 74.580907762050629 40.753783360123634 71.720771476626396 546.76228664070368 419.14807845652103 699.49230091273785 324.95395686477423 45.671649530529976 160.2134436070919 49.017733469605446 460.66699143499136 383.47229164838791 379.56057224422693
leaf_count=462 1548 1029 571 2607 4467 2657 558 447 1727 2185 2052 1069 604 1295 801 476 1290 4159 804 2296 1265 2252 1134 3791 2968 1594 18978 1099 4249 1434 312 1076 723 2361 1283 1649 1301 3659 3663 254 1821 2089 2013 1597 4190 3152 1215 1523 2397 460 222 330 3340 2168 5791 2132 278 793 214 2560 1960 1855
internal_value=-0.000335693 -0.0152765 0.0153528 -0.0260365 -0.00208988 0.0240871 -0.0112175 -0.0326701 0.0121598 0.00408748 0.0196864 -0.00202511 0.0161941 -0.00235614 -0.0225765 -0.00931662 0.0114203 -0.0133373 0.00528457 0.00967869 0.00576834 0.0133824 0.00243494 0.000898861 0.0388821 -0.0241561 -0.0400331 0.00193031 -0.0113592 -0.00634082 -0.0160244 0.0276114 0.00896821 0.0253795 -0.00384382 0.000216118 0.0367183 -0.0129953 0.0208306 0.0275256 -0.0026494 0.0154674 -0.00327503 0.015397 -0.0194969 -0.00240651 0.0320936 0.0264019 -0.0191901 -0.00869919 0.0136147 0.0175102 -0.0027877 -0.00776333 -0.0340839 -0.000297779 0.0186941 0.0149341 0.0464853 0.0105582 0.0186463 0.0265318
internal_weight=21477.8 11001.1 10476.8 6057.39 4943.68 5900.66 3013.56 4336.1 1930.11 4576.1 4549.7 1762.52 3777.17 2703.01 1830.64 1721.29 2664.91 1016.59 1614.06 852.807 1421.02 1873.09 1454.81 1042.85 1350.96 1251.04 2505.46 595.413 1281.99 956.709 677.338 1112.25 1403.59 887.265 847.058 889.419 772.535 909.717 1050.85 257.394 380.636 649.511 1010.44 444.369 831.868 771.51 885.004 610.672 628.605 297.365 1022.84 527.398 804.161 777.953 814.05 438.457 113.503 280.326 757.525 884.893 424.226 469.501
internal_count=130249 76903 53346 46396 30507 27643 19986 35193 10521 25703 21804 10756 18451 15669 13608 11203 13273 7016 8320 4718 7801 10034 7516 6103 5839 9230 21585 3395 7868 5683 4763 5178 7717 4418 5074 5465 3353 6038 4953 1323 2379 3354 5315 2201 5738 4447 4102 2887 4451 2054 5465 2691 4989 4181 6592 2857 725 1364 3182 4742 2182 2317
is_linear=0
shrinkage=0.05


Tree=15
num_leaves=63
num_cat=0
split_feature=8 51 49 23 68 66 12 71 40 56 40 53 71 26 49 49 21 62 40 55 40 106 51 67 40 53 40 12 40 70 53 31 13 49 40 53 64 40 62 45 106 42 51 40 29 31 27 95 68 29 53 104 55 63 105 70 7 20 68 67 23 91
split_gain=1994.92 764.505 405.38 386.496 172.746 166.871 136.361 130.323 118.898 107.986 99.7338 96.8877 94.7048 75.7191 74.5224 65.8747 54.1387 55.0905 47.7969 46.8243 45.7166 44.6689 42.746 41.7522 38.9545 37.2424 34.9987 34.4301 32.8724 32.8173 32.1851 31.3292 31.2526 31.0075 30.578 30.5396 30.1217 29.9827 29.7688 28.8317 27.58 28.6739 27.1676 27.1539 26.8285 26.2179 26.0789 26.0092 25.9119 24.8192 23.5033 23.4369 22.8415 22.82 22.7692 22.0061 21.8836 21.7812 26.5139 21.7373 20.8161 20.4092
threshold=0.40588235294117653 0.3869083364049169 0.016739008086478085 0.20494263403568472 11.550000000000002 1.0000000180025095e-35 1.0000000180025095e-35 1.5000000000000002 13.500000000000002 0.5464618949780059 10.500000000000002 -0.070705266267011915 1.5000000000000002 0.2885463791744497 -0.62455578346689877 1.1329225240564591 0.42699665958092931 0.78728644685447013 14.500000000000002 -0.13959910377488835 12.500000000000002 0.22749407582938391 -1.0176144962704263 24.450000000000003 13.500000000000002 1.2825766435082859 12.500000000000002 1.0000000180025095e-35 14.500000000000002 -0.64285714285714313 -0.8807132066569473 3.5000000000000004 2.5000000000000004 -0.47819579690729286 13.500000000000002 -0.56050652568428416 0.56871423108431751 14.500000000000002 0.53486346243566218 13.500000000000002 0.2592756473287447 5.5000000000000009 -1.6987761799723742 10.500000000000002 0.20841125415529171 3.5000000000000004 0.2365074552157633 37.95000000000001 12.65 0.21092421605525694 0.89998173293325756 37.544461460346589 -1.0064310197397799 0.9472222222222223 0.44487847222222227 0.11000000000000033 1.0000000180025095e-35 530.50000000000011 11.850000000000003 24.650000000000002 0.50142857142857156 0.36939571150097467
decision_type=8 10 8 10 10 8 10 8 2 8 2 10 10 10 10 8 10 10 2 10 2 8 10 10 2 10 2 10 2 10 8 2 10 8 2 10 10 2 10 2 10 2 8 2 10 2 8 8 10 10 10 8 10 10 10 8 10 2 10 10 10 10
left_child=2 3 14 4 30 24 8 26 19 22 49 21 37 23 27 35 17 34 52 -4 46 -7 29 45 33 38 50 43 -13 -10 -2 53 48 -3 -8 -11 -22 -6 -20 -15 -32 -42 -17 -1 -25 -12 -14 -19 -24 -9 -5 -40 -16 -21 -31 -49 -36 58 -44 61 -46 -37
right_child=1 5 6 7 12 11 16 10 9 15 13 28 20 39 18 42 -18 47 25 31 36 -23 32 44 -26 -27 -28 -29 -30 54 40 -33 -34 -35 56 59 -38 -39 51 -41 41 -43 57 -45 60 -47 -48 55 -50 -51 -52 -53 -54 -55 -56 -57 -58 -59 -60 -61 -62 -63
leaf_value=0.021952231064359923 -0.012782166783155463 -0.007358537010491599 0.027400720614594677 -0.0036126378905101081 -0.020851102038642842 -0.043594486706485421 0.0088287067437137299 0.015549237381026999 0.032475044458809992 0.000950020318466205 0.018579017205892261 -0.01274302458792255 -0.0067726677629047459 0.030002513303368644 -0.0035711988703368888 0.063002243996183996 0.041149177253896052 0.022171262010092611 -0.0093670952697952267 0.049548254250268771 -0.021500884361670931 -0.02808679284213908 0.0092598659756698981 -0.014003504213438678 -0.018074068420933141 0.024237884560291939 -0.015797137247737878 -0.03013508664422538 -0.029364910186161282 -0.005110072670350233 -0.0015772632235607155 0.037866073043592255 0.046184723522067359 0.024410486895393643 -0.033393350664694628 0.049821865163894599 0.00036011144093262394 -0.036419830277411747 -0.0043282086823986012 0.0091465373757069392 0.037647510844527395 0.0064608578285988115 0.040115673737537244 -0.0074801411617749841 0.00010855637446303805 0.00045446047046674581 0.025516717568811298 -0.024972503207196801 -0.012660433376558134 0.040548066659652271 0.031471705578924147 0.018284782129871432 0.021987424808858541 0.074622089305733691 0.020703209837460546 0.016136230059726361 -0.0050753498195510102 0.044968815770513135 0.0091282875022399134 0.020226184972384806 0.035167729403777652 0.016280726811228247
leaf_weight=85.938042148947716 342.66348533332348 205.58937709033489 431.7231736779213 156.66911432892084 469.99317407608032 1875.3220282047987 241.80588710308075 144.94646638631821 429.97394725680351 139.05457380414009 504.11544771492481 506.14609092473984 151.36237482726574 434.98537807911634 101.47720061987638 133.9638846218586 131.24410048127174 521.5950163602829 551.677848726511 371.34886698424816 791.17800575494766 627.70163222402334 633.83673139661551 385.91323896497488 460.96831494569778 161.55524078011513 657.49404636025429 154.23367777466774 729.23376499116421 125.47076821327209 564.56396833062172 468.20958690345287 46.920758619904518 121.31148912012577 104.41462902724743 150.89114271104336 196.65654748678207 934.46156135946512 212.34958598017693 269.22764909267426 107.60390261560678 231.06133064627647 165.84339907765388 796.19962106645107 696.04586841911077 329.8901488929987 105.1810397952795 59.5195222645998 170.23905507475138 327.1365869641304 67.54603037238121 247.08135218918324 618.55181887745857 127.87804567813873 264.44386686384678 69.475850477814674 194.64779278635979 471.11667357385159 119.0085876584053 434.67671185731888 44.081023976206779 66.530062213540077
leaf_count=466 2106 1316 1976 1010 3547 17026 1177 695 1960 729 2483 3504 880 2212 558 551 549 2433 3482 1639 5437 5013 3287 2299 2994 824 4447 923 5556 606 3276 2114 243 708 576 699 1197 7497 1163 1444 583 1285 709 4995 3950 1724 591 280 931 1524 360 1336 3334 537 1231 322 1059 2033 526 2134 210 314
internal_value=-0.000291399 -0.0132657 0.0176343 -0.0038895 -0.0151116 -0.0296526 0.0250012 0.00698925 0.0289541 0.0238305 0.0117631 -0.0340593 -0.0223312 0.00800303 0.0023547 0.0327773 0.0107915 0.00741578 0.00825481 0.0412028 -0.0122725 -0.0397183 0.014815 0.00294631 -0.00872662 0.00202417 -0.00998592 -0.00841807 -0.0225706 0.022957 0.000243144 0.0473273 0.00695279 0.0044693 -0.00437277 0.0222332 -0.0171529 -0.0312284 -0.00154558 0.0220533 0.00519331 0.0164514 0.0421155 -0.00459122 -0.00333358 0.011419 0.00651343 0.0172079 0.00460894 0.0329216 0.00704952 0.00784633 0.0183854 0.0561073 0.0124049 -0.00287787 -0.0150406 0.0383358 0.0272466 0.0267632 0.00224127 0.0396799
internal_weight=21441.9 12439 9002.9 7912.78 3894.73 4526.27 6073.83 4018.05 4751.13 3351.97 3136.34 3738.4 2648.83 2664.26 2929.06 1681.09 1322.7 1191.46 1892.69 1399.16 1244.38 2503.02 1670.89 1960.05 787.869 1172.66 881.709 1036.37 1235.38 819.889 1245.89 967.436 850.997 326.901 540.868 791.152 987.835 1404.45 1011.11 704.213 903.229 338.665 889.933 882.138 1126.04 834.006 256.543 650.59 804.076 472.083 224.215 459.431 720.029 499.227 389.915 128.995 299.062 755.969 284.852 652.098 740.127 217.421
internal_count=130570 84874 45696 48757 26399 36117 28615 22358 22219 15953 16541 31099 19149 14322 17081 7695 6396 5847 10697 6266 8105 22039 8258 10666 5018 6805 5817 6384 9060 3797 7250 4290 4461 2024 2812 3876 6634 11044 5981 3656 5144 1868 3819 5461 6459 4207 1471 3035 4218 2219 1370 2499 3892 2176 1837 602 1635 3268 1235 3147 4160 1013
is_linear=0
shrinkage=0.05


Tree=16
num_leaves=63
num_cat=0
split_feature=8 51 71 48 53 66 40 12 21 48 68 56 12 40 40 23 71 68 56 40 53 40 40 68 61 68 55 0 26 80 9 40 41 26 100 3 40 53 51 58 80 40 53 53 57 31 56 40 26 26 48 55 56 31 52 40 62 60 40 42 7 28
split_gain=1707.21 722.554 400.303 294.754 244.171 152.594 125.35 113.291 108.091 105.383 89.7053 77.2868 76.988 71.2546 69.2916 67.4774 66.2715 51.9866 51.6571 46.8954 46.2642 45.5294 42.0104 39.5981 38.4294 37.2314 37.1165 37.519 35.5643 33.1044 32.8754 31.4406 30.6393 31.929 30.3114 29.9729 29.4523 29.3928 28.9876 28.7774 27.6811 27.4944 29.6483 27.4942 26.9197 26.5777 26.234 25.1287 24.9699 24.9549 24.643 24.6068 24.0841 24.5489 23.5026 23.3646 22.9973 22.6739 22.2038 22.1868 22.1134 21.8883
threshold=0.37980769230769235 0.3869083364049169 1.5000000000000002 0.80662393162393176 0.083679093269433971 1.0000000180025095e-35 13.500000000000002 1.0000000180025095e-35 0.1751469962143441 0.34495192307692313 11.350000000000003 0.7331135076676184 1.0000000180025095e-35 15.500000000000002 9.5000000000000018 0.26089216306607615 1.5000000000000002 11.65 0.12218821053399785 11.500000000000002 1.3727247408003378 10.500000000000002 10.500000000000002 50.550000000000004 0.69615384615384623 12.250000000000002 -0.24577920126495975 13.500000000000002 0.20920777361814583 0.43303571428571436 140.50000000000003 9.5000000000000018 1.0000000180025095e-35 0.18974714113218269 2.5000000000000004 0.57271538075513517 12.500000000000002 -0.56920949232842477 -1.3520198760762148 0.93516007688971492 0.60555555555555574 9.5000000000000018 1.2825766435082859 0.040779103529076328 0.16440389100020372 5.5000000000000009 0.4259711817129197 9.5000000000000018 0.24628581488722123 0.20115914199419452 0.45227272727272733 0.20049635421167603 0.89907733558008018 4.5000000000000009 0.77525252525252542 14.500000000000002 -0.37277067430665839 -0.15086135001919926 16.500000000000004 9.5000000000000018 3.5000000000000004 0.24854085050814742
decision_type=8 10 8 10 10 8 2 10 10 10 10 8 10 2 2 10 10 10 8 2 10 2 2 8 10 10 10 2 10 10 10 2 2 8 8 10 2 10 8 10 10 2 10 10 10 2 10 2 8 10 10 10 8 2 10 2 8 8 2 2 10 10
left_child=3 2 15 9 10 28 26 11 35 36 32 14 13 18 -5 31 -12 59 -11 56 23 -18 -9 61 48 37 60 54 50 -21 34 -2 33 -4 -13 -7 -1 -15 -19 -24 -22 -14 -43 -36 49 46 -39 -17 -23 -33 -3 -51 53 -20 -28 -34 -10 -30 -48 -16 -6 -8
right_child=1 5 4 7 6 8 20 22 19 12 16 30 41 25 17 47 21 38 52 29 40 24 39 -25 -26 -27 27 -29 57 -31 -32 44 55 -35 43 -37 -38 45 -40 -41 -42 42 -44 -45 -46 -47 58 -49 -50 51 -52 -53 -54 -55 -56 -57 -58 -59 -60 -61 -62 -63
leaf_value=0.010381322082878583 0.0064429972089955047 -0.025638538609176743 -0.0020003676388781729 0.05979311135093951 0.0093841183988173666 -0.029318892331469955 -0.011802168818702058 0.036399895106542478 -0.016862354423638235 0.0073877943838241951 -0.043348070196760007 0.053602139238850668 0.021650883166989619 -0.0031719384131638989 0.037559549743950059 0.032766658965296777 0.013582759525963817 0.027540984013557729 0.02950468024585683 -0.01641175291231255 0.025091684810528411 -0.024405582554026441 -0.0085925069569271571 0.011673557345629653 0.00054814283246590572 -0.0020834595334630005 0.023802853574294677 -0.011123678839922081 -0.0066942309881847743 -0.032750205155747864 0.00067699645961917705 -0.036863941441349912 0.0057594768026390415 0.022391554496377836 0.019287177156344353 -0.043877035025243039 -0.011702389333073855 0.01107922490177928 0.01044680821873379 0.01277222263934305 -0.0053265365431108816 -0.011217752942028586 0.022080261287783176 0.043099271015007282 -0.014973940416818481 -0.016393525918637519 0.038296981550231132 -0.0086641636922273387 -0.0076996398860566364 -0.031109927163509906 0.0017147799998752579 -0.0097866671721796965 0.042861856384330155 0.0089476882864865607 0.044000589666415221 -0.01226465468574541 0.010309780831999476 0.018408489513211539 0.0086334765456350781 0.019004114885501255 0.044240848541490463 0.0040548740424784383
leaf_weight=190.84839618206024 71.653267979621887 304.33085034787655 228.01975969970226 137.22862434387207 312.6470627784729 476.10693000257015 502.48909413069487 131.45904372632504 191.74291358143091 372.81287484616041 172.69317926466465 452.15708515048027 96.875911429524422 191.24200623482466 606.76794847846031 38.464477762579918 170.19839046895504 369.56905952095985 651.88555220514536 477.1675500869751 401.06256124377251 662.72204183042049 234.58274082839489 600.29122936725616 346.61321328580379 573.81362117826939 222.43910662829876 42.386465594172478 235.33680476248264 903.33352603018284 46.247269734740257 719.83693198114634 356.31436330080032 324.41467600315809 173.08365535736084 1486.4452073052526 709.93827186524868 315.63289147615433 756.94867849349976 475.89293320477009 91.500717923045158 518.96735252439976 75.770297780632973 424.45741860568523 351.14103075861931 48.934364169836044 259.65476052463055 506.53436744213104 339.24072446674109 345.9483957067132 112.58099459111691 223.85837700217962 243.693499147892 188.20955237001181 432.24941639602184 361.05141971260309 129.78813119977713 144.26812571287155 84.14378958940506 223.94487835466862 52.458375930786133 382.59987095743418
leaf_count=1070 524 2050 1284 573 1519 3952 3024 565 1396 1976 1432 1928 448 1100 2650 222 920 1606 3348 3661 1945 4637 1156 3007 2086 3298 1107 210 1449 7191 202 5913 1979 1741 774 14081 4489 1701 3605 2176 478 2853 354 1786 2328 267 1302 3215 2284 2750 698 1743 1202 1002 1977 2126 879 894 423 1032 253 2169
internal_value=-0.000222415 -0.0118377 -0.0030783 0.0170476 0.00367351 -0.0280497 0.0136251 0.0268751 -0.0323603 0.00828103 -0.00654421 0.03118 0.0120869 0.0156277 0.0255273 -0.0210217 -0.014081 0.0230955 0.0234672 -0.0231155 0.00617911 -0.0107268 0.0105444 0.00177101 -0.0138026 0.00786712 0.0274718 0.0342357 -0.00820221 -0.0271188 0.0419498 -0.0258964 0.00349852 0.0123383 0.0437658 -0.040362 -0.00701722 0.0142093 0.0160742 0.00571592 0.0194417 -0.00291455 -0.0069456 0.0362456 -0.0273117 0.0188997 0.0215396 -0.00568544 -0.0187627 -0.0306568 -0.0182657 -0.0227645 0.0289865 0.0249153 0.0371849 -0.00331654 -0.00589618 0.00286931 0.031083 0.0325862 0.0144995 -0.00495076
internal_weight=21274.7 12719.9 8258.83 8554.76 6001.39 4461.1 3040.12 4032.34 3664.58 4522.42 2961.27 3190.4 3621.64 2930.02 2094.46 2257.44 1691.47 1957.23 1456.6 1702.03 1977.94 1518.77 841.935 1485.38 1348.58 1473.42 1062.18 697.075 796.517 1380.5 1095.95 1712.44 1269.8 552.434 1049.7 1962.55 900.787 899.608 1126.52 710.476 492.563 691.614 594.738 597.541 1640.78 708.366 659.431 544.999 1001.96 1289.64 416.912 569.807 1083.79 840.095 654.689 717.366 321.531 379.605 343.799 830.713 365.105 885.089
internal_count=130010 87124 50873 42886 34178 36251 15689 18053 31160 24833 18489 14156 19274 15619 9466 16695 11359 8893 7528 13127 10623 9927 3897 8200 9007 8091 5066 3294 5091 10852 4690 13258 7130 3025 4488 18033 5559 4793 5211 3332 2423 3655 3207 2560 12734 3693 3426 3437 6921 10406 2748 4493 5552 4350 3084 4105 2275 2343 1725 3682 1772 5193
is_linear=0
shrinkage=0.05


Tree=17
num_leaves=63
num_cat=0
split_feature=49 4 52 61 53 68 68 53 49 71 67 71 40 40 40 67 63 9 41 95 61 40 49 70 40 105 23 10 61 47 81 61 23 62 102 62 96 61 9 81 80 52 20 31 55 68 49 60 63 64 20 40 61 1 68 23 64 80 23 63 58 15
split_gain=1510.94 621.047 298.082 243.809 145.731 134.069 130.849 119.901 91.2329 79.2913 77.8579 75.5379 61.8917 60.9131 59.0953 55.2632 54.9926 54.7504 54.3853 46.5236 45.2825 43.9123 39.8363 39.6102 38.1618 35.0777 33.465 33.0966 32.2324 31.9128 30.1855 30.1683 29.9316 29.7936 29.1266 29.0744 28.8489 27.7965 27.6919 25.959 25.185 25.0331 24.9495 23.6914 23.6548 23.5046 23.2496 23.1685 22.4031 21.7556 21.1988 21.1698 21.09 20.7075 20.2263 20.1716 20.006 19.9878 19.9815 19.6671 19.6047 19.5417
threshold=-1.0000000180025095e-35 0.58329170829170851 0.56904761904761914 0.76696832579185525 1.0000000180025095e-35 11.65 11.350000000000003 0.31204813864356229 1.395842949249303 1.5000000000000002 24.450000000000003 1.5000000000000002 9.5000000000000018 12.500000000000002 14.500000000000002 25.050000000000004 0.6132478632478634 105.50000000000001 1.0000000180025095e-35 34.550000000000004 0.48611111111111116 12.500000000000002 -0.44380371692987569 -0.70754985754985789 12.500000000000002 0.43813775510204084 0.2696701703515767 195.00000000000003 0.65312500000000007 1.0000000180025095e-35 0.023775661692665581 0.31801470588235298 0.41421356242727347 0.46941488555513894 0.26599663299663306 -0.24673732576603638 34.00238095238096 0.62019230769230782 147.50000000000003 -0.70286996969539306 0.44097222222222227 0.98611111111111127 1059.5000000000002 3.5000000000000004 0.15517986336121498 12.15 1.3112674990288986 -0.66967070939247797 0.71130952380952395 0.53941467486313688 1032.5000000000002 10.500000000000002 0.82843137254901966 0.3585714285714286 11.450000000000001 0.34638023383055933 0.94445739265407214 0.28991596638655465 0.2400227531285552 0.29705882352941182 1.3300144735248611 1.0000000180025095e-35
decision_type=10 10 10 8 10 10 10 8 10 10 10 10 2 2 2 10 8 10 2 8 8 2 10 10 2 8 10 10 10 10 10 8 10 10 10 10 8 10 10 8 10 10 2 2 10 8 10 8 10 10 2 2 10 10 10 8 10 10 10 10 8 2
left_child=1 2 6 7 10 18 28 14 12 37 39 22 -5 36 19 47 53 23 41 46 30 -18 -8 29 -13 54 61 -25 34 -14 -12 -17 44 -26 -1 -16 -9 -7 51 -3 -33 42 -4 45 -20 -31 -2 -6 -37 -21 60 -28 -24 -11 -15 -39 -53 -22 -19 -49 -23 -10
right_child=3 4 5 8 15 9 11 13 26 16 20 24 17 25 35 31 21 58 32 49 57 50 52 27 33 -27 38 -29 -30 43 -32 40 -34 -35 -36 48 -38 55 -40 -41 -42 -43 -44 -45 -46 -47 -48 59 -50 -51 -52 56 -54 -55 -56 -57 -58 -59 -60 -61 -62 -63
leaf_value=-0.0096916708168735891 0.018301845072631724 0.0067508564311186889 0.028130981545928985 0.042861132925140349 -0.014144892947508632 -0.019850520654351746 -0.031464054765529825 0.066515445829693307 0.031942841450451148 -0.010832565497010414 -0.032161450729116699 0.0032431156887201325 0.007972849949892117 0.014410762010866565 -0.019515045646835854 -0.028181898178306519 0.029629821803338313 -0.022658555516095486 -0.0041325964423714143 -0.0057553689732332304 0.0011725152634517754 0.012900639543795328 -0.016225685956379476 0.015324224523358611 -0.020487891663631519 0.016696354270304626 0.061050739196380759 -0.0067316777008530329 0.013181781858182097 0.012296523084268549 -0.045662574172244064 0.0067863169579624851 0.030217742256172905 -0.0023748805483054134 0.010402676433707953 -0.0094751862635164621 0.026668522644653154 -0.007232235492332601 0.0021194038493867525 -0.021390701260261331 -0.018207021154079777 0.043861791112906133 0.0083734837132905995 0.019404312952371577 0.014895802585985971 0.04020071062964644 0.055759418544318241 -0.0020834947470451167 0.006826499341650475 0.013891928134314833 0.015903780332111615 0.029800061176089038 0.02085487031735507 0.019921864287116609 -0.005759830667206426 0.026279218542843114 0.045418247809850369 -0.027731003411558611 0.0067075731123130873 0.026633432783083163 -0.009285403690156303 0.016821043348967644
leaf_weight=691.76264721900225 258.84626191854477 99.756232604384422 490.55589032918215 227.46852057427168 120.46748069673777 571.51820115745068 1096.1495841294527 49.990171939134598 466.95872160047293 483.23075439035892 658.16881871968508 355.57057832926512 239.11510103940964 184.14834426343441 383.44878605753183 481.08236189931631 268.44726240634918 111.56699063628912 406.68763741850853 424.84858033061028 69.805402174592018 155.75946721434593 194.7725780159235 913.91700638085604 825.58928337693214 930.878910779953 111.06184171140194 208.31996373832226 356.7307093963027 92.287272416055202 1180.7835670337081 147.02674788236618 123.03856943547726 313.3908688351512 242.89049380272627 531.60792801529169 470.35067531466484 231.6007135361433 49.921190977096558 447.69197230786085 316.54974200576544 155.16074520349503 238.39306958019733 414.90432297438383 271.58286459743977 442.48422569036484 48.883699208498001 115.71286600083113 347.86273603141308 209.57139683514833 313.42684301733971 425.46137619018555 46.777488924562931 60.781315535306931 377.09608861804008 54.648759983479977 415.9197566062212 413.61273849755526 118.61620011925697 121.70076272636652 271.96779105067253 401.46009553223848
leaf_count=4205 1439 660 2379 986 765 4008 9130 222 2024 2912 6118 2068 1146 910 2608 3789 1274 579 2180 2469 589 870 1416 4447 5975 4630 453 1042 1946 432 11354 1061 585 1931 1437 3179 2142 1382 214 3190 2329 684 1203 1987 1423 1985 237 719 1958 1181 1711 1820 281 343 2118 297 1705 3595 563 706 1516 1781
internal_value=1.04078e-05 -0.0112606 -0.00328523 0.0157803 -0.0269691 0.00626638 -0.0127739 0.00707713 0.0236888 -0.00129637 -0.0332642 -0.0187863 0.0179139 0.0158986 -0.000977351 -0.0130847 0.00544011 0.0156648 0.017081 0.00849439 -0.0372638 0.0123411 -0.0274154 0.0179806 -0.0110497 0.0107488 0.0322214 0.0112277 0.00041676 0.0243406 -0.0408506 -0.0194183 0.00763259 -0.0155105 -0.00446417 -0.00804449 0.0306169 -0.0134898 0.0384643 -0.0162598 -0.0102827 0.0256262 0.0216899 0.0284491 0.00349718 0.0354171 0.0244134 0.00364084 -0.00302684 0.000746478 0.00604761 0.0403651 -0.00898846 -0.00736619 0.000872146 -0.000765248 0.0375653 -0.0235635 -0.00756228 0.0126871 -0.00119498 0.0249796
internal_weight=21249.8 12392.8 8220.43 8857 4172.36 4096.8 4123.63 4217.53 4639.46 2411.38 2869.82 2832.25 2768.68 2012.46 2205.07 1302.54 1553.61 2541.21 1685.42 942.15 2322.37 1009.6 1337.7 2311.03 1494.55 1492.12 1870.78 1122.24 1291.38 1188.79 1838.95 944.659 801.309 1138.98 934.653 1262.92 520.341 857.768 1002.36 547.448 463.576 884.11 728.949 949.676 678.271 534.771 307.73 357.881 879.471 634.42 741.154 952.443 241.55 544.012 561.244 286.249 841.381 483.418 230.183 237.414 427.727 868.419
internal_count=130288 86031 51156 44257 34875 22767 28389 23093 21164 14313 25506 20801 13167 10022 13071 9369 8626 12181 8454 5326 21656 5371 10827 11039 9974 7658 7997 5489 7588 5550 17472 7179 4188 7906 5642 7745 2364 5687 4192 3850 3390 4266 3582 4404 3603 2417 1676 2190 5137 3650 4097 3978 1697 3255 3028 1679 3525 4184 1142 1425 2386 3805
is_linear=0
shrinkage=0.05


Tree=18
num_leaves=63
num_cat=3
split_feature=8 51 53 48 68 40 65 13 12 61 21 71 40 62 68 48 52 26 40 42 68 3 71 52 40 49 95 53 56 53 40 40 33 26 88 62 20 0 80 62 40 22 18 33 21 53 29 41 6 52 91 26 55 40 40 110 42 112 112 91 68 22
split_gain=1459.91 627.978 311.263 270.089 184.998 124.237 119.459 116.246 100.658 92.5557 84.27 81.0786 69.6013 69.3505 59.53 49.8035 49.6161 48.3837 43.5384 41.2297 40.2621 39.0711 37.4558 36.5174 35.3401 34.5537 33.1714 33.0139 31.4895 31.463 29.4054 28.9663 28.4752 28.4176 26.6951 26.5294 30.9961 26.4258 26.2442 26.0274 26.5967 25.3476 24.0474 23.6408 23.6381 22.8793 22.397 22.2087 22.1464 21.0707 20.2992 20.0469 19.9559 19.6077 19.4889 18.8632 20.455 17.9305 17.7964 17.669 19.8822 17.697
threshold=0.40588235294117653 0.41193064757615577 0.22804924364850629 0.7834821428571429 11.450000000000001 12.500000000000002 19.500000000000004 1.5000000000000002 1.0000000180025095e-35 0.76696832579185525 0.18197136951608692 1.5000000000000002 9.5000000000000018 1.3798059117694683 11.65 0.34495192307692313 0.96966911764705899 0.21432234432234434 8.5000000000000018 4.5000000000000009 11.450000000000001 0.69791909479409486 1.5000000000000002 0.4393382352941177 12.500000000000002 -0.50600591925311222 37.850000000000001 1.6804836269269658 0.3382948285312159 -0.60378358435472623 10.500000000000002 12.500000000000002 447.00000000000006 0.25439110672343229 1.0000000180025095e-35 0.62673414191566212 1050.5000000000002 3.5000000000000004 0.31009615384615391 0.082090539585416233 13.500000000000002 0.14557242074605134 0.41277890466531447 469.00000000000006 0.38537366096696218 -0.84042093151686725 0.27779115176804153 1.0000000180025095e-35 35.51666666666668 0.18990384615384617 0.35147058823529415 0.29116291857203519 -0.24577920126495975 8.5000000000000018 9.5000000000000018 0 3.5000000000000004 1 2 0.23669467787114848 12.050000000000002 0.1543994877343611
decision_type=8 10 10 10 10 2 8 10 10 8 10 10 2 10 10 10 8 10 2 2 10 10 10 10 2 10 8 10 8 8 2 2 2 10 2 8 2 2 8 8 2 10 10 2 10 8 10 2 10 8 10 10 10 2 2 1 2 1 1 8 10 10
left_child=3 2 4 7 39 17 10 9 12 15 21 24 -5 16 27 -1 20 -4 -13 32 47 -3 -16 -8 -6 53 30 -7 45 42 -10 -21 -11 49 -15 -24 -37 -25 -26 -2 -41 54 -20 -32 -19 -22 57 -14 -29 -17 -39 -31 -34 -12 -27 -42 -57 -9 -18 60 -51 -61
right_child=1 6 5 8 11 14 23 46 26 19 25 18 13 34 22 33 58 44 29 31 28 -23 35 37 38 41 -28 48 -30 51 43 -33 52 -35 -36 36 -38 50 -40 40 55 -43 -44 -45 -46 -47 -48 -49 -50 59 -52 -53 -54 -55 -56 56 -58 -59 -60 61 -62 -63
leaf_value=-0.013160598455514677 -0.0098022481966738278 -0.031037823910061463 0.0076326128670444228 0.055870671457396617 -0.011841813997013414 0.0078531147009605166 -0.020532230324014231 0.010997630150648688 0.037225171528820926 0.0042921159485429161 0.0070102905604574875 0.032219673288586617 0.037182717554712912 0.050299588130991085 -0.01443141594891475 -0.017523228799413235 0.044400276300264475 0.026456713484672857 -0.026183487008880527 0.02143184913782421 -0.03089846596708223 -0.04543009425199579 -0.007446564889134053 0.015445666549659183 -0.012060097622107949 0.018076811028211331 -0.010139326073322907 0.044817482932321878 0.019746338786610612 -0.010206665963352299 -0.0035478054561166213 0.0033463032898721637 0.016460930548292518 0.011233717170792296 0.028112433506990164 -0.00041989037349744458 0.024260667078589475 -0.018245918580037615 -0.033721436989136454 0.015694885951562296 -0.011344774068962426 0.023585008718245377 0.0024473580256788464 0.016817245336912083 0.049007066228837652 0.0073533687186658888 0.057308854306450253 0.020522461206273684 0.0070684196180100904 0.021258688368894291 0.021128802169774679 0.0085875655713380846 0.038825630590819685 -0.030607131679387486 -0.018532645249536354 0.026725879036069169 0.00087160706178431165 0.038145869222144788 0.024876605583540486 -0.005611678343888685 -0.0019028318726285716 0.02862153131814256
leaf_weight=684.79648394137621 324.86598019301891 956.44732411950827 284.0008232370019 206.26872761547565 310.34184857457876 818.32724956423044 371.82579536736012 102.87835054844618 112.06756843626499 135.42546869069338 35.854946874082088 55.963917687535286 373.36533761024475 352.08527691662312 528.22860777378082 180.55388713628054 304.18480841815472 423.18594217300415 471.81208599358797 295.65881122648716 41.757346719503403 956.03358902782202 400.5607500821352 178.78998312354088 163.10665081441402 38.115882769227028 180.2711668908596 112.86268126964569 906.56571710109711 779.67106344550848 222.8516443669796 874.65027460455894 160.66603808104992 629.65532542765141 228.48377591371536 312.93210519850254 213.31694819033146 168.75629799813032 1045.0406196042895 450.25543703883886 228.37762589752674 42.159025229513645 86.612308733165264 392.78413312137127 163.09608940780163 456.45502004772425 83.237152792513371 441.95781530439854 59.629040852189064 185.34088711440563 39.664758667349815 172.59615570306778 272.52470263838768 800.11960560828447 555.59230376780033 93.569265551865101 400.8251948133111 151.71618760377169 197.47522795200348 675.8641851991415 183.992262609303 38.995510935783386
leaf_count=4474 1961 8812 1424 852 2390 4136 2614 556 474 682 258 290 1596 1450 3564 1156 1270 2036 3373 1394 218 9781 2416 1064 1248 252 844 504 4104 5063 1048 4588 815 3448 952 1678 1090 1025 9012 2400 1364 260 531 1816 708 2215 415 2007 287 1030 218 1064 1332 6624 4216 508 2322 789 830 3847 1146 189
internal_value=-0.00013158 -0.0115427 -0.00327229 0.0150147 -0.0117139 0.00839442 -0.0273053 0.00661022 0.0238712 0.00439628 -0.0313255 -0.0187118 0.0277107 0.0259355 0.00261795 -0.00161482 0.0225734 0.0246071 -0.0107213 0.0133078 0.0193482 -0.0382524 -0.00381866 -0.00936288 -0.0269433 -0.022305 0.00902025 0.0120646 0.0142012 -0.0123324 0.013774 0.00792971 0.0243436 0.00256354 0.0416312 0.00223904 0.0096115 0.00138794 -0.0308094 0.00270211 0.00617055 -0.0134881 -0.0217464 0.00945158 0.0328027 0.00409184 0.0348121 0.028188 0.0318839 -0.00175838 -0.0106874 -0.00679482 0.0305878 -0.0289873 -0.0161559 0.000223821 0.00569393 0.0272616 0.0367797 0.000880712 0.00974623 -0.00370689
internal_weight=21115.1 12042.5 7899.18 9072.53 4583.04 3316.14 4143.36 4655.96 4416.57 4318.12 3384.32 3085.14 3508.6 3302.33 2445.86 2579.2 2721.76 870.283 1566.66 1738.93 2220.1 1912.48 1455.04 759.037 1518.49 1471.84 907.975 990.819 1404.78 1510.69 727.703 1170.31 568.616 1894.4 580.569 926.81 526.249 387.211 1208.15 1497.89 1173.03 635.867 558.424 615.636 586.282 498.212 337.832 815.323 172.492 1264.75 208.421 952.267 433.191 835.975 593.708 722.772 494.394 254.595 501.66 1084.19 369.333 714.86
internal_count=130030 84493 49369 45537 31526 17843 35124 25861 19676 24101 30203 22971 15494 14642 13675 15290 12240 4168 10321 8811 10140 18593 8748 4921 12650 11610 4182 4927 6537 10031 3338 5982 2829 10816 2402 5184 2768 2307 10260 8555 6594 4728 3904 2864 2744 2433 1760 3603 791 7368 1243 6127 2147 6882 4468 4194 2830 1345 2100 6212 2176 4036
cat_boundaries=0 1 2 3
cat_threshold=132 2 4
is_linear=0
shrinkage=0.05


Tree=19
num_leaves=63
num_cat=0
split_feature=8 62 48 22 68 53 48 40 22 47 26 56 9 106 68 40 40 64 17 69 49 26 65 68 42 53 53 40 13 26 10 92 40 40 53 26 8 62 8 13 70 19 27 22 68 40 30 62 82 64 96 72 3 26 26 28 27 41 17 96 9 102
split_gain=1346.38 555.061 274.27 253.98 175.464 168.147 131.302 83.1243 76.5955 74.6179 74.2964 71.9021 65.3714 60.3344 58.555 55.9835 55.9771 48.9604 48.8807 41.1126 40.9148 39.6397 38.4127 37.8898 40.2312 37.0959 32.7958 32.5041 30.2133 29.6513 28.8228 27.6863 27.1427 25.5942 25.3748 25.1082 24.9598 24.8527 24.0381 23.564 23.0414 22.8964 22.1556 21.6934 20.8729 20.6733 20.6525 20.5212 19.875 19.6877 19.1753 18.9794 18.8099 18.4329 18.2528 18.9487 18.1372 18.6728 19.8974 17.8285 17.6631 17.5856
threshold=0.43303571428571436 -1.0000000180025095e-35 0.89642857142857157 0.082420912420912443 11.450000000000001 -0.1751964036353458 0.39087301587301593 10.500000000000002 0.20740052791084176 6.5000000000000009 0.20524266430317731 0.43329825727635485 112.50000000000001 0.22216429150735723 11.550000000000002 8.5000000000000018 11.500000000000002 0.95824153535835765 0.14907407407407411 -2.036363636363633 -0.47016502491543483 0.16978014603242783 1.5000000000000002 12.250000000000002 9.5000000000000018 -0.34049499570092573 0.14849706957678674 10.500000000000002 1.0000000180025095e-35 0.20442459551799111 95.000000000000014 2.5000000000000004 9.5000000000000018 12.500000000000002 1.2825766435082859 0.24988849241748443 0.81534090909090928 0.99810909859785835 0.22649572649572652 1.5000000000000002 -0.93964285714285711 0.65476190476190488 0.23183658407448807 0.14557242074605134 12.350000000000003 15.500000000000002 0.20859108282421168 0.80928954802712749 0.081586191586191653 0.48242840031471612 35.844949494949503 1.0000000180025095e-35 0.49381181318681322 0.10631485188048059 0.29841463178856603 0.28421835839599002 0.28221437838289659 1.0000000180025095e-35 0.63961038961038974 37.57817460317461 48.500000000000007 0.23978510802310102
decision_type=8 8 10 10 10 10 10 2 10 8 8 8 10 8 10 2 2 10 10 10 10 10 10 10 2 8 10 2 10 10 10 2 2 2 10 10 10 10 10 10 8 10 10 10 10 2 10 8 8 10 8 10 10 10 10 10 10 2 10 8 10 10
left_child=2 5 6 4 21 13 25 -8 15 11 20 26 17 22 29 -5 -12 27 43 30 -6 -3 -2 24 38 -1 -9 -4 -20 -7 42 44 -23 -21 37 -14 41 59 45 47 48 -15 -17 -16 -29 -13 -10 -27 -18 51 -46 -34 -30 -22 -28 -56 57 -19 -59 -11 -39 -36
right_child=1 3 12 8 10 14 7 9 46 34 16 23 35 36 18 19 40 56 28 33 53 32 -24 -25 -26 39 54 31 52 -31 -32 -33 49 -35 61 -37 -38 60 -40 -41 -42 -43 -44 -45 50 -47 -48 -49 -50 -51 -52 -53 -54 -55 55 -57 -58 58 -60 -61 -62 -63
leaf_value=-0.014062578795175237 -0.021993270804543281 -0.0076896441906476286 0.042159703639363159 0.041486525938774312 -0.029894962433135153 -0.016444542213376566 0.029192143466853539 -0.001684334084079751 0.01834663119056415 -0.0061677168102578055 0.015598192580757758 0.053406249091565161 -0.0150479071201301 -0.018643123120465361 -0.028644122931522405 0.0083252908051394525 0.027953605892901287 0.040948388959728903 -0.013707286060250186 0.012103171412417816 -0.038149985507964966 0.038729648387143316 -0.040908512159752275 0.010523878260013613 0.010458172987680514 -0.0042252256979884535 0.0086135120733239045 0.019133159110817484 0.031513667421193756 0.006073640718878252 -0.007730381262302171 0.027040236960494232 0.006293220668016207 -0.0054126862023681837 -0.005699630151444892 0.016285640727532885 -0.031995040292849601 0.021530689412031862 0.022989962073626826 0.033915854898178693 -0.014484361300211713 0.012222346005533681 0.025039273171554372 0.0093093020929826704 0.021830294467097174 0.029891391153031216 0.048263908009953539 0.01461738058042855 -0.01117600231679816 0.020677590484882748 -0.012009700592248028 -0.023805668255384421 -0.010846294816405757 -0.0086985653528470399 0.014699483873473064 0.049593096355122553 0.050237731539218983 0.0062418552630507254 0.033168846421607855 -0.025720841127732381 -0.0069360730441272826 0.030006683697159631
leaf_weight=617.57390048354864 328.39107040315866 428.74775993824005 209.49739325046539 114.89894919842482 1013.3246752694249 218.47819712013006 623.08164658397436 822.08101351559162 94.883887201547623 308.34959697723389 207.82195393741131 170.03963796049356 111.55534972250462 431.43595501035452 823.77056339383125 380.95801369100809 61.883909098803997 426.44442081451416 425.16380403190851 280.4589224755764 59.72141669690609 77.4281375259161 1572.2483736649156 696.37875314801931 326.81469190865755 677.28972221910954 743.92587988078594 413.26509287953377 68.504509456455708 436.83574123680592 136.74315026402473 814.29114627838135 629.69443196058273 804.18551935255527 57.266568034887314 147.04779048264027 338.09866598248482 103.32498766481876 429.33197352290154 52.741429261863232 1175.7135559096932 69.071784928441048 415.82388255000114 39.003083661198616 61.218375876545906 219.86228507757187 153.78019167482853 182.61391059309244 66.224666312336922 230.21977282315493 126.95801675319672 56.136718451976776 41.416499391198158 435.26661997288465 116.89466772973537 58.361752182245255 233.9100294560194 100.16647537052631 220.54463019967079 187.32787602394819 113.31834661960602 84.634771600365639
leaf_count=4151 2283 2505 872 538 8455 1342 2824 4743 433 1687 1294 776 507 3372 6805 1954 426 1745 2914 1462 451 396 15806 3554 1631 4090 3753 1819 409 2568 716 3625 3523 4787 263 648 2817 507 2092 294 8596 500 2047 257 279 1017 681 948 496 1222 582 393 302 2955 575 282 964 435 925 1056 560 380
internal_value=-0.000168609 -0.0115712 0.0138386 -0.00241085 -0.00947337 -0.0246113 0.00822233 0.0121022 0.01076 0.00969677 -0.0162911 0.0128614 0.0267524 -0.0327192 -0.0137835 0.0076889 -0.00844889 0.0291307 -0.0195614 0.00574513 -0.0241399 0.00500474 -0.0376536 0.0197443 0.025333 -0.00460942 0.00557149 0.0237776 -0.00766906 -0.00144742 0.0134315 0.0210296 0.0104854 -0.000876595 -0.00357936 0.00276318 -0.0215041 -0.00742816 0.0312469 0.00179579 -0.0122909 -0.0143677 0.0170684 -0.0269196 0.0128605 0.0402568 0.0369674 -0.000211374 0.00779599 0.00805843 -0.000943522 0.00379849 0.0155992 -0.0123217 0.0120556 0.0265348 0.0379652 0.0340611 0.0248044 -0.0135942 0.00667729 0.0156578
internal_weight=21072.4 11616.3 9456.11 6823.92 4442.18 4792.42 6591.21 5060.99 2381.73 4437.91 3019.96 3583.69 2864.9 2739.25 2053.17 2133.07 1511.64 2606.3 1397.86 2018.17 1508.31 1422.23 1900.64 1842.43 1146.05 1530.22 1741.26 1625.23 535.085 655.314 933.525 1415.73 993.479 1084.64 854.222 258.603 838.606 712.321 819.234 912.645 1303.82 500.508 796.782 862.774 601.441 389.902 248.664 859.904 128.109 916.051 188.176 685.831 109.921 494.988 919.182 175.256 981.066 747.156 320.711 495.677 216.643 141.901
internal_count=130289 82705 47584 43330 30712 39375 35183 25700 12618 22876 22673 18423 12401 24778 14597 11504 10812 11246 10687 10966 11861 8039 18089 9070 5516 9483 9353 7177 3625 3910 4717 6305 5534 6249 4453 1155 6689 3810 3885 5332 9518 3872 4001 7062 2680 1793 1114 5038 922 5138 861 3916 711 3406 4610 857 4069 3105 1360 2743 1067 643
is_linear=0
shrinkage=0.05


Tree=20
num_leaves=63
num_cat=0
split_feature=8 52 61 52 67 67 63 106 17 71 62 13 3 40 22 81 63 71 70 55 8 61 8 8 40 40 105 40 106 41 81 26 40 61 9 68 13 55 52 56 13 70 8 68 69 29 81 87 62 52 56 60 27 28 81 20 62 52 40 67 46 13
split_gain=1258.83 509.941 226.135 208.368 169.831 122.607 108.575 101.38 97.2442 71.5287 64.7176 59.2615 55.6301 51.6292 51.2605 48.2269 47.1455 44.2304 43.2399 42.3776 37.639 37.3717 36.9992 40.005 35.7618 34.9329 34.1508 33.499 33.0367 32.1301 31.9592 32.9465 31.7368 31.3687 28.9677 27.4935 27.3112 26.9239 25.967 25.2543 24.0548 23.9835 23.7557 23.9216 23.6706 23.5106 23.3218 22.3593 21.9853 21.6926 20.979 20.4632 20.3222 20.1388 19.8775 19.8707 19.1879 19.186 19.7019 19.1368 18.9536 18.6974
threshold=0.43303571428571436 0.56458333333333344 0.44722222222222224 0.68990384615384626 25.150000000000002 25.150000000000002 0.78869047619047628 0.23275170199811815 0.48074074074074075 1.5000000000000002 0.30865147576198843 1.0000000180025095e-35 0.49167699130934434 11.500000000000002 0.1543994877343611 -0.25415833449944458 0.59687500000000016 1.5000000000000002 -1.0999999999999985 0.24484999926975834 0.087121212121212141 0.88348416289592768 0.10555555555555557 0.18465909090909094 13.500000000000002 8.5000000000000018 0.61721611721611735 10.500000000000002 0.25631218004443163 1.0000000180025095e-35 -1.1111502528838513 0.27830641364574665 15.500000000000002 0.68990384615384626 99.500000000000014 11.750000000000002 1.5000000000000002 0.25444236493192912 0.80662393162393176 0.24891554624579013 1.0000000180025095e-35 -0.90000000000000113 0.67708333333333337 11.65 -2.0914855072463783 0.18072802719830733 -1.0048013504373581 0.045603089720736796 0.27331478544594096 0.98611111111111127 0.55397994991318034 -0.28670741234996949 0.24984709457242782 0.14547317436661703 0.98655234801973024 1295.5000000000002 1.3798059117694683 0.36515151515151517 13.500000000000002 25.450000000000003 1.3333333333333337 1.5000000000000002
decision_type=8 10 8 8 10 10 8 8 10 10 8 10 10 2 10 10 8 8 10 10 10 8 10 10 2 2 10 2 10 2 8 8 2 10 10 10 10 10 10 10 10 10 8 10 10 10 10 10 10 10 8 8 10 10 10 2 10 8 2 10 8 10
left_child=3 2 12 6 10 30 11 16 18 33 36 17 40 -10 25 59 46 -1 29 34 -19 45 -15 50 38 -9 -13 -18 57 -5 -4 41 48 -7 47 -17 51 -27 -12 -34 -2 53 -29 -44 -41 -20 -6 -8 -22 61 52 -3 -24 -32 -39 -21 -49 -11 -59 -14 -38 -25
right_child=1 4 5 8 7 9 19 14 13 28 24 26 15 22 -16 35 27 20 21 55 32 -23 23 49 -26 37 -28 42 -30 -31 31 -33 39 -35 -36 -37 60 54 -40 44 -42 -43 43 -45 -46 -47 -48 56 -50 -51 -52 -53 -54 -55 -56 -57 -58 58 -60 -61 -62 -63
leaf_value=-0.015791200029294603 -0.022398054755176089 -0.0096798120176839458 0.02775938706025264 0.033038310726583503 -0.0031088942863240973 -0.032261497613374553 -0.009753001527054387 0.038370480258419493 0.039992328835349505 -0.025009820194449986 0.01693808579795119 0.010603678151325246 -0.012022655489774938 0.01089635656053526 0.025681626499008417 -0.029486305196651599 0.021227434771249724 -0.013787300561460082 -0.016725175234737072 0.021043207800091394 0.002563875775030938 0.020501632922386874 0.010606212476754945 0.012711723505438033 0.012114413686869352 -0.010080350894296463 0.047930171176705089 0.002300228103578232 0.0011266506191326944 0.012252755009267391 -0.014714559607561434 0.016041780710560293 -0.013573949638783101 -0.012542075634283384 -0.021339028922075599 -0.04484276022732385 0.038892931987413344 0.0066184288192400985 0.040869529301606998 0.015324361050768735 0.0057593233833259511 -0.021694612276185049 0.0054806800303174516 -0.02224342189039933 -0.0055630293312750644 0.0045552539532087927 -0.026027380929584284 0.010356674887226698 0.018295961415969151 0.030954577901669174 0.041998914211114471 0.0080337771247869557 0.037340858617252663 0.0031252567508955071 -0.025612352731658523 0.043381026962257527 0.029728330921702822 0.013033643071545678 -0.015880949779445232 -0.030319636560650599 -0.0049067076241230247 0.042531802981874797
leaf_weight=494.82640735059977 487.41198384016752 437.2866919413209 94.660912163555622 332.79631787538528 129.29191870987415 927.12298757582903 110.43323317915201 52.859064146876335 582.73184540867805 346.75820060819387 213.61257842183113 228.38975561410189 219.78378145396709 478.8360620290041 204.29534885287285 413.54993864893913 95.96320815384388 366.40147703886032 159.28047239035368 663.09670802205801 442.4208305478096 322.75387269258499 137.31375293433666 645.14365953207016 756.00166553258896 638.81834656000137 83.185985654592514 254.04521151632071 407.26036856323481 424.12215352803469 223.39513789862394 200.95630674064159 340.0498256534338 259.94818036258221 72.476904399693012 1064.5345378816128 70.601074360311031 632.30869095772505 246.29854921996593 243.82803228497505 89.369732782244682 196.72393657267094 97.275718688964844 380.95840927958488 303.29113740473986 681.30223383009434 796.41950814425945 657.53580605238676 445.66279004514217 317.83310426771641 462.17595084011555 258.69758825749159 148.85142515599728 535.38960262387991 50.764831066131592 117.77465603500605 158.4421374797821 82.420567706227303 200.30122893303633 418.30973740667105 37.394547052681446 56.527501702308655
leaf_count=3276 3782 2582 549 1522 965 8599 584 261 2420 2682 1025 1287 1732 2196 984 3470 516 2040 882 3124 2593 1478 606 2912 3781 3899 400 1615 2597 2055 1339 1178 2077 1969 365 11178 373 3717 1080 1301 652 1514 559 2633 1768 3613 6237 3318 2257 1338 1938 1531 653 3087 332 566 711 527 1506 4173 205 256
internal_value=-7.02197e-05 -0.0111735 -0.020972 0.0134266 0.000118725 -0.0125383 0.00599382 -0.00681383 0.0208224 -0.0195803 0.0115558 0.000105429 -0.031846 0.0267164 0.00237652 -0.0356006 -0.0150843 -0.00233424 0.0121284 0.015742 0.000780894 0.00606768 0.0232567 0.0265965 0.0188286 -0.00110289 0.0206907 -0.00640645 -0.00997069 0.0214231 -1.5843e-05 -0.00231137 0.00379375 -0.0279575 0.00890645 -0.0405691 0.000546852 -0.00270914 0.0298151 -0.00289398 -0.0180328 -0.00618402 -0.0100518 -0.0166045 0.00375658 0.000507782 -0.0228332 0.0112931 0.0104703 0.0201172 0.035385 -0.00309359 0.0245941 -0.00213945 0.00418915 0.0244635 0.0141499 -0.0171408 -0.00743539 -0.0240461 0.023821 0.0151712
internal_weight=20998.3 11520.8 6167.9 9477.48 5352.89 3474.94 4727.82 3333 4749.67 2223.81 2019.89 2948.06 2692.96 2829.41 1579.05 2116.18 1753.95 2636.48 1920.26 1779.76 2141.65 1163.34 2246.68 1767.85 1215.91 1374.75 311.576 828.243 1036.74 756.918 1251.13 1156.46 1775.25 1187.07 998.888 1478.08 803.98 1321.89 459.911 887.169 576.782 955.509 732.279 478.234 547.119 840.583 925.711 926.411 888.084 1019.5 748.341 695.984 286.165 758.785 683.074 780.871 815.978 629.48 282.722 638.094 107.996 701.671
internal_count=130365 82829 50534 47536 32295 25547 25667 21718 21869 17880 10577 16999 24987 12319 9193 20553 12525 15312 9550 8668 12036 5973 9899 7703 5886 8209 1687 5323 7312 3577 7667 7118 9996 10568 4978 14648 4691 7948 2105 5146 4434 5940 4807 3192 3069 4495 7202 4613 4850 4506 3197 4113 1259 4426 4049 3690 4029 4715 2033 5905 578 3168
is_linear=0
shrinkage=0.05


Tree=21
num_leaves=63
num_cat=0
split_feature=51 71 51 8 40 53 53 52 65 61 21 12 17 64 13 26 40 40 62 71 72 69 53 95 48 13 65 70 61 33 5 26 31 45 71 107 40 40 63 6 19 27 2 52 47 26 64 41 62 40 33 87 81 63 12 26 52 53 104 40 33 9
split_gain=1140.14 472.814 300.938 171.136 170.65 124.231 123.05 93.7802 69.4628 68.1269 66.9807 60.9519 55.7451 53.7902 50.8899 46.1109 44.1517 44.1141 46.4578 41.3024 38.8103 38.536 34.2979 33.8886 31.6484 31.4602 30.8906 29.0818 28.5642 28.1262 28.0577 27.9653 27.4816 25.8691 25.8472 24.9063 24.6395 22.6541 22.4456 23.6784 22.3848 22.1302 21.9944 21.9535 21.8659 21.4986 21.2613 21.0022 20.9441 21.3186 22.7412 20.2973 20.231 20.0648 20.0343 19.7219 18.6067 18.416 18.4156 17.9799 17.9029 17.8477
threshold=0.24118829644432829 1.5000000000000002 -0.88369182757116882 0.43303571428571436 11.500000000000002 0.28626199036326422 -0.070705266267011915 0.75735294117647067 19.500000000000004 0.6132478632478634 0.42699665958092931 1.0000000180025095e-35 0.18019480519480521 0.22552155821277189 1.5000000000000002 0.25525920657499612 9.5000000000000018 10.500000000000002 1.1167085940792794 2.5000000000000004 1.0000000180025095e-35 -2.5658333333333299 0.93751632444850197 31.850000000000005 0.85504201680672276 1.0000000180025095e-35 1.0000000180025095e-35 -0.85000000000000042 0.63068181818181823 435.00000000000006 0.39190642690642696 0.10007949125596187 5.5000000000000009 10.500000000000002 1.5000000000000002 37.936157395539617 16.500000000000004 8.5000000000000018 0.81534090909090928 34.241666666666681 0.4188596491228071 0.26530963383288625 0.18019480519480521 0.22048611111111113 3.2500000000000004 0.26675882123669276 0.67943467936651092 1.0000000180025095e-35 1.1508354811294754 9.5000000000000018 477.00000000000006 0.48919968919968931 0.64900850492433282 0.44722222222222224 1.0000000180025095e-35 0.12507822277847311 0.93933823529411775 1.3727247408003378 37.911021828535283 11.500000000000002 451.00000000000006 84.500000000000014
decision_type=10 8 8 8 2 8 10 10 8 10 10 10 10 10 10 10 2 2 10 10 10 10 10 8 10 10 10 10 8 2 10 8 2 2 10 8 2 2 10 8 10 10 10 10 8 10 10 2 10 2 2 10 10 8 10 10 10 8 10 2 2 10
left_child=1 7 10 14 15 13 8 9 12 23 11 17 28 20 24 31 -8 -3 27 21 30 32 26 -1 57 33 -18 47 -5 -23 43 -4 41 46 -22 48 52 -33 39 -9 53 -7 -28 -6 -39 -25 -15 -19 49 -13 -51 -14 -20 -31 -17 -10 -55 -2 -11 -57 -24 -42
right_child=3 2 4 6 5 19 16 38 55 58 -12 35 51 25 -16 54 22 18 36 -21 34 29 60 45 -26 -27 42 -29 -30 40 -32 37 -34 -35 -36 -37 -38 44 -40 -41 61 -43 -44 -45 -46 -47 -48 -49 -50 50 -52 -53 -54 56 -56 59 -58 -59 -60 -61 -62 -63
leaf_value=0.01610414415131391 -0.0082074630193504691 0.040765133391996694 -0.021995115162380893 -0.040736126416928718 -0.01489185690253758 0.011788495762944905 0.017408910297234539 0.030685164142241442 -0.033982351531651404 -0.0128201715839764 0.040396159020140703 0.035584942742606707 -0.025097529719733391 -0.00013379963576081301 0.038090214679557782 0.034004212504955771 -0.0035401287299661119 0.029386147019743805 0.034044840144341469 0.051460201671354136 -0.04597910936157714 -0.01822793363803242 -0.023642970469499723 -0.029256750983696862 0.038734069602807987 0.026089055747347985 -0.026515723073992394 0.0093164216699731031 -0.01716457152301552 -0.011968273925887627 -0.014246438077750549 0.030147377262635361 -0.018327862326919363 -0.0034927866805299548 -0.016428664201620858 -0.018811381192985616 0.0083641321036203049 0.017984578500946525 0.016001757011963366 -0.0050276748962720047 0.021431358188918944 0.026219584805598613 -0.0031635778757984657 0.0024978674484964717 0.00016143245655347453 -0.010557657638205806 0.025478770555267601 0.014403583031868847 0.019252845637163438 -0.014305148811806801 0.010835970381460818 -0.00026196635321376437 0.01169992657086185 0.00087997726651682293 0.0082242578834609403 0.010035195675590036 0.018473456606674803 0.023125034116574329 0.0016235735068958511 -0.014633567058346182 0.0034918105345389736 -0.0064738921315727546
leaf_weight=48.347493037581444 619.59927693754435 294.31680577993393 53.356078557670116 1557.0859636887908 231.38518825918436 868.60538686066866 109.04535741358995 49.322406344115734 97.559837594628334 502.50114474445581 412.56771302223206 41.79963307082653 520.77713660895824 161.31639075279236 82.35036726295948 535.64700045436621 240.10644024610519 464.60925783216953 852.17712733149529 55.68543353676796 96.953911058604717 140.64682678878307 75.558028511703014 990.50823234021664 41.3297199010849 130.15394008159637 822.73123343288898 923.97740134596825 142.29802415519953 219.0389918461442 693.08469473570585 192.8304679915309 59.489312715828419 1015.6704376339912 312.44385685771704 83.047572001814842 133.22200462222099 428.43590910732746 226.37538071721792 597.18002426624298 287.96232742071152 384.14552022516727 115.22916173189878 827.84879292547703 287.18066366761923 183.69827435910702 161.77231732010841 477.64533293247223 329.57588842511177 179.05877032876015 178.74617210030556 97.692086674273014 116.48728416860104 642.67104442417622 88.554278567433357 94.511214278638363 195.19316478073597 49.771185293793678 392.51890954375267 327.56047045439482 294.22419743984938 70.977197423577309
leaf_count=296 4135 1229 290 16869 1571 4148 645 249 716 3138 1693 178 4558 958 472 2430 1411 2049 3630 265 907 766 525 8573 216 720 6862 4418 1346 1275 4404 894 303 5777 2162 400 579 2112 1096 3547 1416 1787 811 5054 1453 1487 849 2226 1468 894 892 838 514 3492 397 631 932 260 2408 2306 1941 355
internal_value=-0.000219909 0.00657399 0.0108073 -0.0202861 0.00507577 0.00151383 -0.0240639 -0.0113004 -0.0303859 -0.016983 0.0212024 0.0192496 -0.0340906 -0.00466337 0.0011271 0.0197872 -0.0132255 0.0223005 0.0204565 0.00918172 -0.00967849 0.0083434 -0.0153935 -0.0246524 -0.0032034 0.00271866 -0.0195604 0.015635 -0.0387736 0.00301912 -0.00643267 0.0128974 0.0146516 0.000428814 -0.0235218 0.00698261 0.0286009 0.0149687 0.00248902 -0.00225992 0.00514113 0.0162311 -0.0236533 -0.00131131 0.0108423 -0.0263429 0.0127296 0.0218145 0.00994207 0.00223407 -0.00175038 -0.0211813 0.0313726 0.00147206 0.0303659 -0.0138271 0.00499578 -0.00584671 -0.006491 -0.00909902 -0.00210148 0.0159107
internal_weight=20906.2 15618.7 12628.3 5287.43 8141.05 6555.04 4494.38 2990.45 2837.48 2117.57 4487.23 4074.66 2317.85 3630.63 793.051 1586 1656.89 3262.44 2968.12 2924.42 2161.72 2868.73 1547.85 1222.55 710.7 1468.91 1178.07 1866.23 1699.38 1556.49 1752.32 961.803 1312.24 1338.76 409.398 812.228 1101.89 908.447 872.878 646.502 1415.84 1252.75 937.96 1059.23 715.617 1174.21 323.089 942.255 729.18 399.605 357.805 618.469 968.664 1056.9 624.201 519.632 837.864 669.37 895.02 422.072 369.782 358.94
internal_count=130223 85681 64887 44542 44717 37141 39459 20794 27264 15902 20170 18477 23611 22402 5083 7576 12195 14645 13416 14739 14098 14474 11550 10356 4611 8304 9084 8693 18215 8236 11029 4749 6238 7584 3069 3832 4723 4459 4892 3796 7470 5935 7673 6625 3565 10060 1807 4275 3432 1964 1786 5396 4144 5699 2827 3653 4424 4395 5546 2937 2466 1771
is_linear=0
shrinkage=0.05


Tree=22
num_leaves=63
num_cat=0
split_feature=49 62 71 23 49 53 40 71 67 40 40 62 64 40 52 53 9 40 72 53 40 13 13 56 46 68 0 9 102 26 87 22 49 23 13 49 67 53 40 53 26 41 67 13 56 20 80 33 56 97 55 33 23 96 64 24 45 56 12 48 71 6
split_gain=971.114 457.505 180.515 162.852 154.387 105.138 93.2966 85.4371 72.7672 69.9953 62.303 57.0372 55.9093 53.9586 49.7784 48.8154 47.0065 39.3638 39.2921 39.232 38.0607 37.267 34.3531 32.2885 30.8889 29.2052 28.9765 28.7046 27.8169 27.1372 26.573 26.5505 25.3085 25.1691 24.2618 23.3023 23.2539 23.1729 22.6167 22.5738 22.1168 21.9551 31.2348 23.5706 21.8632 21.7639 21.455 20.1786 20.041 19.7653 19.7704 19.6511 19.6131 19.4036 21.6841 19.1031 18.9155 18.1588 18.8009 17.9738 17.97 17.8362
threshold=0.10876980609711996 0.14676746451610465 1.5000000000000002 0.16069740750742645 1.395842949249303 -0.67610387491164181 14.500000000000002 1.5000000000000002 25.150000000000002 13.500000000000002 10.500000000000002 0.51684878984014604 0.93134516430767833 7.5000000000000009 0.91987179487179505 -0.5174247547809786 106.50000000000001 13.500000000000002 1.0000000180025095e-35 -0.080538297131930656 13.500000000000002 1.0000000180025095e-35 1.5000000000000002 0.13595848525237506 3.1291666666666673 11.65 3.5000000000000004 197.50000000000003 0.24783254839049138 0.33851811447574476 0.10457516339869283 0.15783342289383556 -0.68424157417452791 0.2157637423804816 1.5000000000000002 -0.62994017946055436 38.150000000000013 2.0037699788359173 7.5000000000000009 1.3093593913078805 0.17197814952918475 1.0000000180025095e-35 25.150000000000002 1.0000000180025095e-35 1.0000000180025095e-35 628.50000000000011 0.36931818181818188 451.00000000000006 0.17331930291054687 5.5000000000000009 0.49086773760099228 441.00000000000006 0.4894360958190746 39.003333333333337 0.52034300130481359 0.18465909090909094 12.500000000000002 0.19899695795953334 1.0000000180025095e-35 0.29705882352941182 1.5000000000000002 35.01666666666668
decision_type=10 8 8 10 10 8 2 8 10 2 2 10 10 2 10 10 10 2 10 10 2 10 10 8 8 10 2 10 10 10 10 10 10 10 10 10 10 8 2 10 10 2 10 10 10 2 10 2 8 8 10 2 8 8 10 10 2 8 10 10 8 10
left_child=1 3 15 8 6 20 13 49 59 29 46 22 21 -2 25 44 19 -17 28 24 35 27 60 -10 57 26 40 33 36 38 -20 53 -19 48 -27 -4 -11 -14 -7 51 -12 42 -13 45 -3 -43 -9 -47 -6 50 -5 -30 -40 -21 -55 -24 -53 -15 -59 -1 -8 -48
right_child=4 2 5 7 12 9 11 10 23 18 14 41 37 16 -16 17 -18 32 30 31 -22 -23 55 -25 -26 34 -28 -29 39 -31 -32 -33 -34 -35 -36 -37 -38 -39 52 -41 -42 43 -44 -45 -46 47 61 -49 -50 -51 -52 56 -54 54 -56 -57 -58 58 -60 -61 -62 -63
leaf_value=-0.02660386649403796 0.052927883552948557 -0.03161464773376791 -0.0071308293850450236 -0.022846614471714821 -0.0083894908362057048 0.042457945440574407 -0.019714121272355854 0.037575102308944043 -0.038502020511417295 0.0041242079517707225 -0.020243053613251117 0.031440054431950297 0.028444883330887422 0.0019874510060828121 0.010122350057919536 0.0067281560612551736 -0.0080803596801013369 -0.021814661908520893 -0.019938454804048475 0.021442062878783349 -0.017525013864165797 0.040409347805244258 0.0018212005377864729 -0.019917713767449854 -0.019066280882364669 -0.021983566458766944 -0.014501290294615613 -0.018885162153312485 -0.0094385379764272293 0.037951805471710565 0.0041382512342792417 0.038858184579217893 -0.004534695714867725 0.020681149830141323 0.010101611200271934 0.019044009936416723 -0.013204760659101013 0.048638517295334888 0.010823786984761621 0.028682566280564505 0.012641397758494502 -0.0078332989329478343 0.007972055559593131 0.024117799818678967 -0.012089919681364383 -0.015146452271757342 0.026315826763970703 0.011653252865433578 0.013616910967468344 -0.03153825935306033 0.0043915657510120547 0.02070219808651845 0.033423031352381651 -0.0099664580238614225 0.0202715118508799 0.038455792421542727 0.0027135583676987868 0.024107543268721908 -0.0014083312022876533 -0.0089029673312372541 -0.0044871405267465298 -0.0034202562329518162
leaf_weight=225.52902500331402 91.239119313657284 435.01552730053663 225.78079026192427 280.95706407725811 151.99101505428553 66.840936377644539 234.69970516860485 72.089315131306648 1412.7643727734685 1141.6620189398527 64.149729646742344 218.14461776614189 879.65421269834042 317.94284307211637 252.33114243298769 323.9531252682209 220.05469016730785 452.38460095971823 281.49600330740213 1015.3492359295487 653.86805453896523 153.033063814044 78.066546998918056 284.23219314962626 96.820323884487152 838.85018151253462 440.16920455545187 60.816641822457314 124.06280892342329 133.40600412338972 192.3284153342247 182.92252525687218 399.04941625893116 944.21145156025887 62.801683582365513 135.06198535859585 232.08921483159065 171.92468851804733 1132.6085719019175 173.42969246208668 237.2378491088748 368.59104146808386 404.496352404356 131.82385567575693 216.32828758656979 81.281435966491699 74.194016054272652 482.80622841417789 319.37685330212116 538.31083360314369 86.851839043200016 315.92050506174564 104.26920802891254 115.28468731045723 120.10078085958958 64.55315262824297 271.82401804625988 301.74197440594435 94.660496540367603 395.50361023843288 1094.9279004782438 152.53538044542074
leaf_count=1817 391 4156 1424 2369 804 296 1677 415 14762 6351 423 937 3701 1872 1489 2150 1134 3695 1857 4718 4608 681 456 2480 534 6697 2884 288 698 611 1166 768 2711 4112 454 785 1440 696 5773 803 1510 1814 1923 632 1659 406 413 2358 1452 5122 702 1709 473 586 554 348 1547 1503 472 2844 6226 928
internal_value=-0.000235228 -0.00910885 -0.000675499 -0.0200192 0.0129005 0.00408691 0.00825451 -0.0125178 -0.030043 0.00759921 -0.00717823 0.00250703 0.0227982 0.0153547 -0.0105238 -0.0141871 0.013943 -0.00809104 0.0028993 0.0161045 -0.0103401 0.0169796 -0.00468306 -0.0354029 0.00730449 -0.0136984 -0.0063358 0.0145253 0.00564545 0.0165283 -0.0101774 0.021075 -0.0137307 0.015973 -0.0197401 0.00269186 0.00118908 0.0317895 0.0143086 0.0125519 0.00559821 0.00878036 0.0162314 0.00441101 -0.0251584 0.00160283 0.0140085 0.00777162 0.00651828 -0.0254265 -0.0164203 0.00858698 0.0127544 0.0184453 0.00548236 0.0185552 0.0124014 0.0109004 0.0180262 -0.0153635 -0.00718773 0.00638329
internal_weight=20826.4 12429.9 7011.38 5418.51 8396.52 5184.65 5715.51 3100.48 2318.03 4169.94 2194.36 3159.39 2681.01 2556.12 1895.54 1826.73 2464.88 1175.39 2732.81 2244.82 1014.71 1629.43 1472.25 1697 811.166 1643.21 741.557 1476.4 2258.99 1437.12 473.824 1433.66 851.434 1415.58 901.652 360.843 1373.75 1051.58 1303.72 885.237 301.388 1687.14 622.641 1064.5 651.344 932.679 298.819 564.088 471.368 906.12 367.809 711.807 1236.88 1250.73 235.385 142.62 587.745 714.345 396.402 621.033 1329.63 226.729
internal_count=130264 89221 43912 45309 41043 29541 29309 23406 21903 22724 15213 16777 11734 12532 13457 14371 12141 8556 15571 11007 6817 7337 8707 17242 4381 11968 4817 6656 12548 7153 3023 6626 6406 6368 7151 2209 7791 4397 6542 4757 1933 8070 2860 5210 5815 4578 1756 2764 2256 8193 3071 3954 6246 5858 1140 804 3256 3847 1975 4661 7903 1341
is_linear=0
shrinkage=0.05


Tree=23
num_leaves=63
num_cat=0
split_feature=49 4 53 48 40 53 40 68 56 66 12 64 62 66 26 71 66 71 6 4 40 40 24 53 17 80 53 50 53 48 92 95 56 26 13 23 53 56 49 58 55 53 46 12 64 60 9 9 61 60 59 26 13 60 104 40 31 33 56 104 24 12
split_gain=903.318 401.484 197.569 144.313 117.061 104.406 98.6937 76.0138 73.4786 66.3848 54.6782 51.6768 47.8794 46.8577 46.0784 43.4494 42.5029 41.5047 40.7471 36.4913 35.5925 32.6462 32.3853 30.7683 30.766 30.0715 29.9376 29.6878 28.7849 28.5769 27.3414 26.3914 26.3507 26.0648 25.4993 25.1558 24.6228 23.2891 22.5942 22.5274 22.3691 22.1689 22.0617 22.0499 21.9178 21.7426 21.1429 20.8957 20.811 20.59 20.473 19.8986 19.7092 19.6744 19.4633 18.9986 19.9161 20.2505 20.4322 18.6112 21.5391 18.5149
threshold=-1.0000000180025095e-35 0.60370624745624768 -0.42942872813185379 0.89642857142857157 13.500000000000002 -0.10928434788959109 9.5000000000000018 11.850000000000003 0.13987210617963455 1.0000000180025095e-35 1.0000000180025095e-35 0.79633514087789847 0.73632823712984286 1.0000000180025095e-35 0.25759788639365927 1.5000000000000002 1.0000000180025095e-35 1.5000000000000002 35.683333333333344 0.79172077922077932 15.500000000000002 8.5000000000000018 0.58578431372549034 1.3093593913078805 0.7947368421052633 0.44097222222222227 1.340019538832979 0.54772727272727284 1.2568343296216919 0.24264705882352944 2.5000000000000004 13.850000000000003 -0.028258991368887102 0.21290765685926979 1.5000000000000002 0.50142857142857156 1.8044569879205439 0.22946448375394399 -1.0074746668256129 0.6044992181204919 -0.34766237212349488 0.88215103710284071 3.0916666666666672 -1.0000000180025095e-35 0.31282315121848164 -0.48991576078318927 113.50000000000001 111.50000000000001 0.84807692307692317 -0.68281051810995741 1.3037279778741404 0.22227305072684764 1.5000000000000002 -0.43372028289906944 36.600462962962972 9.5000000000000018 4.5000000000000009 437.00000000000006 -0.13157856261129733 37.265063954384352 0.38675213675213682 1.0000000180025095e-35
decision_type=10 10 8 10 2 10 2 10 8 8 10 10 10 8 10 10 8 10 10 10 2 2 10 8 10 10 10 10 10 8 2 8 10 10 10 8 10 10 8 10 10 10 10 10 8 8 10 10 10 8 10 10 10 10 10 2 2 2 8 8 10 10
left_child=1 2 9 6 14 13 -2 23 27 29 20 18 17 -3 26 32 49 -9 22 31 24 -17 -5 61 46 41 34 43 50 -1 51 -15 -11 -33 38 55 -19 -32 -4 -22 -16 -18 -29 -8 -27 -25 52 -39 -40 -7 -12 -20 59 -31 -50 -13 57 -57 -59 60 -10 -6
right_child=3 5 4 11 7 16 8 12 10 15 28 35 -14 19 40 21 25 36 30 -21 39 -23 -24 45 -26 44 -28 42 -30 53 37 33 -34 -35 -36 -37 -38 47 48 -41 -42 -43 -44 -45 -46 -47 -48 -49 54 -51 -52 -53 -54 -55 -56 56 -58 58 -60 -61 -62 -63
leaf_value=-0.026697168726444023 0.029933802399299159 -0.013751772722681788 -0.025749246759420915 0.013381909164741121 0.002899065715117919 -0.016106542725930508 0.033306777420175647 -0.022207328349732575 -0.0027893160406969194 -0.032570751823108743 -0.014567231700679847 0.052018414769701593 0.0077799802156396829 0.021972479681906201 0.0085216089030524644 0.029204275754523747 -0.012491240248732815 -0.0087370840944287764 -0.016401256119226406 -0.042774055539257859 -0.0069964092125972726 -0.013738631150811571 0.03296723008180371 -0.012595231509808744 0.045244874070273583 -0.027237482313326102 0.028113259141649999 -0.008578924304387045 0.019752104216436552 -0.0039942972912820687 0.0013628035005074789 -0.035280836641882724 -0.015122540618391632 -0.019315310545545174 0.033636166417920249 0.04426165953586246 0.018910249201737023 0.025192801304112663 0.00069765895961849587 0.0099660585980973666 0.028537050517540009 0.016032681522834099 -0.040835889270832211 0.00030039231526766508 -0.0035283472322095635 0.02433365342403274 -0.011735867530102296 -0.0094732842607470266 0.0047102933128577154 0.014946795812479308 0.009468397357146113 0.0061966442602364559 0.036925079770916608 0.014350381860125614 0.049140582659490194 0.006496890284736068 0.0038796410995153643 0.0038540460086882149 0.029363613737757241 0.021606865457602174 0.020285002540019983 -0.025114525556916591
leaf_weight=94.979921199381351 425.57145922631025 358.8883788511157 70.553568191826344 455.25669381767511 1345.556675247848 74.302828513085842 52.055605679750443 694.57519243657589 227.16208717226982 630.16308983415365 385.75052557140589 58.874564453959465 338.08864489942789 25.146955378353596 197.20401914417744 45.345749348402023 249.71154364943504 931.48554217070341 153.44604945927858 678.19730109721422 236.39998877048492 1020.4970693588257 396.37094959616661 46.098676897585392 99.907185047864914 545.77517902106047 138.07058641314507 629.57674606889486 103.76587018370628 407.45582703500986 228.11597980558872 671.43591337651014 333.66155236214399 420.17922728508711 64.033996552228928 179.90489667654037 87.20809206366539 373.73954358696938 771.44357516616583 1119.8776877298951 486.16717320680618 92.583445370197296 57.018041886389256 1093.7369560301304 119.02152317017317 269.77008168399334 62.552007064223289 48.651295363903046 54.451866552233696 182.78874069452286 114.16018113493919 262.87576805055141 121.71952943503857 226.64711208641529 44.396369755268097 132.10752095282078 123.34825686365366 85.70436055958271 976.66343620419502 545.2997387573123 180.99856458604336 60.688541032373905
leaf_count=634 1901 2611 438 2074 7656 454 264 5585 1143 6140 2053 240 1860 216 998 250 2123 6000 732 8000 1244 7355 1739 239 444 4756 638 4347 457 2345 1190 7205 2633 4291 339 729 443 1648 4343 5529 2373 675 424 5890 918 1265 324 227 262 1033 562 1209 596 1266 212 557 562 424 4078 2640 855 362
internal_value=-7.49846e-05 -0.00916879 -0.00326415 0.0119165 0.00213169 -0.023603 0.00684168 -0.00289785 0.00488236 -0.0142136 0.00945603 0.0198792 -0.00939794 -0.0302972 0.0125194 -0.0188602 -0.0121827 -0.0127903 0.0143741 -0.0335959 0.0126093 -0.011886 0.0225254 0.00484593 0.0187386 -0.0168115 0.00636887 -0.00309969 -0.0040917 -0.00126981 0.00785206 -0.0279888 -0.0265524 -0.0291588 0.00335621 0.0266505 -0.00635403 0.0142479 0.00126183 0.00700651 0.022782 -0.0047519 -0.0113132 0.00182767 -0.0230044 0.0189214 0.0163733 0.021187 0.00347863 0.00594434 -0.00907048 -0.00215173 0.0180181 0.0025749 0.0249579 0.0243186 0.0230426 0.0250166 0.0273112 0.0155682 0.00746754 0.00167311
internal_weight=20707.2 11776.6 8358.54 8930.61 5599.79 3418.03 5455.55 3773.47 5029.98 2758.75 3197.59 3475.06 2051.36 2153.85 1826.32 2029.67 1264.18 1713.27 1918.46 1794.96 2593.92 1065.84 851.628 1722.11 1237.64 1007.09 1142.95 1832.39 603.677 729.083 1066.83 1116.76 963.825 1091.62 1004.88 1556.6 1018.69 650.507 940.845 1356.28 683.371 342.295 686.595 1145.79 664.797 315.869 1137.73 422.391 870.292 257.092 499.911 416.322 1075.18 634.103 98.8482 1376.7 1317.82 1194.48 1062.37 953.46 408.161 1406.25
internal_count=130000 85918 53636 44082 33013 32282 28673 23410 26772 20623 15847 15409 13888 22323 9603 16378 9959 12028 8819 19712 12775 7605 3813 9522 6002 8472 6232 10925 3072 4245 5006 11712 8773 11496 5594 6590 6443 3065 5255 6773 3371 2798 4771 6154 5674 1504 5558 1875 4817 1487 2615 1941 5234 3611 474 5861 5621 5059 4502 4638 1998 8018
is_linear=0
shrinkage=0.05


Tree=24
num_leaves=63
num_cat=0
split_feature=8 71 48 64 26 40 62 48 40 49 5 40 21 9 62 40 12 68 26 26 67 49 3 71 47 95 67 8 22 68 42 40 27 3 41 40 25 26 17 55 40 99 102 23 33 61 42 42 68 23 12 8 8 41 62 4 6 61 40 20 67 23
split_gain=867.355 383.349 227.492 163.233 133.268 92.9269 90.6192 79.1653 74.9712 53.5586 51.5166 50.6285 47.4406 47.9444 45.8553 45.4015 43.8955 43.3264 40.5052 39.1474 38.8503 37.754 37.646 35.531 32.5695 32.3261 29.9733 29.9445 30.0765 29.5684 29.2061 28.5115 27.1025 26.4849 24.6571 24.6161 25.7607 24.0667 23.9465 23.4636 22.9188 22.5081 22.4167 21.8629 21.1554 21.0874 20.9742 20.7419 21.1507 20.4883 20.3318 20.2125 19.603 27.8515 19.2447 19.2339 19.1347 18.8302 19.8786 18.6862 18.4073 17.8833
threshold=0.43303571428571436 1.5000000000000002 0.39642857142857152 0.48242840031471612 0.24709543368429174 14.500000000000002 -0.099446592585526433 0.45643939393939398 13.500000000000002 1.6165100220960251 0.52833999333999337 11.500000000000002 0.39502248658547262 113.50000000000001 0.67626078510046439 12.500000000000002 1.0000000180025095e-35 11.250000000000002 0.19635165363355703 0.15949945068329038 24.450000000000003 -1.0747403762363283 0.56818546037296047 1.5000000000000002 9.5000000000000018 38.050000000000004 25.150000000000002 0.18465909090909094 0.050010969723562976 11.65 7.5000000000000009 15.500000000000002 0.26998395512050982 0.36444597069597079 1.0000000180025095e-35 8.5000000000000018 1.0000000180025095e-35 0.22485541403403206 0.38585607940446659 -0.39497118318339569 14.500000000000002 34.050000000000004 0.21252933836826457 0.22989227747935079 439.00000000000006 0.84807692307692317 3.5000000000000004 9.5000000000000018 12.350000000000003 0.11098541980894923 1.0000000180025095e-35 0.72474747474747481 0.16025641025641027 1.0000000180025095e-35 0.091528089773795451 0.24889346764346768 35.483333333333341 0.71008403361344552 10.500000000000002 172.50000000000003 38.550000000000004 0.26374401339140413
decision_type=8 8 8 8 8 2 8 8 2 10 8 2 8 10 10 2 10 10 10 10 10 10 10 10 8 8 10 10 8 10 2 2 10 8 2 2 2 10 10 10 2 10 10 10 2 10 2 2 10 8 10 10 10 2 8 10 10 10 2 2 10 8
left_child=3 6 10 7 5 19 22 21 24 16 20 41 13 25 17 -8 26 -7 -12 60 46 -1 61 -19 27 31 34 -5 -29 50 32 39 -13 -17 -10 -21 -37 -35 -26 -9 -31 -6 -25 -32 -28 -30 -3 48 -41 -22 -23 -48 53 -11 -44 -54 -27 58 -20 -40 -4 -2
right_child=1 2 4 8 11 14 15 12 9 52 18 30 -14 -15 -16 33 -18 23 57 35 49 29 -24 42 38 56 44 28 45 40 43 -33 -34 37 -36 36 -38 -39 59 47 -42 -43 54 -45 -46 -47 51 -49 -50 -51 -52 -53 55 -55 -56 -57 -58 -59 -60 -61 -62 -63
leaf_value=-0.024958111948863368 -0.02688842475580229 0.03069571376557927 -0.0037206682126513044 0.045000390799125801 0.031731798979408685 -0.0049830308563098506 -0.002040008698759992 0.003462094528956427 0.028187183432311181 0.04405924444298906 -0.035021670900985048 0.0074364377623840593 0.026499368699509824 -0.014647956605553389 0.0079705990132600251 0.0021599558656900004 -0.0067302951297312274 -0.045283947977542149 0.0095825658314146935 0.033851901730470098 -0.035172898815099128 0.011359767936264469 -0.038678157483278484 -0.02691723223400784 -0.020306875212317596 0.014754607966854917 -0.0071748318596351881 0.0076202444792630442 0.022688602610580158 0.0028385389393709975 -0.0094870063063489871 0.0048304748567212777 0.024993251632906985 -0.027564584778036989 0.011263448617821657 0.0016649352405066144 0.018722133418424502 -0.013646696307573009 -0.0088956826857598675 0.033199070696465896 -0.014747736645639997 0.0066227153746648533 -0.022914007651471682 0.0074036171665201964 0.010282050194907723 0.040607844031757864 0.0098848903982385571 0.010685010397668922 0.012599122087531878 -0.012250967411894645 -0.02069363935205305 -0.016360453579655342 0.025017225229661485 0.017981300111134968 -0.0022282440133326205 0.0039445570264607377 -0.0086428603380313343 0.0057614211190633218 -0.023002974038140427 0.024022894420157575 -0.032552961354114555 -0.004434579896470797
leaf_weight=206.62356040626764 380.72413961589336 60.076814338564873 323.18901619315147 286.16885839402676 362.10671035200357 658.40868644416332 429.32099013775587 266.25584814697504 422.00900291651487 220.89374454319477 520.17845480889082 724.76115515083075 338.29090376198292 239.62817743420601 252.41695465147495 118.11487410217524 350.38077218085527 135.57744093984365 51.878802292048931 95.931919515132904 119.22721253335476 431.83663066476583 966.96911333501339 369.50720576196909 44.828349091112614 113.90924014151096 205.10471262037754 174.05309087783098 361.62321566790342 300.77958729118109 341.50373239815235 936.4666566029191 315.40744370222092 858.95760647207499 442.70702476799488 655.38274757564068 333.41084420681 491.66257739067078 51.299287840723991 372.40898628532887 480.20109348744154 119.16185904294252 185.36324284225702 433.78115791082382 1105.3361966237426 309.14593762904406 168.58834171295166 346.43456996232271 189.69118236750364 529.20888119935989 54.930827587842941 128.29398237913847 278.39527480304241 194.32423666119576 284.06082195788622 177.51652146875858 364.07170446962118 86.282775834202766 435.17064718157053 254.90827411413193 65.88713163882494 116.0901949480176
leaf_count=1434 3605 356 1944 1196 1670 3731 3230 1337 1836 899 4557 4236 1438 1223 1340 720 1747 1403 351 466 1162 2423 11166 2861 219 561 1056 852 1651 1820 2229 4882 1699 7848 2122 3782 1951 4092 226 1720 3321 602 1525 2341 5551 1295 1049 1700 919 4334 320 893 1139 811 1850 752 1911 543 3616 1121 472 860
internal_value=1.23335e-05 -0.00947331 -0.00335877 0.0110884 0.00185877 -0.00448726 -0.0235725 0.00437465 0.0174735 0.0133725 -0.0174125 0.0111382 0.00882906 0.00670733 -0.0118374 -0.0163493 0.0096784 -0.0149023 -0.0249209 0.00491692 -0.00922944 -0.00519354 -0.0329212 -0.0215921 0.0268574 0.00868861 0.0123234 0.0309883 0.0261943 -0.00195508 0.00730806 0.0113459 0.012779 -0.0205277 0.0195458 0.00979534 0.00742955 -0.0225119 0.013498 0.016531 -0.00797975 0.0255414 -0.017714 -3.91375e-05 0.00754638 0.0309954 0.00401121 0.0203529 0.026282 -0.0165133 0.00770759 -0.00147356 0.0240589 0.0319272 -0.0104279 0.0168388 -0.00304777 -0.0157115 -0.0195196 0.018497 -0.00867414 -0.0216611
internal_weight=20636.8 11116.6 7754.76 9520.22 5655.86 3359.14 3361.84 4641.53 4878.69 3396.67 2098.91 2296.72 3167.16 2828.87 1885.33 1898.06 2525.54 1632.92 1093.51 1473.8 1005.4 1474.37 1463.78 974.509 1482.03 2589.24 2175.16 1130.99 844.822 1267.75 1815.45 2111.26 1040.17 1468.74 864.716 1084.73 988.794 1350.62 351.036 1174.79 780.981 481.269 838.931 775.285 1310.44 670.769 356.959 908.535 562.1 648.436 486.767 296.882 871.13 415.218 469.424 455.912 477.981 573.332 487.049 306.208 389.076 496.814
internal_count=129966 82484 50963 47482 34102 21325 31521 25009 22473 15913 16861 12777 15691 14253 12710 15890 12312 11370 9067 8615 7794 9318 15631 7639 6560 13030 10565 4994 3798 7884 10505 10558 5935 12660 3958 6199 5733 11940 1566 5676 5141 2272 6236 4570 6607 2946 2298 4339 2639 5496 2743 1942 3601 1710 3375 1891 2472 4510 3967 1347 2416 4465
is_linear=0
shrinkage=0.05


Tree=25
num_leaves=63
num_cat=0
split_feature=62 49 52 53 53 67 64 71 4 68 13 70 55 95 17 11 68 41 40 40 40 48 40 9 13 41 81 68 58 62 23 27 10 40 24 41 70 56 17 67 95 67 64 71 67 30 40 100 20 67 2 56 80 27 40 69 13 81 42 64 95 49
split_gain=746.796 403.906 172.84 137.284 135.287 100.157 87.5821 78.8632 78.8079 63.066 54.5263 52.1904 51.6934 45.7492 45.2614 44.8899 37.8285 37.6507 36.351 36.2569 34.7992 31.8665 30.786 30.4473 29.1845 30.0015 29.0734 28.1382 28.0619 27.6433 27.0808 26.4042 24.8192 25.3134 24.7036 23.9554 23.8244 22.9206 22.8461 22.5458 22.3423 21.8164 21.7636 21.1239 20.9134 20.5319 19.8698 19.6033 19.7026 19.264 19.1242 21.0951 20.9578 17.854 17.5426 17.0716 16.9866 16.9008 16.1428 16.0632 15.913 15.8289
threshold=0.33516229598199326 -0.30409444786328532 0.75735294117647067 -0.10928434788959109 0.84700452097500867 25.150000000000002 0.79633514087789847 1.5000000000000002 0.61669973544973555 11.65 1.0000000180025095e-35 -0.95000000000000007 -0.058571110913222341 14.250000000000002 0.47213622291021679 1.0000000180025095e-35 11.450000000000001 1.5000000000000002 14.500000000000002 13.500000000000002 12.500000000000002 0.34495192307692313 14.500000000000002 103.50000000000001 1.0000000180025095e-35 1.5000000000000002 -0.52839666855920786 11.950000000000001 0.39216398649656969 -0.3032228316955296 0.47072012661566875 0.26578139882204749 195.00000000000003 14.500000000000002 0.38675213675213682 1.0000000180025095e-35 -0.49082491582491444 0.41837956921186759 0.56832298136645976 25.050000000000004 36.050000000000004 36.95000000000001 1.0448700361234693 1.5000000000000002 25.650000000000002 0.2411364057372711 11.500000000000002 4.5000000000000009 1493.5000000000002 25.950000000000003 0.11651583710407241 -0.090067821255508121 0.83974358974358987 0.25168660697217871 8.5000000000000018 -0.47124060150375863 1.0000000180025095e-35 1.0000000180025095e-35 7.5000000000000009 -0.066307690773692224 38.850000000000001 1.8797512723103085
decision_type=10 8 10 10 10 10 10 10 10 10 10 10 10 8 10 2 10 2 2 2 2 10 2 10 10 2 10 10 10 10 10 10 10 2 10 2 10 10 10 10 8 10 10 10 10 10 2 8 2 10 10 10 10 10 2 10 10 10 2 8 8 8
left_child=1 3 5 8 6 24 10 13 20 35 11 23 45 -7 39 17 26 32 55 30 60 -13 40 50 25 31 -10 -21 -15 -26 54 37 33 -8 -19 -5 42 -3 -12 -6 -11 58 56 -29 -22 -4 -37 61 -49 -24 51 -2 -53 -20 -14 -9 -16 -18 -35 -47 -1 -23
right_child=4 2 12 9 14 7 15 18 16 22 38 21 19 28 36 -17 57 34 53 27 44 47 49 -25 29 -27 -28 43 -30 -31 -32 -33 -34 41 -36 46 -38 -39 -40 -41 -42 -43 -44 -45 -46 59 -48 48 -50 -51 -52 52 -54 -55 -56 -57 -58 -59 -60 -61 -62 -63
leaf_value=0.0034903457288902244 -0.0051589053292319378 -0.0013076657183698477 -0.0046846641525071257 0.01452684557998667 0.021836368881433203 0.028944176525476289 0.032978141164157884 -0.0028070215495591892 0.0089016841292983376 0.0056842429918544839 0.01341013521869671 -0.020235383197944982 0.048718823914507388 -0.02992587058693737 0.022083659731991216 -0.011377823894630233 -0.028678133682272511 -0.0044529106087380114 -0.017720123552954176 0.018447682055843389 -0.012400876819392151 0.0013146783900688981 -0.011089869837204691 -0.01489126188858076 0.00270729855717692 -0.0088453175051375257 -0.025789635457355926 -0.017381610480013326 -0.012447524666130886 0.041822701093165632 0.046783892914599633 0.01856941257431028 0.0074865993007786321 0.028020016821543037 0.016296644890135419 0.013979978651191275 0.018203407298963397 0.030492525336879114 0.042714380926557653 0.0069832370364208418 -0.014810733908941663 0.005872623901479631 0.040450455033223975 0.0076747879252200297 -0.027150422183588929 -0.0065383071625563964 -0.0099185120166472487 -0.010527270918916353 0.0096381387489427473 -0.027274382233802349 0.0014368901538146317 0.021514164593820034 -0.0013954314103146485 -0.0023130613745356281 0.016797550022031604 0.013049123055492199 0.048665467154092146 -0.040912869351200302 0.00514397473787112 0.017101597153072218 -0.0231766462008502 0.026197999233653114
leaf_weight=256.28416190296412 117.63578814268112 765.15755012631416 553.38421420753002 274.38672729581594 405.74922233819962 41.023383967578411 468.81614790856838 427.19496650993824 76.384308859705925 230.82284051924944 266.41990227252245 295.08269946277142 48.019179701805115 723.47838241606951 577.11841149628162 152.68882647901773 438.39648415893316 292.90016666054726 508.5577803850174 499.75817682594061 410.17699117213488 646.56493932753801 288.00572257488966 135.45397102087736 91.233495190739632 527.99672987312078 279.95705308020115 113.79676301777363 339.39544016867876 88.746104218065739 127.23225367069244 289.72095117717981 288.3688662275672 432.05685229599476 279.49050284922123 114.33505776524544 663.99560210108757 60.190632417798042 88.422138690948486 691.14908784627914 311.35136271268129 245.96220392733812 355.43127569556236 313.74784928560257 589.40408896654844 98.333166152238846 353.180071644485 755.61549059301615 143.40335191786289 517.91837771236897 431.35239895433187 591.70370343327522 119.90597978234291 298.5321279540658 381.48324094712734 280.38633588701487 67.16850557923317 863.40849331766367 94.449176535010338 261.46686156094074 70.498538859188557 69.937554359436035
leaf_count=1766 653 4501 2915 1629 1806 247 2147 2480 600 1529 1478 2127 202 7166 2427 838 5013 1506 3650 2418 3066 3463 2299 735 526 3143 2380 765 2767 469 532 1579 1419 1974 1304 604 2813 307 399 3405 2358 1242 1464 1611 5308 502 2239 4626 801 4467 2175 3021 661 2000 1785 1605 283 10533 455 1311 526 321
internal_value=9.95618e-05 -0.0080267 -9.5765e-05 -0.018713 0.0112566 -0.00593508 0.00698979 -0.0121981 -0.025594 -0.00887933 0.00221458 0.000213186 0.0107214 -0.0223563 0.0203949 0.0147399 -0.0328623 0.0166416 -0.00478492 0.0164779 -0.0164896 -0.00515531 -0.0153188 0.00755881 0.00306269 0.000963071 -0.0183492 0.010404 -0.0243617 0.0221192 0.0265577 0.00561121 0.0207334 0.0238023 0.00568956 0.00282668 0.0255944 0.00104554 0.0208119 0.0124924 -0.00609089 0.018198 0.0304803 0.000980692 -0.0211164 0.00135862 -0.00405656 -0.00239004 -0.00730353 -0.0215116 0.00998101 0.0144184 0.0176574 -0.0120312 0.0204713 0.00348569 0.024926 -0.0368179 0.0239338 0.0106406 -0.00231582 0.00377666
internal_weight=20590.2 11913.3 6838.84 5074.51 8676.84 4441.61 5916.23 2618.57 2984.51 2090 3661.5 3306.66 2397.22 1103.9 2760.61 2254.73 1658.15 2102.04 1514.67 1484.04 1326.36 1910.6 1348.1 1396.05 1823.05 1643.07 356.341 927.303 1062.87 179.98 556.735 1115.07 1529.65 1241.28 572.391 741.902 1663.71 825.348 354.842 1096.9 542.174 772.468 999.718 427.545 999.581 913.184 467.515 1615.52 899.019 805.924 1260.6 829.245 711.61 807.09 429.502 707.581 644.287 1301.8 526.506 359.8 326.783 716.502
internal_count=130341 86798 42481 44317 43543 30440 31345 19915 29192 15125 20460 18583 12041 10180 12198 10885 18526 10047 9735 7313 10666 11338 10653 7245 10525 9530 2980 4794 9933 995 2519 6387 7237 5818 2810 4472 6987 4808 1877 5211 3887 3671 4174 2376 8374 4728 2843 9211 5427 6766 6510 4335 3682 5650 1987 4085 2710 15546 2429 1813 2292 3784
is_linear=0
shrinkage=0.05


Tree=26
num_leaves=63
num_cat=0
split_feature=51 51 71 40 71 53 40 51 26 47 33 40 63 67 40 26 13 68 53 71 3 99 40 20 71 31 26 7 53 23 49 41 55 31 26 105 40 81 55 56 23 40 8 5 51 68 56 53 10 53 101 92 59 61 8 87 28 102 26 68 53 8
split_gain=746.494 329.638 199.395 129.395 124.042 88.177 75.6948 64.7509 64.6839 56.0284 57.2073 54.195 50.4533 43.8786 42.4495 41.974 41.3726 41.4369 40.6588 38.9223 35.4804 33.0847 32.6111 32.1735 31.257 31.7371 30.0191 29.1018 28.2949 25.945 25.8142 25.5199 24.4026 24.2396 28.6611 24.178 23.6873 23.616 22.7631 21.6552 21.2496 20.757 20.5398 20.5369 20.5302 20.2566 18.8085 18.7658 18.6895 18.5047 18.1288 18.1672 17.9232 17.8542 17.6226 20.2551 17.4115 17.3926 17.2386 16.9361 16.801 16.6801
threshold=0.41193064757615577 -0.77866968430367434 1.5000000000000002 12.500000000000002 1.5000000000000002 0.2983130554030195 15.500000000000002 -1.5543468540431542 0.17658933867866108 6.5000000000000009 437.00000000000006 7.5000000000000009 0.74264705882352955 25.150000000000002 12.500000000000002 0.25759788639365927 1.5000000000000002 11.550000000000002 0.89998173293325756 1.5000000000000002 0.59236810400150752 36.95000000000001 9.5000000000000018 863.50000000000011 2.5000000000000004 5.5000000000000009 0.20115914199419452 1.0000000180025095e-35 -1.1697555472362675 0.45473174366616992 0.44465846023003647 1.0000000180025095e-35 -0.20188943974752135 4.5000000000000009 0.18039494206773621 0.63818181818181829 16.500000000000004 -0.17354512784407336 -0.1482814637813121 0.37722218992266021 0.2696701703515767 16.500000000000004 0.35504201680672276 0.44834235209235218 1.091116301402556 12.450000000000001 0.62513101190753095 -0.32225949240593416 45.000000000000007 0.019597170662738781 3.6999999999999997 2.5000000000000004 0.10164365830147785 0.64087301587301593 0.70294117647058829 0.049518663155026788 0.2523452487811747 0.2365181309760058 0.26675882123669276 12.250000000000002 -0.84042093151686725 0.71825396825396837
decision_type=10 8 8 2 8 10 2 10 10 8 2 2 10 10 2 10 10 10 10 10 10 8 2 2 10 2 10 10 8 8 10 2 10 2 8 10 2 10 8 10 10 2 10 10 10 10 8 10 10 10 8 2 10 10 8 10 10 10 8 10 10 8
left_child=1 7 12 11 20 13 8 31 30 10 -9 -4 14 33 40 28 17 27 59 -15 -2 29 44 -19 25 38 -16 56 -13 -11 60 46 -30 34 -5 53 -36 50 -7 -29 -3 48 -25 -22 -10 -34 -1 -33 58 -44 -24 -52 -39 -21 55 -14 -12 -57 -40 -8 -6 -20
right_child=4 2 3 5 6 24 18 9 22 21 16 15 54 19 26 -17 -18 23 61 35 43 -23 37 42 -26 -27 -28 39 32 -31 -32 47 45 -35 36 -37 -38 52 41 -41 -42 -43 49 -45 -46 -47 -48 -49 -50 -51 51 -53 -54 -55 -56 57 -58 -59 -60 -61 -62 -63
leaf_value=0.024058992018310677 -0.019569567422243445 -0.010349754436584086 0.042599911342196158 -0.0084119743575580674 -0.0388493235286776 -7.0078616886268957e-05 -0.020466148305669195 -0.0028841814295362169 0.037100325946717548 0.0066257890087572163 0.022361322054603935 -0.020460505712084194 -0.019935335767417951 -0.037730653104054435 -0.02854331082683207 0.02041747225496519 0.036342983008847272 0.0035523064920340245 0.0210425763597736 -0.015873956777730441 -0.024087274597595076 -0.006837013901783132 0.013652965730606623 0.0204418545361169 0.047217717131458531 -0.01584737120759392 -0.014235061986640235 0.00644263367681875 -0.00030224590416595335 0.042331412038255439 0.027298321171274471 -0.00060258108812571369 0.018600386827253124 -0.011629525292720393 0.011794744954182805 0.0083827342204402782 -0.0095912058981697246 -0.019598598623341741 0.010590433369692941 0.023540669420461329 0.014704126252530673 -0.0026035389648614818 -0.017055115012885067 -0.040586852732601417 -0.0022447787473910859 -0.0022484917973179387 0.045495210040710048 0.023179792756406178 -0.0007736814632426166 0.012104795021779344 0.0032933412195923304 -0.039680725096570696 -0.00083403435361382766 -0.0040807883818687251 -0.020100414211317585 0.00071336283465688207 0.03978794574882729 0.023547192293320082 0.023638828654196087 -0.033645734829321615 -0.017253683217744367 -0.013984657518880388
leaf_weight=203.13099031150341 475.74080085009336 280.68960548937321 146.05321227759123 385.31694886088371 136.78366005420685 774.87061525136232 643.46922677755356 430.7154378592968 93.782678388059139 374.01936952769756 333.64269870519638 94.927245229482651 68.076682008802891 132.87977542728186 714.91237261891365 769.56696306914091 241.8660094588995 927.14937429130077 67.467900291085243 918.29463467001915 262.08084730803967 567.63978539407253 287.07589045912027 787.12756369262934 44.523866802453995 163.20395304262638 759.50670729577541 365.7300785779953 528.16772413998842 58.001094534993172 24.659954324364662 102.68533951044083 529.52440124005079 368.50570672005415 716.59434506297112 165.95377082377672 157.19003957509995 228.92590146511793 649.89257302135229 376.29591089487076 120.00782313942909 253.50398912280798 71.624048374593258 729.4440620392561 50.824600614607334 149.0303103402257 215.27744102478027 429.41302293539047 204.90000413358212 216.32309163361788 80.530910946428776 34.321111775934696 285.19587153196335 494.42002912610769 84.438849754631519 211.97796107828617 258.93753550946712 136.5562231913209 417.0847490504384 400.83128170669079 270.11631552129984 66.534601889550686
leaf_count=860 4487 2263 648 2246 1369 4090 5476 2034 554 1789 1419 575 456 1323 6661 3555 1069 4464 412 6807 3002 2693 2067 3539 210 903 6310 1687 2762 241 152 478 2590 2308 4029 931 901 1964 3303 1643 702 1275 401 8933 354 776 885 1822 1068 1043 633 251 2119 3106 648 1354 1087 822 2013 4092 2227 462
internal_value=-0.000209555 0.00457877 -0.000777066 0.00297395 -0.0191847 -0.000926676 -0.0127599 0.0139602 -0.00527374 0.0116856 0.0143255 0.013256 -0.0135034 -0.00624721 -0.0172678 0.0111673 0.016397 0.0149408 -0.0222279 -0.0118341 -0.0308615 0.00109388 0.00137073 0.0103832 0.00615681 0.00539583 -0.0211875 0.0217654 0.00568684 0.0115062 -0.0215695 0.0259222 0.00775897 -0.00036857 0.00293383 -0.00963178 0.00794094 -0.00212081 0.00690928 0.0151334 -0.00282826 0.0104524 0.0162654 -0.0362543 0.0233514 0.0140248 0.0351704 0.0185977 0.0130546 0.00481763 0.00694921 -0.00978022 -0.00921126 -0.0117524 0.000590719 0.0048225 0.0300304 0.00970146 0.0157084 -0.0255522 -0.0245907 0.00367617
internal_weight=20537.9 16400.1 10440.6 8064.4 4137.79 5847.14 2670.52 5959.58 1492.22 5009.07 4009.41 2217.27 2376.17 3339.16 1875.12 2071.22 3578.7 3336.83 1178.3 1711.55 1467.27 999.66 1060.66 2002.22 2507.98 2463.46 1474.42 1334.61 1301.65 432.02 431.56 950.507 1206.72 1627.61 1259.1 1578.67 873.784 916.05 2300.25 742.026 400.697 1525.38 1075.07 991.525 144.607 678.555 418.408 532.098 1271.88 287.947 401.928 114.852 514.122 1412.71 501.05 416.611 592.58 348.534 1066.98 1044.3 406.9 134.003
internal_count=130343 91789 64635 45419 38554 34513 22132 27154 11690 23109 18386 10906 19216 21651 15936 10258 16352 15283 10442 12167 16422 4723 7942 9447 12862 12652 12971 5836 6703 2030 3748 4045 6128 9484 7176 10844 4930 7034 11749 3330 2965 7659 4983 11935 908 3366 1745 2300 6384 1444 2951 884 4083 9913 3280 2632 2506 2176 5316 9568 3596 874
is_linear=0
shrinkage=0.05


Tree=27
num_leaves=63
num_cat=2
split_feature=8 53 67 48 67 3 12 40 31 71 40 56 40 56 23 55 81 9 81 70 105 56 26 109 8 42 3 41 68 26 64 110 26 9 17 68 40 54 53 55 55 40 26 26 21 8 95 54 100 6 13 53 4 53 30 29 8 13 2 102 49 40
split_gain=693.916 320.202 150.558 115.902 110.969 98.1614 73.2525 66.7702 61.0841 60.3882 56.7296 44.1323 43.4811 41.2184 38.2267 37.9895 37.3131 36.7135 35.5419 34.611 34.0888 31.1266 30.5788 30.1244 29.8254 28.4003 26.3439 25.5769 25.438 24.3446 24.2435 23.2952 22.9302 22.4754 22.0815 21.8883 21.8622 21.4539 20.9027 20.7733 20.5193 20.1865 19.7696 19.7418 19.5633 19.4278 19.3512 19.0407 18.4216 18.3315 18.2438 18.2241 18.0736 17.6371 17.6302 17.6293 17.5388 17.4598 17.007 16.8805 16.6163 16.3873
threshold=0.42261904761904767 -0.42942872813185379 25.150000000000002 0.89642857142857157 25.050000000000004 0.56250944822373405 1.0000000180025095e-35 14.500000000000002 4.5000000000000009 1.5000000000000002 12.500000000000002 0.53175265997595611 15.500000000000002 0.29217957983578874 0.50142857142857156 0.23591504232388569 0.035576006789815325 112.50000000000001 -0.91627127774676664 -0.93964285714285711 0.31586176980913827 0.26929123440089281 0.1667563688554001 0 0.73030303030303034 6.5000000000000009 0.3000004856254857 3.5000000000000004 12.65 0.21432234432234434 0.16249333125053514 1 0.27830641364574665 106.50000000000001 0.73508771929824568 11.550000000000002 11.500000000000002 0.31980519480519487 -0.099769437980766942 0.75872992409170714 1.1313821971699098 9.5000000000000018 0.19962156201442149 0.2956957953108767 0.35345791869166093 0.31009615384615391 36.250000000000007 0.45993589743589752 2.5000000000000004 39.141666666666673 1.5000000000000002 0.20357588710394939 0.72685185185185197 0.95590259313838499 0.23288154600206884 0.26452148454933327 0.70294117647058829 1.5000000000000002 0.36602870813397131 0.20340015276946266 1.5108067838674473 9.5000000000000018
decision_type=8 10 10 10 10 10 10 2 2 10 2 8 2 8 8 10 10 10 8 10 8 8 10 1 8 2 10 2 10 10 10 1 8 10 10 8 2 10 10 8 10 2 10 8 10 10 8 10 10 10 10 10 10 10 10 10 10 10 10 10 10 2
left_child=3 4 8 6 16 10 7 13 12 24 41 19 22 37 17 32 31 28 -7 27 52 42 -3 39 -6 43 46 29 40 -9 -18 -2 51 -28 -15 -34 -23 -1 -25 -13 58 -4 -20 -14 57 -21 53 -37 -31 -24 -17 -12 -11 -8 -50 -33 -10 -39 61 -19 -60 -5
right_child=1 2 5 14 9 18 26 11 56 20 15 23 25 34 -16 50 30 59 21 45 -22 36 49 38 -26 -27 33 -29 -30 48 -32 55 35 -35 -36 47 -38 44 -40 -41 -42 -43 -44 -45 -46 -47 -48 -49 54 -51 -52 -53 -54 -55 -56 -57 -58 -59 60 -61 -62 -63
leaf_value=-0.0061606467447350441 0.017244868370486565 -0.0016398385445870992 0.02093979417084877 0.044153868901571601 -0.023543782215868475 -0.000590340230805679 0.0038235815658075236 0.00086848826279565725 -0.0020682237338857544 -0.018823561223613568 -0.023931373913414745 0.01293676092919465 0.0046950643665615273 0.019161897317411834 0.033717733499419866 -0.0019340462165136187 -0.027025514746527254 -0.030575444388344305 -0.036000901235538785 0.0001179023087531116 -0.0042669974501171526 0.035297477678653377 0.021744398221121536 -0.010162437432760265 -0.037987975464547644 -0.0083394705043186908 -0.0091754612626724508 -0.017811247290797277 0.0072505691535962096 0.028730979987284279 -0.0037641311612022876 -0.0099840357040890393 0.03117518907871979 -0.038736116628054061 0.042868810900402878 0.0028443251497576147 -0.01259783656876177 0.0043195923967043748 0.0096179762738805141 0.032764232913774276 0.031074055691386833 0.0030232253954114736 -0.020646893004035508 0.027555605162821274 0.029476314292751923 -0.01302811225175214 -0.0077144007270536566 -0.025284408774337769 -0.0074544402377616503 -0.0050498211430310188 0.02674756788676291 -0.010702301137701419 -0.036635191732259313 0.031596500007117577 0.028482816074308109 0.0091376533883769408 -0.02130367421731201 0.0344786449765715 -0.014757968612175971 0.0034728513212509146 0.015310817115277689 0.01849159885181996
leaf_weight=226.83445813506842 131.37291214615107 193.55937026441097 212.18731247633696 65.150336474180222 585.87678066641092 188.05406779795885 230.56290996819735 352.04018165916204 357.70992418378592 623.51833013445139 463.54456999897957 596.69807777553797 476.95092465728521 1115.8819074705243 339.68089391291142 977.96140310913324 314.61730331927538 44.166724920272827 401.26315636187792 551.5331696793437 349.51106945425272 29.088147237896919 973.1836896687746 213.42080172896385 946.75936168432236 373.66959157586098 513.64603086560965 91.007286660373211 463.83724163472652 212.48439954221249 174.19905329495668 477.62740269303322 44.025874935090542 72.73075707256794 107.66410209983587 181.32637123018503 113.54323121160269 468.92775546759367 353.23803881555796 169.84847962856293 361.08173167705536 600.48091396689415 451.48335999250412 116.94834560155869 123.88546498119831 572.02173233032227 264.04307243973017 88.907645218074322 93.115859352052212 67.947964817285538 57.771734543144703 599.30026613920927 186.29099516570568 75.164196133613586 52.602944172918797 160.24248694628477 176.3982694670558 52.522312872111797 73.238959297537804 186.83173102140427 119.66952714323997 1240.8200771287084
leaf_count=1238 841 1051 1075 264 6110 1676 1163 1906 2057 5314 3874 3032 2677 5430 1382 6359 2566 199 4187 3158 2582 188 4835 1203 11557 2159 2855 515 1999 1076 1188 3257 255 425 462 1199 971 2478 1685 812 1520 3339 4321 588 543 3698 1333 572 485 399 351 3904 2267 322 265 1031 1201 253 324 836 516 5263
internal_value=-0.000349971 -0.00881885 -0.00250256 0.00964155 -0.0202411 -0.0082197 0.00593872 0.00840325 0.00670874 -0.025969 -0.003698 0.00392279 0.0103871 0.0153634 0.0179646 -0.00754571 -0.00797361 0.0158577 -0.0205303 -0.000920966 -0.0173338 -0.0242932 0.0166027 0.0109114 -0.0324854 0.0024465 -0.00547112 0.00701357 0.0177468 0.0102151 -0.0187605 -0.00110362 -0.0129836 -0.0129017 0.0212813 -0.00111329 -0.00265235 0.00704654 0.0021633 0.017367 0.020359 0.00772122 -0.0279055 0.00923543 0.0116912 -0.0065806 0.00218525 -0.0064692 0.0193729 0.0199925 -0.000309969 -0.016489 -0.0229611 0.0107324 0.00562424 -0.00509386 -0.008449 0.0074175 0.0177587 -0.00314089 0.00387777 0.0198046
internal_weight=20499.7 11095.3 7145.31 9404.35 3950.02 4408.94 6509.87 5353.73 2736.37 2691.96 3225.51 3258.01 2202.26 2095.72 2894.48 2412.84 1258.06 2554.8 1183.43 1924.81 1159.32 995.378 1234.69 1333.21 1532.64 967.569 1156.15 801.251 2323.8 710.243 488.816 769.243 1377.1 586.377 1223.55 314.26 142.631 872.17 566.659 766.547 1859.96 812.668 852.747 593.899 645.336 1123.55 569.77 270.234 358.203 1041.13 1035.73 1062.84 809.809 305.727 145.719 637.87 534.108 521.45 1498.88 230.998 192.908 1305.97
internal_count=130591 83951 47238 46640 36713 32271 34337 28239 14967 27830 20928 17835 11709 10404 12303 16514 8883 10921 11343 11103 10163 9667 6285 6732 17667 5424 6098 4247 9886 3732 3754 5129 9804 3280 5892 2026 1159 4512 2888 3844 7887 4414 8508 3265 3274 6856 2818 1771 1826 5234 6710 7778 7581 1485 750 4288 3258 2731 6367 1035 840 5527
cat_boundaries=0 1 2
cat_threshold=1 280
is_linear=0
shrinkage=0.05


Tree=28
num_leaves=63
num_cat=5
split_feature=8 53 49 51 40 64 67 26 40 71 67 13 40 51 40 45 81 13 29 112 29 26 66 26 23 105 71 49 24 31 33 56 71 31 52 62 8 26 110 45 30 50 47 8 72 12 30 64 46 49 56 64 107 23 66 110 40 53 10 110 110 42
split_gain=631.59 299.092 173.596 146.114 123.585 100.273 79.5912 72.7965 57.253 54.507 51.5995 44.3814 37.0381 39.607 36.9536 36.1676 35.8712 33.8734 32.5745 30.2978 28.1379 27.7045 26.8885 26.7499 26.3195 25.6122 24.9485 24.4085 24.0717 22.0741 21.4969 21.4212 20.7315 20.2987 20.1939 19.915 19.451 19.3635 19.1771 18.989 19.6119 21.4508 18.961 19.4132 18.4631 19.3004 20.5857 18.4451 19.1172 18.4 18.279 18.1752 21.8028 18.1576 18.1189 18.0799 17.7604 17.1662 19.2924 17.0596 15.8414 15.3721
threshold=0.62019230769230782 -0.5174247547809786 1.0690667879240205 0.80138571258076408 14.500000000000002 0.22552155821277189 24.650000000000002 0.20284979499297848 12.500000000000002 1.5000000000000002 24.950000000000003 1.5000000000000002 9.5000000000000018 -1.5861259760788082 7.5000000000000009 11.500000000000002 -0.95317043912422239 2.5000000000000004 0.19232018793422304 0 0.15390596961359018 0.24554933760741809 1.0000000180025095e-35 0.22359473497634133 0.19895740864870742 0.2766264025997916 1.5000000000000002 -0.65556261133950622 0.65686274509803932 5.5000000000000009 495.00000000000006 -0.16847721796366108 1.5000000000000002 5.5000000000000009 0.20294117647058826 0.58030835418913129 0.07417582417582419 0.23227568251299016 1 14.500000000000002 0.24468474787623726 0.20294117647058826 1.6250000000000002 0.19375000000000003 1.0000000180025095e-35 1.0000000180025095e-35 0.19900743805723861 0.491781714688937 1.5000000000000009 -0.80255023764642786 0.81623450965191113 0.491781714688937 36.500390625000009 0.47072012661566875 5.5000000000000009 2 9.5000000000000018 0.97680308985666775 95.000000000000014 3 4 6.5000000000000009
decision_type=10 10 10 8 2 10 10 8 2 10 10 10 2 10 2 2 8 10 10 1 8 8 8 10 10 10 8 10 10 2 2 8 8 2 8 10 8 10 1 2 8 10 8 10 10 10 10 8 10 8 8 10 8 8 10 1 2 10 10 1 1 2
left_child=1 5 4 7 11 8 15 28 23 27 37 14 -4 36 -3 -6 54 26 31 51 -7 35 -10 38 -18 -24 -9 -8 34 55 49 -16 -22 44 -2 60 -14 -5 -1 40 41 -34 43 -21 45 46 -20 -48 61 -17 -38 52 -15 59 -12 -23 -36 58 -57 -28 -11 -49
right_child=3 2 12 10 6 20 9 17 22 21 16 -13 13 19 18 30 24 -19 33 42 32 29 25 -25 -26 -27 53 -29 -30 -31 -32 -33 39 -35 56 -37 50 -39 -40 -41 -42 -43 -44 -45 -46 -47 47 48 -50 -51 -52 -53 -54 -55 -56 57 -58 -59 -60 -61 -62 -63
leaf_value=0.010394078273596806 -0.033475502788220826 0.036591465881049334 0.039407563903641731 -0.020489551542549944 0.020236424490774792 -0.015089933352308708 -0.022942364937455939 -0.015123713936886503 -0.0084741231070428781 -0.0022953767212253074 -0.018378792796993448 0.028420273386274987 0.0086490095140292853 0.0060731449080478348 -0.021260677306809035 -0.025279280760997464 -0.039619265636714682 0.024038358795065991 0.00935386242869044 0.032159560473967543 -0.008239308093099652 0.00022410692524979043 -0.028973850111900529 0.011974642252646106 -0.024203089132943986 -0.013194277274555664 0.0077653145755640085 -0.0076104730056223069 0.013829715714358683 -0.019056742539450305 0.015225359970205353 0.0033245171438385014 0.0214808801851206 -0.0029523180265238168 0.010044261182073022 0.0027797097359805734 0.025803132423329839 -0.0004664509119697561 -0.016348723707517505 -0.00342961367610801 0.023276130715471768 -0.00078448375723576312 0.011972109823411799 0.016936446977956338 0.0036146332179647026 0.0030854781191125835 0.013781193442970133 0.029401754498165303 0.048209865396898151 0.0020148845577638084 0.046584418108233029 0.012546557889054953 -0.021627104853225974 0.028071082147471095 0.021290239191455999 0.013061076671951714 -0.018572002394521395 0.025144724545746362 -0.016584338659242647 -0.0056999385664797189 -0.016956614852416601 0.010948660260973971
leaf_weight=82.750562883913517 225.97819031774998 124.28857649862766 198.86378155648708 314.39957813918591 481.02266854047775 204.89235460013151 444.7581417709589 381.34443648159504 387.75911909341812 350.71581955999136 165.7128676250577 357.08882930874825 99.093217745423317 238.17298059165478 99.698082938790321 65.919031515717506 835.63498651236296 114.41855765134096 536.00567369163036 367.22618429362774 243.89542265981436 471.10024840384722 773.26419650763273 225.58211081475019 424.04614572972059 389.11660493910313 322.84048467129469 625.35988533496857 53.955655708909035 83.80170476436615 310.55753020197153 736.50494849681854 157.01464067399502 213.89134266972542 57.602082543075085 451.53578707575798 310.450434461236 195.71449803560972 263.26662488281727 269.41310760378838 255.06341816484928 342.74524872004986 626.06629538536072 497.53067620098591 417.12054320424795 278.14417691528797 458.01070567220449 342.76235324144363 91.26122422516346 797.95554709434509 165.1449211537838 552.14152000844479 100.06240643560886 52.425340905785561 33.916262626647949 255.47492700070143 789.53028612583876 207.74049577862024 68.902635350823402 789.37092957645655 410.47677771002054 170.57323382049799
leaf_count=578 2228 550 811 2567 2289 1259 4008 3406 2361 2286 1764 1702 416 1078 597 415 10753 687 2746 1535 1708 2597 7609 1368 4136 2845 2103 4263 329 499 1611 4029 709 1149 379 2287 1281 1441 1854 1518 1296 1977 2707 2175 2342 1349 2395 1629 419 4023 678 2336 467 273 323 1509 6340 1006 403 5086 2678 803
internal_value=-0.000177414 0.00468596 0.00847423 -0.0161244 0.00488355 -0.00796455 -0.000271653 -0.00875366 -0.01492 -0.00468175 -0.0265471 0.0116542 0.0185431 0.0171266 0.00992028 0.008703 -0.0313323 -0.0020934 0.00891833 0.0142723 0.00205744 -0.000342456 -0.0199048 -0.00139053 -0.034453 -0.0237074 -0.00404171 -0.0139981 -0.018555 0.00545143 0.00396596 0.000371401 0.00483765 0.011767 -0.0201947 -0.00553598 0.0289078 -0.0128233 -0.0101132 0.00795659 0.0120197 0.00623978 0.01863 0.0234307 0.0131402 0.0152542 0.0173682 0.0213982 0.0271362 -9.46516e-05 0.0331018 0.00696324 -0.0021612 -0.000403197 -0.0115666 0.00751561 -0.0166166 0.0136973 0.00673233 -0.00176938 -0.010466 0.0233033
internal_weight=20357.1 15600.2 12005.4 4756.89 8850.67 3594.76 5025.32 2787.47 2121.74 3369.87 1969.42 3825.35 3154.75 2955.89 3468.26 1655.45 1459.31 1660.4 3343.97 2381.2 1473.02 2299.75 1550.14 571.599 1259.68 1162.38 1545.98 1070.12 1127.07 1087.02 1174.43 836.203 1268.13 2507.77 1073.11 1212.73 574.689 510.114 346.017 1024.24 754.823 499.76 1490.82 864.757 2293.88 1876.76 1598.61 1062.61 604.597 863.875 475.595 890.377 338.235 1164.64 199.629 1003.22 847.132 532.118 324.378 1112.21 761.193 513.336
internal_count=129965 88150 63068 41815 49584 25082 29874 20831 16615 21536 20984 19710 13484 12673 18008 8338 16976 11555 17458 10298 8467 13265 12815 3800 14889 10454 10868 8271 9276 6014 6049 4626 7208 12832 8947 7251 2375 4008 2432 5500 3982 2686 6417 3710 11683 9341 7992 5246 2851 4438 1959 3881 1545 7462 2087 5515 6719 2918 1912 7189 4964 2432
cat_boundaries=0 1 2 3 4 5
cat_threshold=2 274 572 800 314
is_linear=0
shrinkage=0.05


Tree=29
num_leaves=63
num_cat=0
split_feature=51 63 52 17 40 68 66 105 5 68 7 60 40 72 53 70 41 13 23 53 29 67 0 68 52 13 29 49 87 40 22 30 67 9 9 26 8 49 64 8 40 55 97 24 56 6 55 55 40 103 40 29 70 6 3 59 19 22 58 23 2 19
split_gain=599.748 240.259 165.924 99.4513 91.1563 82.1103 73.1206 70.1531 61.6035 54.1992 50.2182 48.9742 42.7221 38.527 39.0743 37.2925 36.5958 42.0093 34.7661 33.1915 31.1838 27.9307 27.8611 27.6519 27.2928 25.8189 25.5818 27.1143 24.7305 23.5409 23.3926 22.5827 21.7635 21.6607 22.3395 21.405 21.2995 30.278 21.1044 20.9929 20.4791 24.0281 20.121 19.8156 19.6226 19.2571 18.9177 18.1667 17.6832 22.213 17.6501 17.2021 17.0462 17.0314 16.9918 16.8302 16.6235 16.4827 16.4378 16.1709 16.0728 15.978
threshold=0.43776799394934052 0.66145833333333337 0.41987179487179493 0.30217391304347835 14.500000000000002 11.65 1.0000000180025095e-35 0.45481763745236803 0.42859052711993895 11.450000000000001 1.0000000180025095e-35 -0.33022497717498939 8.5000000000000018 1.0000000180025095e-35 0.97680308985666775 -0.70000000000000007 1.0000000180025095e-35 1.0000000180025095e-35 0.22517820130428193 0.86409863103934959 0.25579013170924941 25.650000000000002 3.5000000000000004 11.450000000000001 0.91987179487179505 1.5000000000000002 0.20297786196006443 0.063180240671438168 0.031250000000000014 15.500000000000002 0.23788707839955814 0.24468474787623726 25.150000000000002 120.50000000000001 17.500000000000004 0.20524266430317731 0.53137254901960795 0.76258247244849497 0.80758889950303192 0.56696428571428581 15.500000000000002 0.59788644099493449 2.5000000000000004 inf 0.040305775542199614 35.541666666666679 0.12035130267923609 -0.20188943974752135 14.500000000000002 0.27434042623711513 10.500000000000002 0.19665660102002006 -0.089039039039040077 35.483333333333341 0.37500528317836018 0.96145732290470165 0.20526315789473687 0.14124962294196466 1.5629124610360139 0.33919848641210876 0.10172413793103451 0.16025641025641027
decision_type=10 10 10 10 2 10 8 10 10 10 10 8 2 10 10 10 2 10 10 10 10 10 2 10 10 10 10 10 8 2 8 8 10 10 8 8 10 8 10 8 2 10 10 8 8 10 10 10 2 8 2 10 10 10 10 10 8 10 10 10 10 10
left_child=1 2 9 6 12 28 22 11 24 -1 35 26 -4 14 21 -13 23 29 44 33 56 -7 51 55 40 36 50 -28 -6 47 61 -16 -29 34 -14 -11 37 -5 -17 -36 41 -8 -25 48 -10 -20 -30 52 49 -12 -3 -2 -18 57 58 -9 -21 -22 -19 -55 -52 -31
right_child=3 7 4 25 5 13 8 16 18 10 43 15 19 -15 31 38 17 54 45 20 53 -23 -24 42 -26 -27 27 32 46 30 -32 -33 -34 -35 39 -37 -38 -39 -40 -41 -42 -43 -44 -45 -46 -47 -48 -49 -50 -51 60 -53 -54 59 -56 -57 -58 -59 -60 -61 -62 -63
leaf_value=-0.0022574379829159697 -0.010482865410652881 0.019335986511326925 0.027754493005852799 -0.0025996531719785325 -0.016375586499728537 0.0021030656037653427 -0.014344479591262838 0.025553556273517609 -0.039142562190255796 -0.030592875184540309 0.017116764955135765 0.018542472730898853 -0.01102484242468299 -0.019357169132148085 -0.0016963897029963393 -0.0030249745763299288 0.0089748210025103366 0.044218463324301974 -0.0041183789991566444 -0.013830146512106158 0.018342958557759543 -0.015566042645341539 -0.017429804800740707 0.022031742292500774 0.021834499361206385 0.017287857113026908 -0.0038941948045646498 0.022424220547771354 0.0024406557474261478 -0.0082815379803039754 0.029357333172975827 0.020732166237989277 0.003705235537046562 -0.020151748694360098 0.012826666065048516 -0.016209902941764578 -0.013397034114693736 0.044591746656950787 0.012663970445252071 0.0005960053131229652 -0.025520814650470354 0.019931754323567055 0.0054912790031259734 -0.017940315059522489 -0.024069618500328113 -0.026788043021053632 0.014256385146700488 0.017354979709814033 -0.010073672871258106 -0.026167134060500807 -0.006244688580220906 0.013862110569011777 -0.02038228816552921 0.029860567667873535 0.0098837289894892454 0.04646521513705687 0.010718306885461536 0.042862893866858563 0.013685164551533286 -0.0067400448122287848 -0.025943974938958166 0.0060821443377805139
leaf_weight=908.49116937816143 121.74088936299086 51.214872464537621 282.12516295909882 242.45816984772682 108.79352463781834 326.83314393460751 267.46194766461849 338.02105461061001 976.4703988134861 582.95775347948074 177.35145710408688 909.81903660297394 200.65089627355337 624.12491562962532 273.74312874674797 475.62564162164927 262.15157594531775 163.8600027859211 143.23928696662188 82.003567487001419 125.47143336385489 706.04651667177677 311.12816535681486 553.56368020176888 48.670320145785809 128.82019303739071 577.79865425825119 252.7080934792757 683.28516695648432 319.81537856161594 75.270300135016441 189.05586670339108 401.50330422073603 93.022113882005215 708.2091430798173 472.56541129201651 467.34875576198101 38.514190971851349 388.75510754436255 694.52291599661112 326.46803223341703 62.23794599622488 276.29727279394865 253.55086477100849 285.47633918374777 272.02864189445972 671.812589161098 881.07623565196991 227.28596997261047 34.625082083046436 423.76958756148815 176.63928075879812 59.909463383257389 53.2626658603549 87.59855792671442 137.85833346843719 409.20939518511295 156.99286937713623 61.768754787743092 67.336006581783295 136.47610822319984 487.30658165365458
leaf_count=5479 849 264 1249 1563 604 2091 2775 1397 12748 5687 1130 4355 1153 4492 1508 2747 1208 714 1231 407 566 5121 2232 2375 353 844 3503 1188 3605 1544 311 966 2074 514 3658 4061 3723 208 1947 4018 3636 603 1241 1912 3117 2609 3348 3926 1697 204 2539 1178 287 256 421 568 1892 663 273 306 786 2320
internal_value=-0.000403781 0.00376564 -0.00165315 -0.0181132 0.00267487 -0.00264426 -0.0224529 0.0105093 -0.0264061 -0.012168 -0.0173135 0.0055545 0.00930886 -0.00893195 -0.00457163 0.011482 0.0153452 0.0116701 -0.0316193 0.0072902 0.0150796 -0.0099784 -0.00698525 0.0220824 -0.0139738 -0.00330365 -0.000153423 0.0039956 0.00646058 0.00909687 0.00288909 0.00749074 0.0109592 0.00317746 0.00454265 -0.024175 -0.00686673 0.00400429 0.00403761 0.00677574 -0.016659 -0.0078334 0.0165379 -0.00684018 -0.0357545 -0.0189972 0.0083047 0.0136435 -0.000406768 0.00995694 -0.00850602 0.00392738 0.00346765 0.0253713 0.0287198 0.0316962 0.00660039 0.0320742 0.0359569 0.00953733 -0.0110811 0.000387449
internal_weight=20304.2 16435.5 9113.33 3868.7 6456.5 3583.69 2991.56 7322.17 2382.05 2656.83 1748.34 3617.67 2872.81 2119.8 1495.68 1774.2 3704.5 2398.76 1677.21 2590.68 894.276 1032.88 609.508 1305.74 704.838 877.141 1843.47 1232.01 1463.89 2085.53 882.392 462.799 654.211 1696.41 1603.38 1055.52 748.321 280.972 864.381 1402.73 656.168 329.7 829.861 692.813 1261.95 415.268 1355.1 1203.14 439.263 211.977 611.461 298.38 322.061 403.063 313.227 475.879 491.213 282.464 225.629 120.599 560.246 807.122
internal_count=130244 92575 56587 37669 36417 21735 31331 35988 27072 20170 14691 19403 14682 14178 9686 9049 16585 11004 19705 13433 4090 7212 4259 5581 7367 6338 10354 6765 7557 9596 4175 2474 3262 9343 8829 9748 5494 1771 4694 7676 7014 3378 3616 4943 15865 3840 6953 5421 3031 1334 3589 2027 1495 1791 1408 1965 2299 1229 987 562 3325 3864
is_linear=0
shrinkage=0.05


Tree=30
num_leaves=63
num_cat=1
split_feature=51 71 52 26 64 31 106 52 33 40 66 55 22 26 40 40 51 96 56 51 12 56 6 72 33 56 33 5 64 71 52 13 112 68 40 62 40 13 40 68 97 97 80 21 7 26 57 26 31 55 51 20 4 91 33 68 5 100 53 49 56 21
split_gain=527.597 261 161.159 101.226 85.4332 81.4874 74.9294 58.49 51.7837 50.857 49.6185 42.5317 40.2065 37.6637 37.3784 37.1801 39.6866 34.5203 34.3335 33.8133 31.6145 37.698 30.365 29.6085 27.8244 27.3466 32.3829 27.1551 27.0504 26.184 24.9599 23.2164 22.2926 21.394 20.7174 20.0476 20.9413 20.0342 19.9289 19.8398 22.8448 19.6863 19.5591 19.4521 18.1726 18.0973 18.5732 17.418 17.3211 17.0072 16.385 16.348 20.912 16.1783 15.8688 15.8272 16.3988 17.2169 15.5583 15.4654 18.7567 15.2822
threshold=0.43776799394934052 1.5000000000000002 0.53229166666666672 0.20442459551799111 0.22552155821277189 4.5000000000000009 0.23461976520063083 0.32843137254901966 437.00000000000006 13.500000000000002 1.0000000180025095e-35 1.0000000180025095e-35 0.20740052791084176 0.24709543368429174 11.500000000000002 9.5000000000000018 -1.5543468540431542 33.902941176470598 0.43329825727635485 1.1714403783665654 1.0000000180025095e-35 0.59827981945731756 34.416666666666679 1.0000000180025095e-35 491.00000000000006 0.39276748196186845 475.00000000000006 0.5257321763204118 0.69987471350023711 1.5000000000000002 0.9104278074866311 1.5000000000000002 0 50.550000000000004 10.500000000000002 0.24647385092989285 16.500000000000004 1.5000000000000002 10.500000000000002 11.450000000000001 1.5000000000000002 8.5000000000000018 0.78174603174603186 0.3913434842963735 1.0000000180025095e-35 0.19962156201442149 -0.19431898221278512 0.080609294304005111 2.5000000000000004 -0.40468326633717638 -1.5264989670425388 287.50000000000006 0.20524891774891776 0.43167701863354041 449.00000000000006 12.65 0.52060522810522825 4.5000000000000009 0.42732865125327241 0.58108559474378429 -0.22136613923567422 0.37696695637101968
decision_type=10 8 10 10 10 2 10 10 2 2 8 10 10 10 2 2 8 8 8 10 10 10 8 10 2 10 2 10 10 8 10 10 1 8 2 10 2 8 2 10 8 8 10 10 10 10 10 10 2 10 10 2 10 8 2 10 10 8 10 10 10 10
left_child=1 7 4 10 14 6 13 41 39 29 47 30 15 25 -3 49 -17 53 27 31 21 32 -13 55 35 34 -27 58 45 -5 38 59 37 -21 -4 -6 50 -18 -9 40 -8 -1 -19 -31 -25 46 -24 -2 54 -10 -37 -52 -53 -7 -47 56 -16 -58 -12 -11 -61 -23
right_child=3 2 5 9 24 17 8 11 12 19 18 22 -14 -15 23 16 20 42 -20 33 -22 61 28 44 -26 26 -28 -29 -30 43 -32 -33 -34 -35 -36 36 -38 -39 -40 -41 -42 -43 -44 -45 -46 48 -48 -49 -50 -51 51 52 -54 -55 -56 -57 57 -59 -60 60 -62 -63
leaf_value=-0.014040197599859605 -0.033746801782975726 0.0053389554049826163 0.015356602022715354 -0.015126087973541015 -0.0086241136938215533 0.033277762125546208 -0.012078863754842987 0.0070302254780252845 0.0098988849057296564 -0.013533368793016294 -0.027309129328797116 0.026368678303915372 0.030127443130278653 0.013245515916522718 -0.0017758368485455815 0.029604671574955665 0.011492051109339129 0.00055334946273479901 -0.0083380067509550276 -0.031859695696485682 0.0012102861060117873 0.026918779298776976 -0.029752297632615471 -0.033159927312615189 0.015903043681268582 -0.0013858193036934844 0.031920360129298414 -0.038631642572971053 0.012224150253445053 0.005094391250629147 0.004428404261869869 0.018763705057470537 0.0049580704238974919 -0.0062640386146920468 -0.0073051688968981225 0.027196383177972513 -0.011451984528907368 0.025263462925169396 -0.018010801500539412 -0.007412186275709472 0.022596036077090501 -0.030059366252109389 -0.013912411614418196 0.045625685906305224 -0.0096465890993766828 -0.0099211826432453049 -0.0043036813129129258 -0.0048013925712213634 -0.0047730381522326053 0.037978319608585824 -0.0027342947666435017 -0.0091449369004745953 0.014462147038020002 0.0058725178643768174 0.032802048598940405 -0.019356050090960118 -0.001121880170405492 -0.022338554111538747 -0.0031234685657804072 -0.017997152073734448 0.033588720284438184 0.0059946355943380032
leaf_weight=437.97815772145987 61.0520079433918 467.20625753700733 113.54429243505001 167.35420979931951 299.82338534295559 100.48584366589785 66.91926209628582 87.242671132087708 68.968245416879654 739.88396818190813 418.73377080634236 109.06211929768324 582.5795074403286 824.89641685038805 938.6196318641305 397.5148144364357 909.65163941681385 1000.0078910663724 165.86570964753628 347.64544059336185 493.80452492833138 684.91667810082436 130.75541412085295 204.50374595075846 566.55226141959429 172.28762627393007 125.51216673851013 750.84575086459517 275.41117072105408 483.06136532127857 185.50272902846336 68.286096267402172 820.60101123154163 107.34292793273926 845.62431539595127 101.07957376539707 155.27420203387737 373.48391994833946 837.96249932795763 292.51903798431158 158.39356075227261 345.11291117221117 303.89457662403584 30.570187255740166 138.76148023456335 31.909550569951534 158.16624416410923 323.0815230384469 396.99083185195923 261.27934156358242 342.7603685259819 111.34117385745049 575.22713483870029 115.85999696701765 64.688152365386486 238.42760908603668 159.17935562878847 238.87839564681053 79.342245928943157 30.605987578630447 39.053594402968884 100.74758458137512
leaf_count=3507 494 2508 521 1757 1845 479 305 550 291 7011 4907 603 2411 4181 5981 1656 4286 5089 1502 3987 2352 2937 1201 1897 2955 848 610 9668 1438 3410 1032 513 3952 812 4823 429 829 1759 6516 1390 682 3810 1630 150 964 238 1086 2310 2743 1078 1739 503 2999 518 455 1782 986 1646 675 228 242 424
internal_value=-7.53802e-05 0.00381724 0.00683627 -0.0168278 -0.000819629 0.0107776 0.0129723 -0.0093497 0.0161752 -0.00912079 -0.0254455 -0.00529228 0.0178304 0.00495081 -0.00733444 0.0160808 0.014668 0.000246884 -0.0297713 -0.014797 0.0129048 0.0149023 0.00137385 -0.0104221 0.00640215 -0.000498863 0.0127114 -0.0326089 -0.00122536 0.00199398 -0.0122911 -0.00904619 0.0114026 -0.025848 -0.00460932 0.00299929 0.00571449 0.0155171 -0.0156445 0.00116735 0.0122895 -0.0211293 -0.0028262 0.00759069 -0.0237105 -0.00596859 -0.0158837 -0.00947749 -0.000144405 0.0321619 0.00808053 0.00617879 0.010626 0.0186959 0.018732 -0.00751297 -0.00538758 -0.0138783 -0.0234704 -0.0114122 0.0109898 0.0242467
internal_weight=20224.6 16411.9 13351.1 3812.72 4537.63 8813.49 7293.24 3060.78 5211.38 2013.8 1798.92 2277.69 4693.55 2081.86 2385.58 4110.97 3780.72 1520.25 1414.79 1332.82 3383.21 2889.4 1166.98 1918.37 2152.06 1256.97 297.8 1248.92 1057.92 680.986 1110.71 877.83 2103.74 454.988 959.169 1585.51 1285.68 1283.14 925.205 517.832 225.313 783.091 1303.9 513.632 343.265 782.51 288.922 384.134 493.589 330.248 1130.41 1029.33 686.568 216.346 96.5977 1575.1 1336.68 398.058 498.076 809.544 69.6596 785.664
internal_count=130130 92464 69285 37666 27063 42222 34506 23179 23523 18110 19556 15862 21146 10983 15764 18735 17366 7716 16752 12793 15710 13358 7764 13256 11299 6802 1458 15250 7161 5317 8098 7994 9997 4799 5344 8344 6499 6045 7066 2377 987 7317 6719 3560 2861 5723 2287 2804 3436 1369 5670 5241 3502 997 693 10395 8613 2632 5582 7481 470 3361
cat_boundaries=0 1
cat_threshold=4
is_linear=0
shrinkage=0.05


Tree=31
num_leaves=63
num_cat=2
split_feature=8 52 48 63 26 9 33 67 40 63 106 68 68 63 55 28 68 67 40 47 3 2 67 17 87 13 5 80 110 80 63 29 67 26 41 13 69 46 70 40 110 52 8 40 5 10 49 50 52 13 64 95 6 20 41 49 23 78 59 5 54 6
split_gain=497.111 232.631 115.538 105.289 92.9968 69.5324 60.5791 57.8584 55.4295 53.8519 43.4935 41.8369 40.3048 37.1918 36.8135 31.1009 26.901 26.7976 25.3907 25.2055 24.6281 24.5516 23.4525 23.171 22.8901 22.758 21.815 21.7121 21.3454 21.9973 20.7794 20.4637 20.3206 19.7745 19.5864 26.1523 21.8382 18.7311 18.5139 17.9068 17.8039 17.7969 17.7413 17.374 16.9387 16.8844 16.816 16.6953 16.6781 16.3473 20.3332 16.9614 15.8954 16.2858 15.8794 15.869 15.7586 15.6587 16.7009 15.6527 16.604 15.5617
threshold=0.46410256410256417 0.53229166666666672 0.45993589743589752 0.38348416289592763 0.2479707738730548 113.50000000000001 437.00000000000006 25.250000000000004 13.500000000000002 0.59687500000000016 0.2856824548001019 11.65 11.450000000000001 0.67752100840336149 -0.076256478502285771 0.25461633466437339 11.350000000000003 38.150000000000013 14.500000000000002 1.6250000000000002 0.69230960012210019 0.081666666666666679 25.250000000000004 0.14907407407407411 0.19543402777777782 1.0000000180025095e-35 0.51756607771313667 0.86190476190476206 0 0.71825396825396837 0.87083333333333346 0.14948745490420431 24.950000000000003 0.2753325022531819 1.0000000180025095e-35 1.0000000180025095e-35 -2.4666666666666663 1.8000000000000005 -0.76999999999999857 12.500000000000002 1 0.31534090909090912 0.65686274509803932 7.5000000000000009 0.23036796536796542 1.0000000180025095e-35 -0.63967573681194623 0.53229166666666672 0.27097902097902099 1.0000000180025095e-35 0.56871423108431751 37.95000000000001 35.316666666666677 775.50000000000011 3.5000000000000004 1.3112674990288986 0.41421356242727347 41.500000000000007 1.0140247579105035 0.16608859890109895 0.56066176470588247 34.141666666666673
decision_type=8 10 10 8 10 10 2 10 2 8 10 10 10 10 10 10 10 10 2 8 10 10 10 10 10 10 8 10 1 10 8 10 10 10 2 10 10 8 10 2 1 8 8 2 10 10 8 10 8 10 10 10 10 2 2 10 10 8 8 10 10 10
left_child=2 3 17 12 9 6 30 28 14 16 18 21 39 25 -8 32 -3 19 48 24 -14 46 -11 44 38 37 -20 34 42 41 -4 -24 -13 -7 36 -36 -15 54 -1 -2 -35 -30 47 -16 -18 -17 -6 -5 -9 50 51 59 -19 -54 -10 -42 57 -33 -59 -45 -61 -26
right_child=1 4 5 7 11 33 8 10 13 22 -12 15 20 27 43 45 23 52 26 -21 -22 -23 31 -25 61 -27 -28 -29 29 -31 -32 56 -34 40 35 -37 -38 -39 -40 -41 55 -43 -44 49 -46 -47 -48 -49 -50 -51 -52 -53 53 -55 -56 -57 -58 58 -60 60 -62 -63
leaf_value=0.0064603386063201221 0.004363457780066745 -0.0027450611135132583 -0.0079762404165480243 0.0073882763917161908 -0.0026420123697908915 -0.014521898936902609 0.011166148087369113 -0.022801910507375574 0.0079153663504573663 0.005387790886585031 -0.0045271333682843206 0.012325243243753141 -0.025047390807266246 0.027925410691364894 0.049526339053742902 0.013444292549857038 -7.6328863439390101e-05 0.0013847757556235511 -0.013031728034355778 -0.0076263574534367606 -0.039850727417689281 0.0024865519975346899 -0.021613564744495058 -0.0080608844004705204 0.043423537431504455 0.019536513483844383 -0.032147788394722057 -0.0023934737328595284 -0.010306764162555736 -0.022982500630417554 0.009729609151804635 0.021091709952245793 -0.010306878031058508 0.018583800600437832 0.0082124586205029604 0.031073751014686481 0.014165309892867201 -0.0088443633449033134 -0.0092184074691683202 -0.019709229611964713 -0.029702828680016696 0.0057231479159899363 0.00097515537111021635 -0.0085859799471194823 -0.027691984087776879 -0.0079529446114029231 0.022566179828951389 0.049099062018673409 -0.0050511575271790154 0.037472133220998467 0.027940640996340017 -0.013627532713179326 -0.025322258591651881 -0.0059761924652505585 -0.0074910892831431229 0.0096658988549216934 0.020387333242186959 0.0046625770024906052 -0.011854492935856338 0.044462994998386823 0.01630979298875819 0.0097705473345311156
leaf_weight=388.5692425891757 106.22669240832329 345.24194375425577 475.19986622035503 53.482916414737701 74.155270919203758 325.91237435489893 765.05244697630405 239.65774420648813 861.53138820827007 774.63605253398418 533.58099404722452 118.91127018630505 626.5104051977396 469.43265760689974 67.765034466981888 467.65571200847626 61.878384977579117 191.94241812080145 203.63798045367002 568.88761680573225 523.09184716269374 295.59620159864426 175.87939064949751 313.07137512788177 35.496526032686234 205.71867121011019 578.98533706739545 195.14315695315599 365.51870457828045 165.49376859515905 253.16685620695353 52.966477409005165 575.3734372407198 104.81410697102547 1177.4210104718804 139.2260245680809 757.42989921569824 319.86561436206102 363.43023633956909 279.15444980189204 51.33990616351366 327.2978662326932 235.94155403971672 52.498944297432899 540.51424612477422 114.06291164457798 597.64214154332876 43.140311263501644 295.63922406360507 182.46117396652699 566.39795999974012 48.407962404191494 222.17453041672707 213.8054746389389 206.64146555960178 49.367121011018753 65.923778831958771 219.23765087127686 502.46185400336981 60.012818962335587 395.75116509944201 620.31588666141033
leaf_count=2246 800 2016 2362 290 467 1603 3459 2512 4505 3952 4267 716 6928 1964 281 2756 551 1197 2129 3457 7820 1552 1291 2194 203 994 6551 934 2585 1231 1111 328 3974 468 5466 630 3389 1689 2519 2343 253 2037 1550 231 5274 766 2849 299 2680 783 2400 228 1622 1411 1083 213 345 1497 3409 277 1766 3728
internal_value=-0.000169511 -0.00819292 0.00749481 -0.0164467 -0.0010563 0.0105631 0.0118515 -0.0110543 0.0133901 -0.00673653 -0.0165819 0.00667038 -0.0271205 0.0101349 0.0199775 0.000722771 -0.0146489 -0.0016124 -0.0214553 0.00124717 -0.031812 0.0145065 -0.00116221 -0.0191302 0.00483577 0.00405861 -0.0271968 0.0136682 -0.00245355 -0.00658587 -0.00181711 -0.00615425 -0.00641849 -0.00687959 0.0149009 0.0106516 0.0194488 0.00175225 -0.00111915 -0.0130797 0.00525112 -0.00273664 0.00815228 0.0248745 -0.0248601 0.00924229 0.0197838 0.0263235 -0.013026 0.023558 0.0212661 0.014437 -0.010602 -0.0158703 0.00493072 -0.00955893 -0.00289781 -0.0049031 -0.00683743 0.0171314 0.0201061 0.0116554
internal_weight=20207.7 9872.57 10335.2 4577.36 5295.21 7730.56 7199.12 3042.38 6470.76 3051.81 1851.5 2243.4 1534.98 4332.41 2138.35 1276 1260.71 2604.62 1317.92 1976.7 1149.6 967.394 1791.11 915.464 1407.81 1593.76 782.623 2738.65 1190.88 858.31 728.367 1016.47 694.285 531.434 2543.51 1316.65 1226.86 1388.04 751.999 385.381 205.521 692.817 332.565 1373.3 602.393 581.719 671.797 96.6232 535.297 1305.53 1123.07 556.671 627.922 435.98 1068.17 100.707 840.59 774.666 721.7 508.263 455.764 655.812
internal_count=130431 77959 52472 44022 33937 36089 33552 26131 30079 20857 18139 13080 17891 20654 9425 8212 10035 16383 13872 12153 14748 4868 10822 8019 8696 8271 8680 12383 7992 5853 3473 6870 4690 2537 11449 6096 5353 7277 4765 3143 934 4622 2139 5966 5825 3522 3316 589 5192 5685 4902 2502 4230 3033 5588 466 5579 5234 4906 2274 2043 3931
cat_boundaries=0 1 2
cat_threshold=376 641
is_linear=0
shrinkage=0.05


Tree=32
num_leaves=63
num_cat=0
split_feature=8 49 49 68 40 52 22 10 5 20 9 68 52 56 68 47 8 40 61 29 62 0 7 61 27 61 47 17 103 100 40 27 29 57 42 7 40 68 40 52 56 56 27 102 24 64 40 5 69 32 42 5 52 56 28 6 91 39 55 69 44 22
split_gain=485.232 199.179 121.155 104.178 82.0589 65.0733 62.4452 55.1693 53.4745 49.7466 44.4668 43.505 39.2024 38.0113 34.0285 32.4895 34.995 32.1765 31.1504 31.0354 30.5835 27.3585 27.0464 27.6407 24.2987 21.9177 21.3429 21.1864 20.8641 20.832 20.6473 20.3611 20.264 20.0175 19.8727 19.4758 19.2752 19.216 18.0896 17.9896 17.7801 17.4626 17.3821 17.2282 17.2044 17.1823 16.7808 15.6558 15.5652 15.4226 15.3069 22.7759 15.2651 15.0585 14.9341 14.6261 14.5239 14.5149 14.7287 14.513 16.5936 14.2253
threshold=0.62019230769230782 -0.40965879650643783 -0.3215817754723726 12.350000000000003 9.5000000000000018 0.89087301587301593 0.093426975373075052 135.00000000000003 0.42361291486291497 1207.5000000000002 139.50000000000003 12.65 0.16145833333333334 0.7109097395005205 11.750000000000002 7.5000000000000009 0.22649572649572652 15.500000000000002 0.41421568627450983 0.24606749534375258 0.64589126648193507 5.5000000000000009 3.5000000000000004 0.40588235294117653 0.22937459741950053 0.45993589743589752 6.5000000000000009 inf 0.22225662194702445 2.5000000000000004 15.500000000000002 0.29760794651765093 0.25325844096381261 0.14244912433078594 9.5000000000000018 3.5000000000000004 10.500000000000002 11.65 11.500000000000002 0.75735294117647067 0.54048169634821341 0.19899695795953334 0.24434284639419815 0.18081686296315022 0.55050505050505061 -0.10435064352859195 14.500000000000002 0.60929029304029314 -1.9916666666666651 59.750000000000007 9.5000000000000018 0.67827080327080347 0.98611111111111127 0.26233745251554935 0.23637297953844719 34.816666666666677 0.23303167420814483 1650.0000000000002 -0.73141995687897809 -0.71250000000000024 3.5000000000000004 0.082882185051046414
decision_type=10 10 10 10 2 10 10 10 10 2 10 10 8 8 10 8 10 2 8 10 10 2 10 8 10 8 8 8 8 8 2 10 10 8 2 10 2 10 2 10 8 10 10 10 8 10 2 10 10 2 2 10 10 10 10 8 8 2 10 10 2 10
left_child=1 3 8 6 43 7 12 10 25 20 11 13 -1 26 21 16 46 24 61 40 30 42 23 38 -14 48 28 57 41 -13 49 45 52 -18 -21 -17 -20 -19 -4 -24 -7 -6 -10 -3 -36 -11 -15 -26 -2 -5 -30 56 55 -39 -22 -8 -52 -9 -59 60 -57 -16
right_child=2 4 22 9 5 19 32 27 14 31 -12 29 17 15 18 35 33 37 36 34 54 -23 39 -25 47 -27 -28 -29 50 -31 -32 -33 -34 -35 44 -37 -38 53 -40 -41 -42 -43 -44 -45 -46 -47 -48 -49 -50 -51 51 -53 -54 -55 -56 59 -58 58 -60 -61 -62 -63
leaf_value=-0.016917420500067906 -0.0053506526458800118 0.0045326311708398471 0.0042493340961841227 -0.014234266433723115 -0.0034830108003221908 0.0024190793979428828 0.023491828334710613 -0.011378054334085081 -0.015554403505235235 -0.010307523404269131 -0.01366012166440294 0.0086445317401475444 7.9253650538898146e-06 0.044500211552003628 -0.03896151260435831 0.00098260288663776403 0.041689020430488083 -0.00026791091498912646 0.0082579741842917723 0.024808033021229123 -0.0089822981995135998 -0.029253645736413272 -0.0013238865710035004 -0.0025854823630620766 0.01853035991717876 0.0016038216519020255 -0.0053975401742889194 -0.035873506315118424 0.01713619317848632 -0.0063284884777985786 -0.024687262036074006 0.024216293096134198 0.018850396480091416 0.0052173319778773888 -0.015908018042240079 0.030753091477250208 -0.023625534501809358 -0.018486687188439009 -0.02134502703676559 0.019198866033855455 0.015313002468982926 0.0092800542887236017 0.0067700073010346614 0.028825757300073127 0.015073320086111709 0.0083843134969423735 0.025049195140896475 -0.0033063800988105832 -0.022515905072616967 0.020059207901062401 0.036575815646755779 -0.022493268851336946 0.019152873038097165 0.00028469784786640896 0.01813877707246048 0.016854240757421004 0.0065053222051143908 -0.01472955077287063 0.003848818098292454 -0.018760647792193413 -0.0051302541496730377 -0.019781092275876693
leaf_weight=384.08781645074487 213.71456956863403 84.040613904595375 81.791171006858349 665.81232495233417 479.05705048888922 560.18767331540585 66.00787677615881 381.8514645434916 252.13219907879829 303.97380910813808 245.40434034913778 356.52787461131811 721.06784409284592 164.03212536871433 706.17777963727713 332.17049896717072 42.600011318922043 735.15235060825944 53.335331555455923 800.54464709758759 127.56859754770994 245.13501120358706 308.46478702500463 852.14708700031042 413.73293767869473 257.30232468992472 300.75542220473289 51.860243305563927 821.24883531779051 662.27546660974622 711.87896304950118 79.954949535429478 524.46560461074114 277.56265810132027 51.120195269584656 64.840303041040897 395.64712535217404 357.56974387168884 431.57602817937732 162.21871847659349 511.27164851129055 606.13112360984087 132.29780565947294 575.12051800638437 324.81308615207672 205.05054161697626 361.96851448714733 101.99164114147425 348.0251255556941 33.628356419503689 44.773074015974998 61.236761532723904 162.51226697862148 152.1409564986825 82.880014099180698 135.50755070149899 333.88208914548159 128.17865152657032 611.59265969321132 95.450861297547817 230.34555788338184 115.79965187981725
leaf_count=3143 1808 368 574 5382 2723 2525 365 2062 2210 2178 1298 1833 4693 699 10071 1641 228 4495 467 3402 786 2177 2170 5359 2421 2065 1559 295 4063 3676 6643 473 2516 1302 231 320 4132 3229 3761 862 2162 2996 1086 2456 1393 1314 1578 664 4000 215 251 339 742 1102 486 677 1737 711 3167 564 1179 1109
internal_value=-0.000132786 0.0040775 -0.014479 -0.00278397 0.00875122 0.00744258 0.00195263 0.00484527 -0.0211772 -0.0115225 0.00707266 0.00811166 -0.00207439 0.0105199 -0.0257797 0.01773 0.0232624 0.000228768 -0.0304927 0.0147486 -0.0160401 -0.0162319 -0.00455227 -0.00811359 0.00593827 -0.010479 0.00712834 -0.00493611 0.00873554 -0.00108538 -0.0186898 0.000922908 0.0114503 0.0101849 0.0203543 0.00590981 -0.0198281 -0.00544393 -0.0172669 0.00577489 0.00858026 0.00364777 -0.00787405 0.02574 0.0108294 -0.00277621 0.0311879 0.0142138 -0.0160065 -0.0125592 0.0131071 0.00556326 0.00580503 -0.0128941 0.00173394 0.00166289 0.0101479 -0.00347498 0.000614244 -0.00150466 0.00303628 -0.0362867
internal_weight=20081.6 15525.8 4555.76 6290.78 9235.05 8575.89 4080.03 6327.95 2719.57 2210.75 5154.47 4909.06 2865.74 3890.26 1900.52 1243.17 846.163 2481.66 1270.96 2247.94 1621.77 629.565 1836.2 1365.51 1236.79 819.042 2647.08 1173.48 2346.33 1018.8 1411.32 588.979 1214.29 320.163 1176.48 397.011 448.982 1244.86 513.367 470.684 1071.46 1085.19 384.43 659.161 375.933 509.024 526.001 515.725 561.74 699.441 1261.14 439.892 689.824 509.711 210.449 527.312 378.655 1121.62 739.771 461.304 365.853 821.977
internal_count=130133 88282 41851 43267 45015 42191 25790 32478 29125 17477 26243 24945 19747 19436 21252 5768 3807 16604 15779 9713 13512 5473 12726 9694 7778 7873 13668 6235 12109 5509 12240 3965 6043 1530 5026 1961 4599 8826 4335 3032 4687 5719 3296 2824 1624 3492 2277 3085 5808 5597 6390 2327 3527 4331 1272 2785 1988 5940 3878 2420 1856 11180
is_linear=0
shrinkage=0.05


Tree=33
num_leaves=63
num_cat=2
split_feature=51 51 52 67 53 106 33 47 22 81 49 21 96 12 68 51 41 27 8 23 48 64 33 56 28 56 18 67 68 68 41 8 19 28 4 49 87 54 25 27 72 115 30 49 57 33 62 64 33 4 58 3 29 62 112 51 87 23 64 92 4 30
split_gain=463.426 215.15 143.232 100.802 70.8515 66.8489 48.1626 49.19 44.933 40.0734 39.4958 34.9522 31.1214 31.099 30.9291 29.3319 26.469 28.3183 25.3914 25.3645 25.1674 23.8867 22.8757 22.6177 22.248 21.2958 19.4488 19.4234 18.7428 18.6362 19.5537 17.8167 17.7992 17.0532 16.6024 15.9276 15.7539 16.7836 15.7201 15.5582 14.8675 18.3476 14.7587 14.5605 14.4844 14.8013 14.4325 14.1902 14.7129 15.8539 14.1413 13.8811 13.8677 13.7209 15.2845 13.6481 16.8282 16.825 13.604 13.4586 16.0515 15.251
threshold=0.60419040342003771 -0.78984779157680474 0.7958333333333335 25.150000000000002 -0.099769437980766942 0.26320438906453419 437.00000000000006 1.8750000000000002 0.20740052791084176 -0.23071156683809116 -0.38514390971606433 0.52007326007326016 33.01428571428572 1.0000000180025095e-35 11.450000000000001 -1.4331400279912994 1.5000000000000002 0.26792621723075233 0.74166666666666681 0.13208711856510599 0.20710784313725492 0.037642116444117461 431.00000000000006 0.89907733558008018 0.19269968161683282 0.62513101190753095 0.79285714285714304 24.350000000000005 11.65 12.65 1.0000000180025095e-35 0.36038961038961043 0.12916666666666668 0.18400968523002423 0.8334401709401712 0.65367042998233738 0.24000000000000005 0.3708333333333334 1.0000000180025095e-35 0.25549599271545315 1.0000000180025095e-35 0 0.11136950904392766 -0.52908103031912623 1.1625361574075823 477.00000000000006 -0.72846555173479011 0.14538260603118905 455.00000000000006 0.61116452991453007 0.64602592723944008 0.28170609483109488 0.2482541865387054 0.97211762448448769 1 0.034794116867247683 0.3746657754010696 0.081665999733226635 -0.47868360118100889 3.5000000000000004 0.56249685771744606 0.17858895275480166
decision_type=10 8 10 10 10 8 2 8 10 8 8 10 8 10 10 10 2 10 10 10 8 10 2 8 10 10 10 10 8 10 2 8 8 8 10 8 10 10 2 10 10 9 10 8 10 2 10 8 2 10 10 8 10 10 1 10 10 10 10 2 10 10
left_child=1 6 3 13 10 9 33 15 20 31 14 21 58 16 36 23 17 25 35 50 -4 -9 -7 -8 -22 40 53 -20 -21 30 -17 -5 -32 -1 -16 -6 -2 -38 -28 44 41 -3 -10 -33 45 -23 -12 48 -26 -50 -14 -44 -31 -24 -55 57 -57 -18 -11 60 61 -49
right_child=4 2 8 5 18 22 7 11 42 12 46 -13 19 -15 34 29 55 -19 27 28 24 39 26 -25 47 -27 38 -29 -30 52 32 43 -34 -35 -36 -37 37 -39 -40 -41 -42 -43 51 -45 -46 -47 -48 59 49 -51 -52 -53 -54 54 -56 56 -58 -59 -60 -61 -62 -63
leaf_value=-0.018836832054484987 -0.022687769933468528 0.0088737211698606908 -0.022525692068830844 0.0090408998536128417 -0.0033111806167793905 -0.020932699485315839 0.020123259508185529 -0.0053717842853348054 -0.0036979358635695161 -0.0052492754275254398 -0.019796866835447079 0.027800230843508064 -0.03002165728815058 -0.016079036968116713 -0.028859301066005497 0.021684736603653474 -0.023634773799440661 0.017783586765527087 -0.00044389217055348256 0.0010834080054155559 -0.00090638202365827126 -0.0049557570873777004 -0.0038596725487374662 0.041133496906034017 -0.010637653717428881 0.020587377545322354 -0.0051277281668880917 -0.020498945139157971 -0.017042697950275781 -0.0022112096778948696 -0.0018963653269494702 -0.017473008422660287 0.014363209080852349 0.0017547643470328422 -0.043085286501163333 0.02746005489764904 -0.020354852097336337 0.019136396493926632 0.023124563546520885 0.014274158675285701 -0.014275110438901959 -0.0031111437911198665 0.0075594988239130138 -0.0016228662931385318 0.030230628282803065 0.0085975006296353726 -0.0020520379229011189 0.0017662312546957771 0.0041613236687096785 0.036210547113600271 -0.012814524260950142 0.030679116564255017 0.01464297491326285 0.027937546053121671 -0.0087453107434089516 -0.020018352359038823 0.009557486477154209 0.0034538941039084919 0.043023331786135155 0.0050736326110525703 0.038864601734632631 0.017313593177447795
leaf_weight=126.79428590834141 246.44911973923445 679.50927948206663 77.537996836006641 183.12216360867023 502.1355589479208 147.40652655437589 569.60248444974422 480.00679243355989 47.390842325985432 29.722834397107363 249.0260734371841 170.85801114141941 575.32884434610605 213.9682742357254 720.26569687947631 815.58541790395975 63.307018846273422 450.83442233875394 161.72354026138783 164.29119931161404 795.37492158263922 404.47431494295597 1405.2111073844135 166.51722338795662 155.12811979651451 163.87839822471142 74.362748846411705 475.82364375144243 1074.2094115875661 288.86901821196079 201.92448049783707 263.78454258665442 1003.7235548198223 470.92632458359003 296.21426436305046 44.889491155743599 50.309877309948206 55.564121432602406 142.92720808088779 530.95758381485939 132.63584945723414 600.95542879402637 83.28165191411972 320.50669579952955 46.385888412594795 399.39745593070984 212.0074553899467 210.2298986390233 421.10309273004532 41.529004298150539 153.3699269592762 306.77268210053444 210.05805552005768 72.51503624022007 45.642958231270313 204.15436089783907 62.157633006572723 526.74816884100437 27.315160945057869 492.94704178720713 66.46635927259922 633.62443788349628
leaf_count=609 2270 3753 482 1185 3800 1072 2432 2401 212 215 2553 701 6203 1196 9670 3611 396 2391 1003 1212 4382 1818 9402 696 876 799 405 4663 9147 1411 973 2340 4549 2170 4710 249 433 474 732 2327 1035 3412 352 2616 197 1787 2021 1036 2211 279 1315 1350 973 375 240 1389 401 2921 189 2416 382 3076
internal_value=-0.000120959 0.00308394 -0.00101114 -0.00472665 -0.0181853 -0.00935733 0.0108117 0.0123321 0.00766237 -0.0142706 -0.0243515 0.00622335 -0.0179579 0.00226871 -0.0286149 0.0161411 0.00363497 0.00674673 -0.00864769 -0.0190153 0.00540032 0.00422875 -0.00208904 0.0249253 0.00617687 0.00358219 -0.000482171 -0.0154203 -0.0146393 0.0135665 0.0157023 -0.00453365 0.0116407 -0.00263749 -0.0330432 -0.000740559 -0.0157817 0.000355825 0.0134766 0.00756665 0.00159693 0.00325087 0.0225806 -0.00879621 0.00336618 0.00178039 -0.011659 0.00896354 0.00264346 0.00711018 -0.0264226 0.0257747 0.00489983 -0.00248076 0.0138129 -0.00373273 -0.0131054 0.000512481 0.0182112 0.011742 0.0153434 0.0134469
internal_weight=20009.7 16995.3 11109.3 7777.87 3014.41 4679.72 5886.08 5288.36 3331.39 2791.65 1829.84 2032.08 2024.24 3098.15 1368.8 3256.28 2884.18 2027.81 1184.57 1967.2 2893.94 1861.22 1888.07 736.12 2816.4 1576.98 1740.66 637.547 1238.5 2520.16 2021.23 767.413 1205.65 597.721 1016.48 547.025 352.323 105.874 217.29 1381.22 1413.1 1280.46 437.445 584.291 850.258 803.872 461.034 2021.03 617.76 462.632 728.699 390.054 498.927 1523.37 118.158 856.367 266.312 590.055 57.038 1403.27 910.321 843.854
internal_count=129896 98050 71395 54341 31846 36648 26655 23876 17054 24422 22131 9231 18281 17693 17557 14645 16497 11390 9715 17877 15140 8530 12226 3128 14658 8999 11154 5666 10359 11517 9133 6141 5522 2779 14380 4049 3177 907 1137 6129 8200 7165 1914 4956 3802 3605 4574 10276 3366 2490 7518 1702 2384 10017 615 5107 1790 3317 404 6910 4494 4112
cat_boundaries=0 1 2
cat_threshold=4 4
is_linear=0
shrinkage=0.05


Tree=34
num_leaves=63
num_cat=1
split_feature=8 71 51 26 23 61 97 13 31 68 12 72 63 52 67 55 39 13 13 33 62 33 26 39 95 95 55 63 13 27 29 68 43 68 80 30 8 81 47 71 63 62 49 5 26 26 64 110 67 47 17 55 5 61 6 26 42 55 5 26 82 67
split_gain=401.607 180.876 112.37 86.7493 84.0941 64.2633 53.9943 53.7346 53.7117 41.9927 40.0355 36.1191 34.8113 34.459 34.0815 29.6906 28.5272 28.3793 27.8017 27.2021 26.4259 25.059 23.7501 24.8287 23.7161 23.6996 23.6259 23.4974 23.4578 22.3868 21.4997 21.0697 20.5466 20.4421 20.4188 20.3187 19.9864 19.1117 17.8735 17.7123 17.5254 17.4814 17.1019 17.0231 16.9674 16.8485 17.6326 20.7483 16.8435 16.7713 16.6352 16.2631 15.9717 15.7574 15.5307 15.5248 14.8582 14.5808 14.3343 14.2926 14.0798 13.9239
threshold=0.65686274509803932 1.5000000000000002 -0.95664005166442823 0.19719294789717326 0.2484176581340384 0.27951388888888895 6.5000000000000009 1.0000000180025095e-35 2.5000000000000004 11.950000000000001 1.0000000180025095e-35 1.0000000180025095e-35 0.35504201680672276 0.87083333333333346 24.950000000000003 -0.041914103678779548 2550.0000000000005 1.0000000180025095e-35 1.5000000000000002 431.00000000000006 1.3798059117694683 487.00000000000006 0.27830641364574665 1350.0000000000002 33.050000000000004 35.050000000000004 -0.11269144952175547 0.78869047619047628 1.0000000180025095e-35 0.25813372319568501 0.24691832858499527 12.450000000000001 2.5000000000000004 51.250000000000007 0.28991596638655465 0.17858895275480166 0.080128205128205135 -0.77194600216059017 1.1250000000000002 2.5000000000000004 0.22048611111111113 -0.82840425323984868 1.6473192106405941 0.58691351540616254 0.20524266430317731 0.10007949125596187 0.7303799303826165 0 27.650000000000002 0.35000000000000003 0.37268518518518523 -0.0081988666642676938 0.20000000000000007 0.46547619047619054 34.541666666666679 0.14010325423368905 9.5000000000000018 1.195441976788763 0.50357559107559124 0.25356351109124492 0.036291347541347559 25.250000000000004
decision_type=10 8 8 8 8 8 8 10 2 10 10 10 10 10 10 10 2 10 10 2 10 2 10 2 10 10 10 10 10 10 10 10 2 10 10 8 8 8 8 8 10 8 8 10 10 10 10 1 8 8 10 10 10 10 10 10 2 8 10 10 10 10
left_child=1 6 10 9 5 14 16 8 22 21 20 19 39 15 -2 -8 27 -18 31 -10 30 45 23 -5 -20 42 41 -1 37 -12 32 -7 -3 55 -9 -24 -28 -6 -13 -11 -36 -21 -22 -23 -16 58 47 -47 57 -34 60 -49 -32 59 -31 -17 -54 -14 -4 -39 -30 -29
right_child=4 2 3 7 28 18 13 34 11 12 29 38 48 -15 44 33 17 -19 24 26 25 43 35 -25 -26 -27 36 61 50 54 52 -33 49 -35 40 -37 -38 53 -40 -41 -42 -43 -44 -45 -46 46 -48 51 -50 -51 -52 -53 56 -55 -56 -57 -58 -59 -60 -61 -62 -63
leaf_value=-0.0078141192574449816 -0.013356673119158356 0.013950718415615944 -0.0062748682491757211 0.028239351214063749 0.0048111448813171961 -0.010090309814454124 -0.026396850889459141 0.035718104758877323 -0.012486762773827171 -0.017995310738629981 -0.0034653285156992101 0.00019047290611674112 -0.0010215433333892801 0.003847850682986344 -0.039412172589427065 -0.032485684663405644 0.0044978270102461262 0.057963312660060828 -0.021688217335125489 -0.020224734702346179 0.0036711544979588328 0.016586736138917115 -0.00073292010711155983 0.0045880871711506625 0.025385070486874519 0.032129116214243171 -0.0083725046098488878 0.032311964922928947 -0.018642881617913231 0.035015419788583614 0.0047602902599553241 -0.022853009962338137 0.014490340539118976 0.036024628725478264 -0.0063543568769326353 0.028953903909658792 0.010001091070104448 -0.024763504748615373 -0.01576637368801399 -0.044604483093288266 0.019072669204735507 0.0017843972899238851 0.028163751832031559 -0.0042919793942629552 -0.025202848984266741 -0.020917342489272999 0.011947083559253823 -0.0074485732089006928 -0.013579012315315379 -0.004595626279004751 0.026750788365996009 0.0082023099165226057 0.024253754633372388 -0.002214053928307464 0.0078703308225956097 -0.0079396595055069071 0.010061751553127087 0.031354191599866646 -0.035336842812593049 -0.0050775904568244688 0.014008394593832022 0.0027342350656273705
leaf_weight=1030.9422590360045 298.35951787978411 782.83959149569273 115.252576187253 135.1918448060751 264.63439374789596 959.49059895798564 591.25167004391551 155.07456091791391 229.47976143658161 371.57323908433318 497.40158448368311 334.76291748508811 355.54265573248267 197.3160799741745 474.40600229427218 76.343815963715315 72.634531244635582 36.852572254836559 38.38303317129612 95.679322365671396 179.55816452205181 333.81361704319715 69.226729609072208 602.25381753221154 82.934996142983437 400.12428048253059 159.40110640227795 42.413430951535702 58.154278010129929 65.054061740636826 188.98965273052454 489.42089213803411 165.10060637444258 22.307115249335766 80.709332205355167 341.86862530559301 1952.0968216769397 248.78398770838976 367.79798783361912 75.192939825356007 408.15516497939825 1349.7464022561908 117.57034835219383 137.31514594703913 393.11918227002025 137.14759176596999 219.37558222562075 357.14288428425789 299.40363118425012 373.91919951140881 97.27853561937809 308.35998091474175 731.87453544139862 295.06424387171865 265.45165400207043 393.11972586810589 249.23579797148705 37.540120966732502 66.66881687194109 147.1359836012125 73.724375203251839 480.13694451749325
leaf_count=7513 2552 3453 654 694 1753 8232 6271 758 1354 2742 2302 2074 2249 1259 7067 868 441 209 310 672 768 1840 329 3146 609 1674 813 230 408 287 811 5291 740 197 453 1587 10350 2231 2294 877 2031 7552 485 831 4952 822 1078 2121 1904 1660 499 1719 3131 1880 1192 3785 1109 210 429 1150 512 2619
internal_value=5.673e-05 0.00356017 0.00607441 0.00299778 -0.0142873 -0.0191044 -0.00763938 0.00626592 0.00470092 -0.00429619 0.0130382 0.00223086 -0.0116975 -0.0153532 -0.027996 -0.0188517 -0.00169482 0.0228557 -0.0124888 0.00416305 0.0155808 0.000741584 0.0143446 0.00895631 0.0104363 0.024189 0.00524044 -0.00343868 -0.00315591 0.00323661 0.0131635 -0.0144141 0.00878324 -0.00974513 0.0199386 0.0239651 0.00861073 -0.00660158 -0.00817364 -0.0225634 0.0148704 0.000314537 0.0134246 0.0105052 -0.0330096 -0.00308467 -0.000582776 -0.00401797 -0.00466486 0.00126637 0.0111793 -0.000192441 0.0181002 -0.0109731 0.0133029 -0.0119919 0.0206624 0.00214211 -0.0170602 -0.0174788 -0.000421721 0.00519208
internal_weight=19977.1 16056.2 13112.9 9095.77 3920.89 2736.11 2943.32 6281.44 5637.51 2814.33 4017.12 4488.96 1139.25 1280.34 1165.88 1083.02 1662.98 109.487 1570.23 3786.4 3189.21 1675.08 1148.54 737.446 121.318 697.253 3556.92 1553.49 1184.78 827.907 2491.96 1448.91 1321.86 491.771 643.939 411.095 2111.5 955.619 702.561 446.766 488.864 1445.43 297.129 471.129 867.525 1203.95 1022.03 802.65 692.486 539.02 229.157 665.503 1170.1 690.984 330.506 469.464 981.11 393.083 181.921 395.92 131.879 522.55
internal_count=130033 92587 69195 51583 37446 29013 23392 34107 30865 17476 17612 25109 7982 12380 14571 11121 11012 650 14442 20741 13831 9494 5756 3840 919 2927 19387 10362 8433 3781 10904 13523 5853 4850 3242 1916 11163 7014 4368 3619 2484 8224 1253 2671 12019 6823 5740 4662 4363 2400 1419 3840 5051 5261 1479 4653 4240 2459 1083 3381 920 2849
cat_boundaries=0 1
cat_threshold=128
is_linear=0
shrinkage=0.05


Tree=35
num_leaves=63
num_cat=1
split_feature=51 51 40 23 67 40 13 53 40 81 63 81 4 61 17 26 51 53 55 55 61 64 13 55 10 67 4 31 53 27 68 21 10 40 4 40 26 33 28 46 67 46 26 27 6 19 68 31 17 67 10 40 42 13 110 55 5 40 21 48 93 49
split_gain=366.695 167.053 116.717 103.964 68.2391 56.1749 55.4872 52.7035 49.6924 46.7278 43.6561 39.3115 38.947 34.8524 33.7861 33.0738 32.1943 27.3916 26.3604 26.1405 24.653 24.236 25.7489 20.963 20.1332 20.0422 21.07 20.3701 19.3362 19.06 18.81 18.6795 19.6905 18.4111 17.9799 17.9293 17.6795 17.6607 18.7548 17.5471 18.9187 17.3145 16.9764 16.9146 15.7802 17.4661 15.7306 15.7298 15.6707 15.635 18.2413 15.3644 17.7322 15.0589 15.0395 15.2672 14.8871 14.7829 14.5818 14.6806 14.5745 14.4904
threshold=0.25319911648103999 -0.78984779157680474 15.500000000000002 0.16178122934567088 25.150000000000002 8.5000000000000018 1.5000000000000002 -0.48209760461221501 14.500000000000002 -0.24254722637344198 0.64852941176470602 0.95820375003063085 0.74171245421245435 0.6132478632478634 inf 0.22485541403403206 -1.3520198760762148 1.0000000180025095e-35 -0.24577920126495975 -0.40468326633717638 0.20416666666666669 0.48242840031471612 1.5000000000000002 0.34908301568050881 115.00000000000001 37.95000000000001 0.45834380760851362 5.5000000000000009 -0.71306907505429784 0.29070348256394773 12.750000000000002 0.40846264024826934 45.000000000000007 13.500000000000002 0.4722611266728915 10.500000000000002 0.35818692310846484 435.00000000000006 0.24001897533206834 2.3250000000000006 38.150000000000013 1.6208333333333338 0.20608503702766001 0.18218900781986583 38.058333333333344 0.73863636363636376 12.65 4.5000000000000009 0.48074074074074075 38.150000000000013 -104.99999999999999 16.500000000000004 5.5000000000000009 1.0000000180025095e-35 0 0.32043347830188451 0.23749236874236876 9.5000000000000018 0.36620228988142056 0.21130952380952384 0.30901856763925734 -0.55924123021771033
decision_type=10 8 2 10 10 2 10 8 2 10 10 10 10 8 8 8 10 10 10 10 10 10 10 10 8 10 8 2 8 10 10 10 10 2 8 2 8 2 10 8 10 10 8 10 10 10 10 2 10 10 10 2 2 10 1 8 10 2 10 10 10 8
left_child=1 8 5 12 28 19 9 24 14 20 15 16 23 17 21 37 47 -11 -9 -3 33 22 44 46 53 26 -20 34 -4 -19 41 32 39 -5 -28 -14 -26 -6 -39 40 -18 54 -27 -36 45 -1 -2 -10 -46 50 -12 52 -30 -7 -17 -56 -52 -23 59 -8 -32 -44
right_child=3 2 4 6 10 7 58 18 11 13 49 -13 35 -15 -16 30 31 29 25 -21 -22 57 -24 -25 36 42 27 -29 51 -31 60 -33 -34 -35 43 -37 -38 38 -40 -41 -42 -43 61 -45 48 -47 -48 -49 -50 -51 56 -53 -54 -55 55 -57 -58 -59 -60 -61 -62 -63
leaf_value=0.0069314872621489155 -0.016052489247075943 0.0037749841355588011 -0.010393686428838374 0.0064400431495804447 -0.037165534394145189 -0.0028223885325576689 -0.021671579301424781 0.0003966485895373774 0.017055667811925333 -0.026533014359645304 0.0193322673553648 -0.011998181338602691 -0.0062603316103227767 0.0028839514538784596 -0.016937753825437173 -0.011953361049943522 0.010776331468517067 -0.014532830793150323 0.0062574569790337584 0.03125866077663568 0.0059211798301802478 0.034610725772154807 0.032630272095655138 -0.0045161267281229696 -0.015285535104503157 -0.010460991348445716 0.049369963207809446 -0.010798199686812324 0.014204997410398946 0.010773985744888848 -0.029811072286130214 0.020903271723645398 -0.0060723681837394974 -0.01974301792516334 -0.0089430596590665944 -0.033602733461041874 0.026811809631541946 -0.025197164690471521 -0.0084419105936334293 -0.0077642007486645476 -0.0042704174291112399 -0.027788347225750427 -0.01517282452704481 0.019730107199264112 0.010277239471634912 0.023735979120358096 -0.032349270730946247 -0.0026787346527049373 -0.021544025679969749 -0.011439425664766677 0.019175625153006273 -0.0052155012811062728 0.0012366359663198564 0.02094684366775269 -0.0054242462418316213 0.014680044388208871 -0.0059606131860919613 0.019117365417383 0.03797265483152127 0.013305618631534139 0.0041619467093401566 0.011229086547087368
leaf_weight=613.89235202968121 585.37418641895056 126.83071840554476 296.21566431224346 97.491883333772421 171.17801279202104 612.82333561778069 33.716083943843842 1268.9566858410835 951.25422537326813 533.7870224416256 123.67164140194654 269.43615436553955 66.617290258407593 236.61980548501015 76.503169916570187 238.56014733761549 1069.9330565482378 579.83144019916654 784.82224869728088 273.25225825607777 587.31659663468599 180.45060527324677 123.2083430737257 291.33761608973145 503.04009048640728 195.95385856181383 46.971630595624447 58.609273672103882 447.99617011100054 84.595538131892681 153.00189329683781 156.62594501674175 457.79066181927919 211.82572595030069 54.822159640491009 648.89524527639151 25.347562596201897 472.67274561524391 260.13547851145267 207.4720515832305 258.94898284226656 74.658966109156609 60.006851486861706 720.70175459980965 73.667212061583996 206.36447298526764 199.86593433097005 112.67229048907757 79.462052717804909 314.86598131805658 68.241847857832909 368.26378787308931 638.85810148715973 73.749995768070221 202.93867015838623 174.99689143151045 393.9036663621664 1103.7217072546482 50.037989243865013 223.15002538636327 39.425112433731556 353.39477847516537
leaf_count=2810 5898 648 1964 754 1704 4113 292 7167 4080 5961 755 1327 855 1778 348 1633 5018 4795 3764 1244 4527 745 526 2926 3986 1229 244 344 2284 648 1302 649 2233 1980 307 9391 179 4401 2151 989 1282 509 372 3773 378 895 2480 512 359 1942 383 1968 3457 435 1482 1151 2363 4695 265 1550 241 1848
internal_value=-4.68397e-05 0.00357088 -0.000507804 -0.0127343 -0.00645065 0.0046063 -0.00641781 0.00309115 0.0101593 -0.00904928 -0.0114526 0.00631628 -0.0220248 -0.0146418 0.0156036 -0.0159734 0.00785453 -0.0181022 0.00617144 0.0225772 -9.35813e-05 0.0166559 0.0111799 -0.0159904 -0.00589227 0.00939054 0.0122273 0.0175316 0.00122933 -0.0112994 -0.00907865 0.00433177 0.00302037 -0.0114964 0.019561 -0.0310693 -0.0132192 -0.0226951 -0.0192689 0.00573194 0.00784328 -0.00521284 0.00162782 0.0176943 0.00843404 0.011183 -0.0202364 0.0149652 -0.00626814 -0.00247232 0.00235861 0.00360092 0.00659028 -0.000242405 -0.00243832 0.00379865 -0.00221553 0.0213197 0.0135372 0.0086483 -0.022865 0.00736938
internal_weight=19970.7 15540.3 9598.87 4430.46 4439.58 5159.28 2638.37 4759.2 5941.4 2331.47 2688.25 3484.13 1792.09 1434.83 2457.27 1787.57 3214.7 1198.21 3544.24 400.083 896.634 2380.77 1096.59 1076.58 1214.96 2275.28 1665.93 881.105 1751.33 664.427 883.582 2150.77 1994.14 309.318 822.496 715.513 528.388 903.986 732.808 1536.35 1328.88 691.155 609.355 775.524 973.386 820.257 785.24 1063.93 153.129 900.683 585.817 1455.12 1086.85 686.573 616.496 377.936 462.146 1284.17 306.904 256.866 192.427 413.402
internal_count=130289 86189 59343 44100 29690 29653 22550 27761 26846 20443 20017 16090 21550 13182 10756 14574 14763 11404 19048 1892 7261 10408 4968 11304 8713 11881 8432 4668 9673 5443 6318 10171 9522 2734 4324 10246 4165 8256 6552 7289 6300 4775 3449 4080 4442 3705 8378 4592 737 5443 3501 7709 5741 4548 4266 2633 2746 5440 2107 1842 1543 2220
cat_boundaries=0 1
cat_threshold=564
is_linear=0
shrinkage=0.05


Tree=36
num_leaves=63
num_cat=0
split_feature=8 49 52 49 72 63 26 62 95 40 26 42 47 66 8 40 26 40 12 33 56 55 6 33 12 60 29 23 27 22 42 52 61 87 68 40 100 81 17 26 0 40 23 33 31 33 70 2 18 5 8 103 10 20 33 62 63 6 10 17 10 69
split_gain=358.41 184.242 118.637 85.5828 68.2804 63.4923 61.9528 42.5359 41.8277 46.4231 34.529 32.4225 31.8817 31.1937 42.0203 28.2456 24.4352 24.3996 24.039 23.5281 22.9075 22.5516 22.2963 22.1966 20.7659 21.9789 21.7066 20.5158 20.0418 19.4445 22.6762 19.3991 19.1972 18.9981 18.3669 17.956 17.9425 17.4854 17.2993 17.005 16.5834 16.4619 16.4216 16.2175 15.4725 15.4231 15.0111 15.9026 16.9439 15.657 14.8367 14.6689 14.4456 14.1498 14.0789 13.7952 13.568 16.5565 13.5487 13.3355 13.3271 14.6597
threshold=0.73030303030303034 -0.070432574827067371 0.31534090909090912 -0.50600591925311222 1.0000000180025095e-35 0.87867647058823539 0.33352849336455898 0.32645584872268724 38.050000000000004 14.500000000000002 0.21518270567828321 5.5000000000000009 inf 1.0000000180025095e-35 0.42261904761904767 16.500000000000004 0.19050071109803349 15.500000000000002 -2.4999999999999996 471.00000000000006 -1.4491029648922094 0.016790081627937211 34.383333333333347 439.00000000000006 1.0000000180025095e-35 -0.086237035577967788 0.23685784381501146 0.083442123585726738 0.22937459741950053 0.12362449096906718 8.5000000000000018 0.89087301587301593 0.39087301587301593 0.43835784313725495 12.050000000000002 9.5000000000000018 2.5000000000000004 0.6358473077053205 0.081666666666666679 0.20199750623441401 3.5000000000000004 15.500000000000002 0.54085967762089227 441.00000000000006 2.5000000000000004 473.00000000000006 -0.6327956989247302 0.037749287749287756 0.61721611721611735 0.29723124098124104 0.21825396825396828 0.24074400449092029 -54.999999999999993 635.50000000000011 455.00000000000006 0.51684878984014604 0.18019480519480521 33.51666666666668 145.00000000000003 0.20942982456140355 25.000000000000004 -1.3099999999999985
decision_type=10 10 10 8 10 10 10 8 8 2 10 2 8 8 8 2 10 2 10 2 10 10 10 2 10 10 10 10 10 10 2 10 8 10 10 2 8 10 10 8 2 2 10 2 2 2 10 10 10 10 8 10 10 2 2 10 10 10 10 10 10 8
left_child=1 2 13 16 6 8 7 20 9 35 32 21 22 39 -15 24 33 42 -12 27 -4 50 -10 -6 25 26 -9 -11 -22 -20 -31 -25 -5 -2 -18 -3 43 -21 -24 -1 -35 55 -13 -37 -8 -46 47 49 -49 -29 -7 -17 -27 -48 -30 -16 -38 -58 -55 -41 61 -23
right_child=3 5 4 10 23 11 44 15 12 19 18 17 -14 14 41 51 34 -19 29 37 28 60 38 31 -26 52 -28 46 54 30 -32 -33 -34 40 -36 36 56 -39 -40 59 -42 -43 -44 -45 45 -47 53 48 -50 -51 -52 -53 -54 58 -56 -57 57 -59 -60 -61 -62 -63
leaf_value=-0.010373967637411045 -0.036890325766808341 0.023092113471183 0.027936748057185157 -0.024982834831055099 -0.024099282752815532 0.021108632368312688 0.039679977256872216 0.00082023009180061618 0.029512135079680365 -0.027242605980915414 0.036784025803311637 0.013383118032428318 -0.021454935834341188 -0.0043397998594081081 -0.018323389982036014 -0.015337654102715457 -0.010778844426395861 0.0022184375950827667 -0.0070562287977423812 0.0095493299123321201 -0.010266150971201496 0.012478997649462103 -0.015732124244336187 -0.0092751441174770254 -0.013036899634663908 0.030870886031466028 0.011635499224875107 0.032381773825938785 -0.0099531803575280981 0.035203728447202952 -0.006021492754342511 0.0074352234283740692 -0.0085999543475362671 0.018571963703271344 -0.027216585314584641 -0.0077945159868498997 -0.00981276951904291 -0.0051827622530087828 0.0018772574549044054 0.012657685234292518 -0.03002225468816009 -0.027866852580885643 0.039651238699547925 0.019224497037076231 0.0038216676331414299 0.026205110612178707 -0.019581274737462965 -0.013199790551269897 0.0099878481531904557 0.0062382912932006131 0.0013960610810472118 0.0060681145379449736 0.012442083133882773 0.0023202236934685466 0.0052426927287905862 0.0073545617298995296 0.030191001701735349 0.0064439969954444652 -0.023025256270881603 -0.014829219925766662 0.013344704597735456 0.035111534494008396
leaf_weight=322.36873894184828 512.45520028471947 356.20386143773794 52.465350739657879 361.69734013453126 203.87581461295485 204.79271593689919 96.603256419301033 1030.0474940389395 60.81108246743679 75.433988280594349 36.876921005547047 771.04165420681238 199.7573558613658 501.40976459532976 446.15522728487849 224.04242595285177 320.27074418589473 600.01099184900522 741.30172647535801 1251.3820872977376 913.45020560547709 88.34674608707428 172.06833846867085 955.43954842537642 117.54282738268375 136.84507334977388 843.378771699965 78.249529466032982 214.09893685206771 62.841965116560459 69.337748512625694 211.42461407184601 355.84226908534765 30.279149752110243 366.21180886402726 60.244738072156906 112.2603504806757 239.3488312587142 717.61295034736395 204.82303448021412 39.190754178911448 555.03613683208823 63.870745673775673 643.2549569606781 133.6234037950635 181.74339145049453 148.5958970412612 174.20148099213839 142.20865347981453 208.95525252074003 178.31055786460638 123.521525003016 480.06177156418562 342.48515963554382 522.16106389462948 58.691013507544994 79.630200922489166 833.83458080887794 61.294710926711559 55.266435191035271 135.92947807908058 411.43742702901363
leaf_count=2069 6960 1510 365 4140 1685 859 433 6086 286 428 207 3435 1005 3647 4910 1363 3069 2772 6013 6199 6931 381 933 7529 641 726 4472 358 1574 351 375 1162 2805 355 4637 277 541 1276 3525 1205 455 6662 265 2956 748 979 801 925 679 989 815 752 2554 1755 3628 455 363 3939 337 346 581 1729
internal_value=-2.7509e-05 0.00274336 -0.00240987 -0.0162824 0.000981877 0.00800192 0.00365907 0.00201293 0.0052126 0.00726156 -0.00868727 0.0147697 -0.00335007 -0.0125952 -0.0162772 0.00563848 -0.0260156 0.00991546 -0.00221718 0.00295926 -0.00428164 0.02159 0.000473431 -0.00891499 0.00742306 0.00839361 0.00569266 -0.00215445 -0.00532258 -0.00390393 0.0136953 -0.00624361 -0.0168815 -0.0335673 -0.0195746 0.0128733 0.0107562 0.00718209 -0.00154231 -0.00271444 -0.00887899 -0.0219151 0.0154377 0.0169029 0.02222 0.0167631 -0.0004952 0.00495146 -0.00277961 0.0134488 0.0119612 -0.00773463 0.0165734 -0.00644529 0.000816339 -0.0153296 0.00652812 0.00854486 -0.00157466 0.00678256 0.0273648 0.0311437
internal_weight=19892 16995.7 8584.08 2896.31 6440.33 8411.57 5069.59 4657.62 5957.83 4807.58 1627.9 2453.74 1150.25 2143.75 1561.29 2955.44 1268.41 1434.92 910.358 2722.16 1702.18 1018.82 950.492 1370.74 2607.88 2490.33 1873.43 1231.42 1649.71 873.481 132.18 1166.86 717.54 581.925 686.483 2085.43 1729.22 1490.73 889.681 582.458 69.4699 1059.88 834.912 703.5 411.97 315.367 1155.99 603.615 316.41 287.205 383.103 347.564 616.907 552.376 736.26 504.846 1025.73 913.465 403.78 260.089 635.714 499.784
internal_count=130208 100841 60922 29367 41628 39919 31252 29092 29082 23333 13891 10837 5749 19294 15674 16594 15476 6472 6946 13747 12498 4365 4744 10376 14479 13838 10558 6272 12133 6739 726 8691 6945 7770 7706 9586 8076 7475 4458 3620 810 12027 3700 3233 2160 1727 5844 2951 1604 1347 1674 2115 3280 2893 5202 5365 4843 4302 2092 1551 2691 2110
is_linear=0
shrinkage=0.05


Tree=37
num_leaves=63
num_cat=3
split_feature=8 48 26 48 22 12 40 68 53 51 31 26 8 62 96 42 66 32 61 40 62 23 6 80 20 33 33 30 33 62 26 40 65 80 23 30 17 81 102 110 102 40 69 110 64 62 110 13 28 67 41 96 20 18 23 55 52 27 39 39 26 21
split_gain=319.431 159.366 81.4469 78.8009 64.527 55.5618 52.1396 51.0509 42.5488 41.9863 41.9845 35.0722 34.1634 31.3365 31.6139 30.5261 30.3664 31.7012 29.394 28.5846 27.6682 26.9063 26.6536 25.0917 24.9095 24.1885 23.5061 22.3854 21.9881 20.8992 20.4289 20.0161 19.6042 19.457 19.2199 18.711 19.6311 18.4274 18.2747 17.7121 19.8006 18.548 17.3367 17.1649 17.1862 19.7326 16.9992 16.7155 16.2068 15.7263 15.562 16.9101 20.5782 15.4172 15.3344 15.194 15.1339 15.1095 15.0675 14.97 16.938 18.0095
threshold=0.65686274509803932 0.44281045751633991 0.20442459551799111 0.44281045751633991 0.20740052791084176 1.0000000180025095e-35 15.500000000000002 11.750000000000002 -0.147703542098401 -1.1785726606132887 2.5000000000000004 0.38984279046917225 0.36931818181818188 0.76609829167012988 39.196875000000013 7.5000000000000009 1.0000000180025095e-35 58.750000000000007 0.27951388888888895 11.500000000000002 -0.1818985567239044 0.39235280435938336 38.783333333333346 0.70294117647058829 1097.5000000000002 475.00000000000006 453.00000000000006 0.2233843229014332 479.00000000000006 1.5011935656497566 0.15738101853689521 9.5000000000000018 17.500000000000004 0.30384615384615393 0.40912949529248349 0.2175352050984429 0.54356060606060608 1.2604335235389781 0.17779036114256955 0 0.29214071415965653 12.500000000000002 -0.23333333333333248 1 -0.11485960531766007 0.39719721816991327 2 1.5000000000000002 0.19635533416355336 39.750000000000007 1.0000000180025095e-35 35.034848484848489 614.50000000000011 0.37171052631578955 0.50142857142857156 0.83959736403168117 0.19722222222222227 0.29315412463775598 1075.0000000000002 1350.0000000000002 0.28209073491496567 0.20290356899112774
decision_type=10 10 10 10 10 10 2 10 10 8 2 10 8 10 8 2 8 2 8 2 10 10 8 8 2 2 2 8 2 10 10 2 8 10 10 10 10 10 8 1 10 2 8 1 10 10 1 10 10 10 2 10 2 10 10 10 8 10 2 2 10 10
left_child=1 2 7 8 5 6 13 34 18 29 11 49 -9 14 30 -15 50 24 -2 -5 33 38 26 25 54 32 -7 -16 -10 -8 -3 -32 -11 57 39 36 -28 48 -14 40 -1 -41 -29 44 -26 -46 -33 -27 -30 59 51 52 -12 -35 58 -6 -40 -21 -18 -4 -61 -62
right_child=3 4 10 19 55 22 9 12 28 23 16 -13 21 15 27 -17 17 -19 -20 20 -22 -23 -24 -25 43 47 35 42 37 -31 31 46 -34 53 -36 -37 -38 -39 56 41 -42 -43 -44 -45 45 -47 -48 -49 -50 -51 -52 -53 -54 -55 -56 -57 -58 -59 -60 60 61 -63
leaf_value=-0.014717274287984826 -0.033509793753579015 -0.0020343873743992043 0.024436617082457042 0.0069584710529434941 0.017338295526746886 -0.014215932812413963 0.0083433579080167877 -0.0017588782182074451 -0.017918793103173205 -0.0071734638342049245 0.020633111604621078 0.053760829617566092 -0.030097262167835134 0.023053799277358997 -0.012773897781625626 0.0085424041331240968 0.026654060616428679 0.03223824453753573 -0.017733787261018218 -0.0092213946812517902 -0.0022009467844665547 0.012993270414692951 -0.029452585276413847 -0.0092912775247527002 0.00072679949224496276 0.006741255266613959 -0.023188039026623534 -0.0075057746091548739 -0.012018288444118563 0.026468554576970817 0.0268630684847736 0.019509814249384329 0.0079368380607844399 -0.029001087572663356 0.023469283767191484 0.0069794421509408143 0.0016985121708911197 -0.031055571338087486 -0.030703504390024845 0.015278855153989891 0.017357331422989192 -0.003357848469423145 0.020167970282875751 -0.0028396549567406655 0.057479702230476659 0.010549389279073668 0.0073515296538552606 0.033282462598087183 0.012436763107704737 -0.016505209505522752 0.0020785823666670858 0.039391997340059146 -0.015923888184251535 -0.0095969609841248665 0.014861128548094432 0.034080073611552755 -0.01308740116783226 0.027958936554204086 -0.0114998448628717 0.0021317478139646281 0.048585583610752561 0.011986973794129102
leaf_weight=400.20210389792919 613.47966481000185 258.66711181029677 150.04953248053789 368.0460847876966 468.46929496526718 275.30114192515612 787.9894744604826 352.39444697648287 470.87113152816892 713.18985088542104 127.02201492339373 43.658540032804012 382.83932545408607 920.88046730309725 269.58804934844375 600.03785943239927 25.509939968585968 55.998607121407986 577.40782633796334 185.41640536114573 771.79197850823402 60.031820625066757 88.691677398979664 577.38752647861838 97.168369062244892 814.26210637018085 123.35260426998138 97.708738815039396 106.1518264375627 198.88045799732208 226.4405450001359 411.52685528248549 305.95764350891113 286.6897943764925 70.723684646189213 684.46757451444864 218.09946746379137 43.607705634087324 152.76916795969009 189.34071569144726 53.82230207696557 446.26825300231576 132.1526244096458 467.35404188930988 38.743327610194683 52.624709419906139 1074.7764000929892 63.102026455104351 183.38148579001427 58.559375796467066 466.66426895558834 64.566836021840572 54.189998477697372 161.03935525938869 60.630115050822496 193.02793318033218 609.02079333737493 31.032790008932352 1239.0945347696543 528.43594677373767 39.300096161663532 210.5731350556016
leaf_count=2686 9357 1414 852 2428 1958 1351 3425 2400 4417 4026 587 198 4073 3953 1567 2626 200 334 6880 1578 5221 388 471 3318 693 4291 654 573 961 835 997 2093 1414 3089 328 3256 1022 420 1846 1074 317 2903 682 3104 271 291 5408 322 1549 378 2514 313 246 1234 312 805 5624 243 9803 3179 272 999
internal_value=-4.87979e-06 0.00308963 -0.00294493 -0.0130367 0.00721515 0.00608669 0.00779818 -0.00954576 -0.0198827 0.0033052 0.00180145 0.0104032 -0.015459 0.0116917 0.00821045 0.0173381 -0.00142523 -0.00453247 -0.025882 -0.00545962 -0.00864506 -0.0194618 -0.00308912 -0.000174366 -0.00558758 0.00260469 -0.00127094 -0.00302115 -0.0109754 0.0120192 0.011056 0.013033 -0.00263388 -0.0161187 -0.0016045 0.00221325 -0.00733343 -0.00113722 -0.0211738 -0.00325197 -0.0106511 0.00217493 0.00842295 0.00237959 0.0146414 0.0308564 0.0109094 0.00868588 0.00346028 0.00843273 0.00745335 0.0176087 0.00967364 -0.0220587 -0.00952954 0.0222677 -0.0166558 -0.00378671 -0.0107097 0.0100218 0.00721504 0.0179139
internal_weight=19800.4 16001.5 6497.56 3798.92 9503.96 8842.46 7452.55 2717.41 1994.9 3460.77 3780.14 1030.58 1557.06 3991.78 2470.86 1520.92 2749.57 2037.12 1190.89 1804.02 1435.97 1204.66 1389.91 2473.9 1981.13 1896.51 1301.22 499.449 804.012 986.87 1971.41 1712.74 1019.15 664.178 1160.36 1025.92 341.452 333.141 1144.63 1089.63 454.024 635.609 229.861 655.89 188.536 91.368 1486.3 877.364 289.533 986.918 712.443 245.779 181.212 447.729 1325.23 661.497 761.79 216.449 1264.6 928.359 778.309 249.873
internal_count=130023 92646 46185 37377 46461 43698 36944 21639 23584 17631 24546 5878 14331 19313 12734 6579 18668 15008 16237 13793 11365 11931 6754 13371 14674 10053 6283 2822 7347 4260 9912 8498 5440 6144 7308 4932 1676 2930 11543 6980 3003 3977 1255 4359 1255 562 7501 4613 2510 5680 3660 1146 833 4323 10315 2763 7470 1821 10003 5302 4450 1271
cat_boundaries=0 1 2 3
cat_threshold=194 282 304
is_linear=0
shrinkage=0.05


Tree=38
num_leaves=63
num_cat=0
split_feature=71 53 51 40 62 64 52 48 40 26 95 72 31 51 100 3 5 68 71 56 18 102 71 23 67 40 50 32 46 41 19 54 40 87 43 68 41 101 26 68 12 56 104 13 6 40 39 12 56 70 51 69 5 31 62 76 40 28 13 105 81 105
split_gain=278.288 148.284 110.331 100.634 75.8375 58.7677 48.3956 40.242 37.5234 34.8268 31.9618 31.0095 29.6323 27.1799 26.4722 25.6266 24.7397 24.299 23.9156 22.4552 22.1501 21.7623 21.5202 20.5987 19.5865 19.0462 18.6105 18.5474 18.4642 18.3747 17.5574 19.1058 17.1191 17.2144 17.0494 17.2901 16.8814 17.4867 16.7747 17.3261 16.5886 20.6143 19.0164 18.0509 17.8 16.544 16.1011 15.5862 17.7241 17.1979 15.373 15.0891 14.7448 14.5333 14.7065 14.5054 14.4593 14.3434 14.2631 14.1327 14.131 14.1213
threshold=1.5000000000000002 -0.43870991190884856 0.37429233145006974 10.500000000000002 0.4321658094710204 0.13644048318802351 0.71130952380952395 0.19722222222222227 11.500000000000002 0.24709543368429174 31.850000000000005 1.0000000180025095e-35 4.5000000000000009 -1.3520198760762148 4.5000000000000009 0.6063324376158602 0.52060522810522825 12.350000000000003 1.5000000000000002 0.057773100970180236 0.38278388278388281 0.15457043861139638 2.5000000000000004 0.59314657421904127 24.650000000000002 7.5000000000000009 0.91987179487179505 57.250000000000007 0.80833333333333346 2.5000000000000004 0.4188596491228071 0.15192307692307697 16.500000000000004 0.080123456790123476 4.5000000000000009 11.65 1.5000000000000002 2.149999999999999 0.15153191204076163 12.350000000000003 1.0000000180025095e-35 0.29217957983578874 36.013341729638967 1.0000000180025095e-35 37.983333333333341 9.5000000000000018 1250.0000000000002 1.0000000180025095e-35 -1.0000000180025095e-35 -0.95000000000000007 0.77523692999389449 0.5999999999999962 0.17743718699601055 5.5000000000000009 -0.089672627429236776 1.0000000180025095e-35 14.500000000000002 0.25688648226069771 1.5000000000000002 0.61721611721611735 -0.33346059639109243 1.0000000180025095e-35
decision_type=8 10 8 2 10 8 10 8 2 8 8 10 2 8 8 10 10 10 10 8 10 10 10 8 8 2 10 2 8 2 10 10 2 10 2 8 2 8 8 10 10 8 8 10 10 2 2 10 10 10 10 10 10 2 10 8 2 8 10 8 10 8
left_child=2 5 10 25 7 8 15 -5 -2 17 -1 21 13 28 -12 57 -10 19 -19 60 -13 -7 23 26 -15 -3 29 56 -6 -11 31 -21 33 51 35 -8 37 52 -27 -40 41 -26 -43 -44 59 -16 -33 48 -47 -50 -18 -23 -35 54 -29 -37 -20 -4 -48 -42 -9 -31
right_child=1 3 6 4 12 11 34 9 16 22 14 20 -14 24 45 -17 50 18 27 30 -22 32 -24 -25 40 38 -28 53 -30 61 -32 46 -34 36 -36 55 -38 -39 39 -41 44 42 43 -45 -46 47 58 -49 49 -51 -52 -53 -54 -55 -56 -57 -58 -59 -60 -61 -62 -63
leaf_value=0.023777502526085667 0.0029759222138362375 0.033015931295544247 -0.023963895364009131 -0.019454036907308452 0.026001860182720105 -0.0090502486185147068 0.021565646467103967 0.0013265409209272645 -0.0097425847169705145 0.0071338010249049318 0.0019265040436442608 -0.021798831451367968 -0.00043783893031909744 0.030764080839456254 0.01476511600749289 -0.032893780649989678 -0.017916720155932753 -0.039121503480838121 -0.00049343032411738148 -0.016543471038526422 0.004546865001538866 -0.0030416060217550236 0.035687678055042624 0.025139056175653304 0.0022824829970668329 -0.0029695302302479003 -0.01710680096223639 0.004656624270156908 0.012228460155130079 0.021090255841183979 0.017296014709741965 0.016866326140416495 -0.010425862709045058 0.043916452650964603 0.023293800005614828 0.021368072950512237 0.0013191768423956958 0.0011352536106397897 0.021036023600068534 0.0071123452874009181 -0.009573694448562535 0.0042640849445779788 0.014277044101264702 0.04413933525019343 -0.023436848932653444 -0.016991969784368226 -0.0013178849696570518 -0.031990369427502434 0.011859390028546715 -0.0080888850202575618 -0.0346343960982778 0.028971198406578746 0.016844554910021813 -0.012776177311330229 0.045913127760692549 -0.01593271280442576 -0.017410554747813025 -0.0096165268986676093 0.028174638044039087 0.01183893844298768 -0.011947502375992625 -0.006876779946811809
leaf_weight=96.523059763014317 311.64529931545258 184.55017898231745 530.02767853438854 251.52518455684185 385.03031861782074 356.14769693464041 39.512255534529686 347.87762486562133 689.17382819205523 1634.0345230288804 772.58897830918431 254.51265177875757 750.26667423546314 90.038077317178249 65.416829664260149 614.91749427095056 421.04636504128575 65.077925175428391 190.68157701939344 125.90643777698278 115.56102482229471 511.54478226602077 56.335955306887627 115.82537250220776 827.8244534432888 108.42516268417239 102.55717625841498 57.340777050703764 668.85492441058159 49.408929906785488 215.4833290502429 194.38647205382586 170.13576871901751 57.504205718636513 43.367562301456928 27.480463147163391 331.61227991059422 159.53765356913209 892.8931773789227 299.7076138779521 130.39175083488226 538.58029498159885 1043.9751245677471 52.487236365675926 78.716649428009987 476.43753553554416 636.72066794708371 80.876009039580822 129.25960627198219 634.46513499692082 207.33808461949229 38.65795299783349 388.54128457605839 50.955157414078712 33.909177772700787 323.71886933222413 373.49304815754294 262.23653771355748 42.81184284389019 185.46667002141476 471.66093829274178 432.33674091845751
leaf_count=554 2242 798 6512 2075 1624 2361 302 2208 5796 8796 4716 2325 3692 420 383 10179 3493 691 1220 738 630 3246 273 527 4072 557 861 378 2810 315 1074 1059 1095 286 345 194 1951 944 3982 1378 652 2434 4626 228 383 4306 3438 540 877 4401 2924 270 2110 315 203 2913 2792 2968 218 844 3289 2353
internal_value=-4.00211e-05 0.00298862 -0.0116433 0.00583623 0.00406446 -0.00530286 -0.0207217 3.79642e-05 -0.0126187 0.000984938 -0.00422652 -0.000299591 0.00868036 0.0103897 -0.00548891 -0.0252217 -0.0163068 -0.00279243 -0.0103425 7.36307e-05 -0.0135819 0.00214696 0.00541866 0.00467314 0.00792093 0.0179902 0.00359371 -0.00763952 0.0172804 0.00460472 0.00438558 0.00158861 0.00455686 0.00627651 -0.00610904 -0.00942379 0.0103944 0.0153535 0.0158351 0.0175458 0.00719063 0.00871502 0.0119684 0.0157455 -0.0023223 -0.00961948 0.00421684 -0.0108372 -0.0094331 -0.00470157 -0.0234791 -0.000743866 0.0204251 0.00845411 0.0203194 -0.0129616 -0.0117038 -0.0192331 0.000578871 0.00299712 -0.00631819 -0.00397067
internal_weight=19795.3 15698.5 4096.83 11685.5 10200 4012.96 1841.26 5448.33 1629.2 5196.8 2255.57 2383.76 4751.63 4001.37 2159.04 1407.18 1317.56 2806.3 771.458 2034.85 370.074 2013.68 2390.5 2334.16 2947.48 1485.58 2218.34 706.38 1053.89 2115.78 1215.31 999.825 1657.53 1487.4 434.079 390.712 937.195 605.583 1301.03 1192.6 2857.44 2462.87 1635.04 1096.46 394.575 1386.46 873.919 1321.04 1240.16 763.725 628.384 550.203 446.045 142.205 91.25 351.199 564.175 792.264 679.533 315.858 819.539 481.746
internal_count=130186 90996 39190 61323 54608 29673 23413 32823 14455 30748 15777 15218 21785 18093 15223 19659 12213 17623 5599 12024 2955 12263 13125 12852 13659 6715 12325 4908 4434 11464 6527 5453 9902 8807 3754 3409 5291 3340 5917 5360 13239 11360 7288 4854 1879 10507 4715 10124 9584 5278 6417 3516 2396 896 581 3107 4012 9480 3656 1496 5497 2668
is_linear=0
shrinkage=0.05


Tree=39
num_leaves=63
num_cat=2
split_feature=51 106 67 97 67 33 45 100 8 26 27 8 8 92 23 26 12 60 61 39 51 10 27 59 103 9 101 47 100 67 41 107 21 64 12 96 62 26 63 28 64 95 62 81 69 20 93 3 47 32 6 54 110 110 62 103 39 9 61 50 9 105
split_gain=278.036 128.201 69.6767 64.2762 63.1812 58.1909 54.7302 48.9603 42.9235 39.531 36.6771 32.5314 38.4848 29.7303 28.7424 26.3228 24.7412 24.3205 24.1582 27.9233 23.0988 22.0341 21.8647 21.5857 20.4664 20.1922 20.0591 19.0443 19.3356 18.4156 18.8192 18.4056 18.0632 28.597 17.795 17.6589 17.5169 17.3671 16.6432 16.5583 16.5157 20.8405 16.3172 16.3022 16.2935 23.2687 15.9308 15.8234 15.6774 15.677 15.5589 15.4718 15.4066 15.3916 18.6997 15.3752 15.2947 15.1599 21.4249 15.0734 15.0559 14.9218
threshold=0.60419040342003771 0.24993135639758376 25.250000000000004 5.5000000000000009 24.450000000000003 437.00000000000006 13.500000000000002 2.5000000000000004 0.73030303030303034 0.20608503702766001 0.23974398071918449 0.22649572649572652 0.12132352941176472 5.5000000000000009 0.12150715722228796 0.17050986647760843 -1.0000000180025095e-35 -0.46454837721051073 0.69615384615384623 2450.0000000000005 -1.4550120496734584 195.00000000000003 0.26181991287037309 0.13806611081091036 0.17809219078092195 90.500000000000014 0.19999999999999932 3.2500000000000004 4.5000000000000009 25.550000000000004 1.0000000180025095e-35 35.088352713178303 0.265590156199558 0.19826186138792806 1.0000000180025095e-35 37.951315789473689 -1.6147516769799688 0.1750133404482391 0.58578431372549034 0.12515664160401005 1.107910202838325 36.750000000000007 -0.1714605260705471 -1.6822528804999781 3.4000000000000008 1005.5000000000001 0.47213622291021679 0.50483016438898798 2.2500000000000004 57.250000000000007 34.741666666666681 0.31009615384615391 0 1 0.94646662125938863 0.23698765737419486 1450.0000000000002 84.500000000000014 0.93933823529411775 0.31009615384615391 131.50000000000003 0.3963890696161354
decision_type=10 10 10 8 10 2 2 8 8 8 8 8 10 2 10 8 8 10 8 2 8 10 10 8 8 10 8 8 10 10 2 10 10 10 10 8 8 10 10 8 8 8 8 8 8 2 8 10 8 2 8 8 1 1 8 10 2 10 8 8 10 10
left_child=1 2 15 18 13 29 7 25 23 32 20 12 22 31 -10 59 -13 -17 19 52 -9 38 57 -6 61 40 -25 28 49 30 -3 -2 33 -5 44 -24 -16 -33 -22 -35 41 -7 -11 -18 45 -26 -47 -15 55 -19 -44 -42 -4 54 -31 56 -20 58 -8 -1 -14 -12
right_child=4 5 3 9 8 6 11 10 14 42 24 16 60 47 36 17 43 27 48 -21 21 -23 35 26 34 -27 -28 -29 -30 53 -32 37 -34 39 -36 -37 -38 -39 -40 -41 51 -43 50 -45 -46 46 -48 -49 -50 -51 -52 -53 -54 -55 -56 -57 -58 -59 -60 -61 -62 -63
leaf_value=0.010493890479379772 -0.01084356379731706 0.012847579168525025 0.0024549618020984704 -0.028618713141740599 -0.024436623568540816 0.023548246736369644 -0.0069452254002461611 0.017196080626929299 -0.036783418559612223 -0.020084165869395629 -0.0077942176722292705 0.022311746533550517 0.015990767203027851 -0.0044261836905551098 -0.03368994413175036 0.00080756665502019283 0.025282088710918766 0.022938755613132425 -0.0062644473253068086 0.040550653433772628 -0.0061346921073863279 -0.014561129209579854 0.015185401291018747 0.0029329407432192533 0.0037101060380261399 0.0022707620120835585 -0.015138560023693948 -0.01167260949696225 0.0019743030729080153 -0.013957062333840323 -0.0077951424001418291 -0.0056141621431129544 -0.0060907647131743219 -0.031947945851416741 -0.0052339875407849236 -0.007640915011985612 -0.016372128272017349 0.017814012761938718 0.0065755052019387172 -0.0010401741402122414 0.0042443901664861406 0.0082269626454671979 0.017674424445965117 -0.0031749578975821383 0.021200530850671126 0.0024345864639604251 0.024487245683029304 -0.029655227698430354 -0.0075272907670684416 -0.0015776734872904033 -0.0060838407825393381 0.033793402420352052 -0.012362071011619992 -0.019246451487305312 0.013134453831464062 0.022333218370768668 0.013060133296463987 -0.020131037383645564 0.01631502174439935 -0.0091751021395842965 -0.01069353385302855 0.013042132831038434
leaf_weight=118.47458466142416 139.91219942271709 203.89024758338928 260.64103067666292 633.41406479477882 206.39362426102161 496.45603618770838 397.80721087753773 200.53525644540787 376.87289384752512 196.6492217592895 212.65180685371161 104.06857956945896 916.21191733330488 129.78107859939337 187.51050179824233 981.78170841932297 50.527613878250122 480.71708035469055 175.68204791098833 30.308745700865984 400.25024001672864 242.80206540971994 331.41570087522268 318.6816613972187 516.99682071805 176.80229933559895 294.86338111758232 74.360119365155697 215.476986117661 149.17706890031695 238.4682854115963 114.99904694408178 192.31797733157873 55.678165338933468 114.72744665294886 113.01628360152245 674.37652542814612 249.65583178773522 718.39230653643608 184.35075388103724 52.218723848462105 403.64369506388903 73.141399353742599 2174.4451706260443 654.26517218351364 107.70614629983902 343.89820658043027 118.99827660620213 155.27904187142849 75.270940497517586 982.81053675338626 303.05568280816078 529.89617598801851 304.25633564591408 109.63333586975932 182.37209266424179 242.88089344650507 130.78442073613405 130.69383013248444 528.69898227602243 55.424239732325077 142.73052314668894
leaf_count=568 1022 972 2057 7299 2681 2323 2011 843 6458 1822 1212 503 4181 946 2641 5503 283 2501 1029 195 2295 1268 1541 3019 2932 881 3076 399 1194 865 1177 962 1259 478 551 548 8374 1748 3377 1516 230 1928 457 12067 3043 544 1664 1042 875 416 7337 1318 4321 1737 626 1027 1381 641 572 3342 255 693
internal_value=-0.000295583 0.00213132 -0.00346399 -0.00763125 -0.0148482 0.00552691 0.00673857 0.010271 -0.01938 -0.0129267 0.00719704 0.00265722 0.00720785 -0.00245441 -0.025253 0.0030959 -0.0013991 0.00616374 0.000156581 -0.00577984 0.00139759 -0.000940377 0.000816953 -0.0104872 0.0115224 0.0181052 -0.00576254 0.0123726 0.0147024 -0.00590688 0.00172694 0.00452157 -0.0200018 -0.0230543 0.0137573 0.00937669 -0.0201744 0.0104305 0.00202638 -0.00831248 0.0203317 0.0166943 -0.00689578 -0.00251765 0.0151023 0.0109654 0.0192448 -0.0165644 0.0065995 0.0196228 -0.00442304 0.0294744 -0.00760511 -0.0118966 -0.00238287 0.0102562 0.00495349 -0.00495873 -0.00117321 -0.00556377 0.0144592 0.000587302
internal_weight=19679.2 16867.2 6370.2 3895.42 2812.05 10497 9491.53 5087.13 2058.7 2318.36 3654.96 4404.39 2075.35 753.346 1238.76 2474.78 2329.04 1827.61 1577.06 820.846 1561.98 1361.44 1103.72 819.939 2092.98 1432.18 613.545 845.825 771.465 1005.43 442.359 504.567 1065.76 873.443 1737.59 444.432 861.887 364.655 1118.64 240.029 1255.37 900.1 1252.6 2224.97 1622.87 968.601 451.604 248.779 756.214 555.988 1055.95 355.274 790.537 563.067 258.81 600.935 418.563 659.285 528.501 647.174 971.636 355.382
internal_count=130026 98057 44976 31053 31969 53081 47704 25102 26249 20168 18422 22602 9749 5720 17473 13923 12853 10013 10885 6573 7783 6940 5313 8776 10639 6680 6095 4510 4111 5377 2149 3732 10552 9293 8734 2089 11015 2710 5672 1994 5799 4251 9616 12350 8183 5140 2208 1988 4312 2917 7794 1548 6378 3228 1491 3437 2410 3224 2583 3910 4436 1905
cat_boundaries=0 1 2
cat_threshold=360 842
is_linear=0
shrinkage=0.05


Tree=40
num_leaves=63
num_cat=2
split_feature=8 40 63 68 71 10 26 80 49 13 63 53 53 10 33 103 61 96 53 23 40 53 67 33 26 100 40 40 29 60 27 42 67 70 13 20 33 12 67 0 7 26 58 18 56 103 62 63 61 62 87 106 93 55 68 110 53 29 42 20 110 57
split_gain=237.395 130.879 99.5259 88.97 69.8715 62.751 47.2924 42.1041 39.8837 38.1305 38.7023 34.8184 32.611 30.2408 29.1033 28.47 28.3278 33.6458 27.6856 26.961 26.3061 25.0436 24.6018 24.5646 22.3003 21.9395 21.8207 21.1061 19.6145 19.1514 17.8069 28.9924 17.7457 18.0723 17.5511 17.491 18.3287 17.4742 18.9015 17.3055 17.2604 17.0485 16.9844 16.96 16.665 17.0363 17.2651 16.6344 16.5454 16.4146 16.2376 16.0456 16.04 15.9859 15.6106 15.4825 15.3508 15.321 15.4571 14.9394 14.7963 14.587
threshold=0.73030303030303034 14.500000000000002 0.54356060606060608 12.350000000000003 1.5000000000000002 145.00000000000003 0.35214329454990817 0.86190476190476206 -0.50600591925311222 1.0000000180025095e-35 0.93541666666666679 -0.39428729109858268 0.88215103710284071 45.000000000000007 437.00000000000006 0.21201548657906447 0.19375000000000003 33.967708333333341 1.0811301191981773 0.27473465101451455 9.5000000000000018 0.24034136783347029 37.050000000000004 515.00000000000011 0.21518270567828321 4.5000000000000009 8.5000000000000018 16.500000000000004 0.15390596961359018 -0.26188816629000705 0.25740819142597299 8.5000000000000018 36.45000000000001 0.20000000000000021 1.5000000000000002 775.50000000000011 477.00000000000006 1.0000000180025095e-35 24.350000000000005 2.5000000000000004 1.5000000000000002 0.16467264673839574 0.47284772580723217 0.76696832579185525 0.91437902302603613 0.16868200959176513 0.24647385092989285 0.3066239316239317 0.37980769230769235 0.14676746451610465 0.39330357142857147 0.2195346953469535 0.58578431372549034 -1.2427028977523495 52.650000000000013 0 -0.3494651465410456 0.16674702667952429 1.5000000000000002 684.50000000000011 1 0.070050346913032788
decision_type=10 2 10 10 8 8 10 10 8 10 10 10 10 10 2 8 10 8 8 10 2 10 10 2 8 10 2 2 10 10 8 2 10 10 10 2 2 10 8 2 10 10 8 8 10 10 10 10 8 8 10 10 8 8 10 1 8 10 2 2 1 8
left_child=1 5 3 11 19 9 12 13 41 10 14 32 20 22 57 26 -11 -18 27 42 56 51 37 29 48 47 -16 55 -14 -24 31 -17 53 -34 39 36 -31 38 -4 -26 -12 -6 -2 -30 45 46 -40 -19 -10 -22 -41 -5 -21 -3 -23 -15 -7 -1 -59 -51 -47 -61
right_child=4 2 7 21 8 6 -8 -9 24 16 40 -13 28 18 15 30 17 25 -20 52 49 54 23 -25 34 -27 -28 -29 43 35 -32 -33 33 -35 -36 -37 -38 -39 44 50 -42 -43 -44 -45 -46 60 -48 -49 -50 59 -52 -53 -54 -55 -56 -57 -58 58 -60 61 -62 -63
leaf_value=-0.032426472874361748 -0.035448945935476123 -0.032264416507184084 0.042891436303249861 -0.028580998220124349 -0.030410267721638469 -0.0041944498126164301 0.023109133598758578 -0.010464233078515123 -0.021271727718864195 0.00045462713511577445 0.025576878680390963 0.0012666195298225863 -0.015700034354178407 0.0063140714347652343 0.028588679556543057 0.014459460054203536 0.051757676662448265 0.0047274748762648616 0.011520115336060115 -0.014281627530160504 -0.018509367173075737 -0.011363752147394287 -0.0086342040809485165 0.024350921767934307 0.017836006410435486 -0.0051569737385330269 0.00062962946162199989 -0.022392346113377048 -0.0029925783267756899 -0.014325923791377532 0.018279250384063802 -0.0012160873004237944 -0.021010418033175118 0.02399163601111004 0.021550958447828849 0.01353077008693554 0.014323740821908204 -0.0024902424258127307 -0.027292835366691623 -0.011024150781017065 0.0029845014965250837 -0.012894333125521927 -0.020160969026238505 0.019056966919652057 0.020168210238226358 0.018899635447267679 0.0032169437132674714 0.029849878117261683 -0.0021409498846008245 -0.009939523812313172 0.0086109541988246951 -0.014907609391909455 0.025554520160162748 -0.0008368401161398094 0.024546416530992328 -0.0089029363484656506 0.015818558057752424 0.026175096841148538 -0.0074956235484353222 0.030351274424389382 0.007230287664284598 -0.00095287356894003378
leaf_weight=50.778019145131111 436.9477886557579 43.931063275784254 43.980961762368679 507.21490644663572 187.49165530875325 172.88842298090458 212.88379042968154 540.38666677847505 210.46175700798631 135.6601436920464 424.84455890208483 2007.1950332298875 66.057457961142063 261.21631650626659 73.108806297183037 746.7030013948679 102.38352613896132 83.365375358611345 255.91278932243586 108.74828535318375 287.01406998187304 556.96000288054347 519.51157969608903 96.935092356055975 106.55857751518488 72.19107998535037 1197.1331425644457 179.34435029700398 117.68564227223396 165.30946720018983 698.02398554235697 486.91452841833234 379.78908224403858 22.886147726327181 108.88731345906854 276.28695998340845 83.094711646437645 279.34480276703835 57.842033345252275 310.68869496136904 105.83829532563686 541.79488683864474 320.11864529550076 333.0748008415103 344.71967273950577 370.07295326888561 218.00908164680004 321.0995212867856 243.31113821268082 654.0105336420238 158.12097454816103 378.69075455889106 31.855426855385303 407.48485019803047 31.076555363833904 428.10961866006255 213.00043223053217 38.584081899374723 244.71837738901377 39.869622081518173 1161.0006629489362 415.45503944903612
leaf_count=363 7387 344 221 6144 2380 1086 1010 3326 2112 724 1884 12084 317 1474 362 4051 522 427 1138 1036 2257 3683 2972 499 869 389 6977 1061 530 942 3462 2635 4117 233 630 1383 440 1353 402 2146 499 5755 3885 1474 1537 1846 1094 1494 1712 4232 1028 3270 294 2819 167 2468 998 225 1419 238 5838 2441
internal_value=-0.000252143 0.00196901 -0.00186182 -0.00747518 -0.0138317 0.00701958 0.000620436 0.00274673 -0.00831316 0.0103806 0.00850484 -0.00233218 -0.00147107 0.00425452 0.00661133 0.0080767 0.021027 0.0258377 -0.00290449 -0.0252892 -0.00467802 -0.0174507 0.00648111 0.000406717 -0.00245871 0.0201736 0.00226004 -0.00716238 0.00957571 -0.00183723 0.0118986 0.00827628 -0.0107813 -0.0183996 0.00324065 0.00489626 -0.0047232 0.00928054 0.0107786 -0.00025592 0.0210852 -0.017433 -0.0290197 0.0133063 0.0101025 0.00817214 -0.003256 0.0246963 -0.0110411 -0.0078705 -0.00439735 -0.0227595 -0.00513955 -0.00395988 -0.00942752 -0.00317324 0.00686453 -0.00741516 -0.00283394 -0.00510375 0.0102319 0.00184872
internal_weight=19674.6 16909.6 9616.31 4335.23 2764.99 7293.29 2511.94 5281.08 1867.31 4781.35 4066.65 2861.29 2299.06 4740.69 3535.96 3201.88 714.7 579.04 1124.58 897.67 1782.24 1473.94 3616.11 1141.14 1138.03 476.656 1270.24 868.67 516.818 1044.2 1931.64 1233.62 854.091 402.675 684.256 524.691 248.404 2474.97 2195.63 575.368 530.683 729.287 757.066 450.76 2151.64 1806.92 275.851 404.465 453.773 1396.35 468.81 885.906 140.604 451.416 588.037 689.326 385.889 334.08 283.302 1109.34 1531.07 455.325
internal_count=130105 100871 60855 32861 29234 40016 14583 27994 16632 25433 21877 19597 13573 24668 19494 17487 3556 2832 6141 12602 11252 13264 18527 6236 8497 2310 7339 5003 2321 5737 10148 6686 7513 4350 4673 2765 1382 12291 10938 4043 2383 8135 11272 2004 10717 9180 1496 1921 3824 9168 3174 9414 1330 3163 3850 3942 2084 2007 1644 6911 7684 2679
cat_boundaries=0 1 2
cat_threshold=313 258
is_linear=0
shrinkage=0.05


Tree=41
num_leaves=63
num_cat=0
split_feature=8 52 81 67 55 10 51 41 19 6 52 26 13 33 51 23 46 56 61 96 33 64 26 30 61 80 56 13 52 47 103 67 66 50 102 55 106 23 5 100 18 63 104 16 20 30 96 103 0 96 88 81 87 38 63 86 16 33 43 80 55 30
split_gain=253.348 117.361 82.5744 71.2823 77.3052 67.0062 56.8174 54.8022 35.6753 34.099 33.1545 30.713 30.701 30.4607 28.7747 28.1329 27.4494 26.0618 25.4406 23.8706 22.8279 22.499 19.8108 19.567 18.9482 17.7458 17.6733 17.0499 17.0424 16.5303 16.4176 16.3934 18.2731 19.1663 16.2346 16.027 15.9871 15.7321 15.2775 15.2751 18.396 15.6762 14.9762 14.8558 14.7035 14.6415 14.5495 13.9928 17.4333 13.8768 15.5023 18.102 15.3669 14.5541 14.1605 13.8075 13.6802 13.6455 14.5821 14.8625 13.4946 13.4087
threshold=0.6132478632478634 0.32247899159663873 -0.25415833449944458 25.150000000000002 0.23591504232388569 115.00000000000001 1.1714403783665654 1.0000000180025095e-35 0.32291666666666669 35.458333333333343 0.92582417582417598 0.22743470698024812 1.0000000180025095e-35 445.00000000000006 -1.6560336866317968 0.50142857142857156 2.0916666666666672 0.40679854661902143 0.41987179487179493 35.743303571428577 457.00000000000006 -0.02829171332087441 0.12992413357089491 0.207097432312316 0.74166666666666681 0.82085561497326209 0.13028779048947084 1.0000000180025095e-35 0.74264705882352955 2.2500000000000004 0.19742917457480832 25.250000000000004 3.5000000000000004 0.93541666666666679 0.19565837446365239 0.21799520268196174 0.32006600660066015 0.25026539278131638 0.60000346875346888 7.5000000000000009 0.30901856763925734 0.73205128205128212 39.256265703517592 0.25242048878473394 392.50000000000006 0.22124446902654871 34.934166666666677 0.21201548657906447 10.500000000000002 39.563068181818188 1.0000000180025095e-35 -0.96554301629782413 0.3746657754010696 0.46410256410256417 0.81009615384615397 1.5000000000000002 0.21234613481762893 471.00000000000006 1.5000000000000002 0.34313725490196084 1.1313821971699098 0.26556396577143471
decision_type=10 10 8 10 10 8 8 2 10 10 8 8 10 2 8 10 8 10 8 8 2 10 8 10 10 10 10 10 10 8 10 10 10 10 10 8 8 10 10 8 8 10 8 2 2 8 10 8 2 8 2 8 10 2 10 2 2 2 2 8 10 8
left_child=1 5 10 7 13 18 9 16 27 28 22 -7 15 42 29 17 23 30 -1 -16 -19 -11 -2 -3 37 -10 -8 38 56 -15 -6 -24 -33 43 -30 -13 61 -21 57 40 -22 -41 -5 -34 -42 -17 -29 -14 -49 50 53 52 -52 -20 -55 -32 -4 -9 59 -59 -43 -37
right_child=2 3 6 4 12 11 26 8 25 21 -12 35 47 14 19 45 -18 20 49 24 39 -23 31 -25 -26 -27 -28 46 34 -31 55 32 33 -35 -36 36 -38 -39 -40 41 44 60 -44 -45 -46 -47 -48 48 -50 -51 51 -53 -54 54 -56 -57 -58 58 -60 -61 -62 -63
leaf_value=-0.011548755782184035 -0.023634714190626155 0.013082099673656734 -0.010741057910267268 -0.014564027314650653 -0.0072624498122244949 -0.022189294934092173 -0.03178339204662458 -0.0044217339843504308 0.014538099295164969 -0.023138829434987376 0.016769686835628992 -0.014189748237495709 0.038125424965829553 0.039689535776723343 0.0058955103722954962 0.0036733198351591948 0.010109209939592492 -0.00088208487199534225 0.0015192225490842667 -0.012589632219266978 0.041158058129561768 -0.0097956021646534355 0.003330835972174455 0.027206106435520183 0.0017264320679701241 -0.0028515688371986824 0.0017105325821297195 0.00050130153175863398 -0.015900309449334928 0.0014206523846100969 0.0059992520972878827 -0.015529121602133454 0.0005000994688957529 -0.025476519336386685 0.017328589385600224 0.0083668306972946808 -0.0097692456371961407 -0.0020928422934052798 -0.009713348490632526 -0.0088474998148286698 -0.0048376376654366655 0.0050715771444018835 0.0070071422727084158 0.038881797113705124 0.019922185963192562 0.029663956324404345 0.025841776661303009 0.026443716525461888 -0.0036001656060171798 -0.010683734324709005 0.038319255561808242 -0.0064586641777316482 0.0003701535737495982 0.0089901345240200516 0.028736739814400281 -0.0095897619738359099 0.025955487723964873 0.031101036396764981 0.00055574085633423875 0.0073677590243200284 0.032591790958138342 0.049745880506952632
leaf_weight=383.07394009083509 128.42526296153665 406.16283555701375 380.18791604042053 652.17176200821996 481.30717541649938 692.48363366350532 587.26719794049859 517.33976058661938 1055.2481911107898 669.44332403317094 197.91888808459044 205.89137804508209 98.55389678478241 66.76290500164032 788.19177663698792 77.977843791246414 1015.3921782448888 325.91668660193682 319.27323178201914 764.69420577958226 85.383729070425034 602.16512140631676 576.78549086302519 630.63216587156057 849.30065126717091 170.02687752246857 42.104046914726496 106.00527793169022 47.367877934128046 48.48557087033987 977.02508299052715 392.22926634922624 394.66111945360899 67.985098157078028 153.54023086279631 72.975136913359165 85.078047450631857 669.5725796893239 355.86876142397523 112.73958669230342 71.746645033359528 131.93639732897282 91.163311760872602 25.933261621743441 353.63322510570288 178.95744771510363 120.74703375995159 126.85619635134935 77.236118011176586 163.79100648313761 45.122306898236275 420.16487497836351 63.31711233779788 265.53065681084991 138.16577792540193 165.2553957477212 26.268548972904682 91.865311309695244 496.33758996427059 231.03564301878214 66.613202348351479 26.03812575340271
leaf_count=3441 1416 1861 3545 4292 3092 6394 8797 2552 4829 7895 1132 1641 477 283 4212 343 4844 1580 1903 6199 467 5147 3937 2796 4107 823 504 496 317 210 5691 4016 3469 900 913 599 552 3903 1907 598 319 590 623 234 1591 764 580 579 371 1125 244 2592 340 1713 672 984 262 436 2454 1135 292 210
internal_value=3.56995e-05 0.00304048 -0.0107005 0.00514361 0.00194362 -0.00605289 -0.0165472 0.00961384 0.00546302 -0.0121807 -0.00247489 -0.0158755 0.00754628 -0.0028056 -0.000678404 0.00602424 0.0159682 0.00455248 -0.000135186 -0.00160199 0.0103151 -0.0168329 -0.00488547 0.021691 -0.00419126 0.0121246 -0.0295435 0.00120593 -0.00242896 0.0237404 0.000474174 -0.00321845 -0.00750607 -0.00104665 0.0094543 -0.00463622 0.00606757 -0.00769419 -0.000522113 0.01475 0.020065 0.00599291 -0.0119127 0.00295327 0.0157445 0.0218208 0.0140495 0.0227069 0.0151119 0.00295991 0.00475253 -0.00175411 0.0163669 0.00950576 0.0158028 0.00373755 -0.00831155 0.00193052 0.00594239 0.014195 0.0144216 0.0196371
internal_weight=19631.3 15339 4292.28 12458.1 7261.48 2880.91 2508.34 5196.66 3144.47 1878.97 1783.94 1082.47 3331.14 3930.34 3187.01 3028.49 2052.19 2771.56 1798.44 3071.76 1147.97 1271.61 1586.02 1036.8 2283.57 1225.28 629.371 1919.2 607.365 115.248 1623.59 1457.59 880.809 488.579 200.908 389.983 184.091 1434.27 1692.45 822.053 510.764 311.289 743.335 420.594 425.38 256.935 226.752 302.646 204.092 1415.36 1251.57 528.604 108.439 722.97 403.696 1142.28 406.456 1336.58 819.239 322.901 198.55 99.0133
internal_count=130190 87706 42484 66280 41567 21426 27380 24713 15212 18079 15104 9396 17738 23829 18914 16311 9501 15204 12030 18421 5437 13042 13972 4657 14209 5652 9301 9560 5037 493 9767 12556 8619 4603 1230 3002 1361 10102 8484 3857 2377 1480 4915 3703 1910 1107 1076 1427 950 8589 7464 3176 584 4288 2385 6675 3807 6577 4025 1571 882 809
is_linear=0
shrinkage=0.05


Tree=42
num_leaves=63
num_cat=1
split_feature=48 71 8 71 13 2 68 26 64 31 100 23 95 23 61 68 68 112 96 61 21 13 24 26 51 10 33 60 20 94 70 87 28 26 99 79 7 4 67 56 72 55 87 10 9 46 9 26 26 7 8 68 56 81 87 42 67 21 26 33 91 32
split_gain=225.724 127.019 76.6697 66.3606 64.7253 52.5365 51.6192 48.0152 35.3517 34.6439 33.1916 32.3532 30.8918 29.6688 28.664 26.5356 26.0185 25.1338 24.904 22.6734 22.4975 21.1777 21.0722 20.8425 20.4175 19.9466 19.317 19.3558 21.2321 18.391 18.3243 19.6452 17.8957 17.2307 17.0643 21.046 16.9121 16.6821 16.5808 16.5367 16.4255 16.3167 16.2991 16.1387 16.1342 15.9144 16.4688 15.6691 15.6453 15.639 15.5467 15.5453 15.3376 15.3193 15.2904 15.2037 15.09 14.76 14.7464 14.7326 13.8099 14.3853
threshold=0.39642857142857152 1.5000000000000002 0.71825396825396837 2.5000000000000004 1.5000000000000002 0.10620300751879701 11.450000000000001 0.15833927722301475 -0.15506552934608622 4.5000000000000009 6.5000000000000009 0.18659589604809801 14.050000000000002 0.54085967762089227 0.42582417582417587 11.65 12.950000000000001 0 34.602941176470594 0.6132478632478634 0.19044320632034903 1.5000000000000002 0.11437908496732027 0.14160065598118698 -1.1105925060251074 105.00000000000001 437.00000000000006 -0.94440233298509912 410.50000000000006 4.5000000000000009 -0.97974358974358899 0.19543402777777782 0.41318840579710153 0.35214329454990817 38.550000000000004 0.7834821428571429 1.5000000000000002 0.57145632145632164 25.050000000000004 0.59827981945731756 1.0000000180025095e-35 0.28280594099096962 0.6101173642533938 105.00000000000001 27.500000000000004 1.1750000000000005 17.500000000000004 0.28716560246600986 0.24272248182133666 1.0000000180025095e-35 0.40588235294117653 53.050000000000004 -0.38218769112483963 -0.093850753845345733 0.16637831603229533 9.5000000000000018 37.650000000000013 0.27294401818698499 0.2267837858685591 419.00000000000006 0.17914438502673799 54.250000000000007
decision_type=8 8 10 10 10 8 10 10 8 2 10 10 8 10 10 10 10 1 8 10 10 10 10 10 8 10 2 8 2 2 10 8 10 10 8 10 10 8 8 10 10 8 10 10 10 8 10 10 8 10 8 8 8 10 8 2 10 10 8 2 8 2
left_child=2 7 11 4 5 6 9 12 18 23 13 21 -2 17 20 44 26 33 -8 22 51 30 55 -3 -13 52 -10 -28 43 -5 31 -1 47 34 38 54 -17 -14 -7 45 -15 -22 -38 -29 -4 46 -25 -30 -20 -48 -32 -9 -19 -35 57 -6 -26 -36 -54 -16 61 -46
right_child=1 3 15 29 19 10 8 14 16 -11 -12 24 37 40 59 36 -18 25 48 -21 41 -23 -24 39 56 -27 27 28 32 -31 50 -33 -34 53 35 -37 42 -39 -40 -41 -42 -43 -44 -45 60 -47 49 -49 -50 -51 -52 -53 58 -55 -56 -57 -58 -59 -60 -61 -62 -63
leaf_value=-0.014309872688370501 0.032433101628870191 0.00059543433767786098 -0.026626808162714028 0.040124839845274485 -0.0061762470296013354 0.024706059702482561 0.017152356040452812 -0.021105769596212555 -0.0050586355500936266 -0.00072909500749451274 -0.018307351640048621 0.024388654561834932 -0.012620382691298823 0.019104537971485123 -0.021837852475963277 -0.032069353745946334 -0.0065808363854219275 -0.018342891883923157 -0.019200553934804472 0.02490496079381431 -0.010834789547783776 0.014486371088567974 0.021485947727912433 0.0034070402825307129 0.0005434760441938506 -0.017604306108840544 -0.0022653931751425486 0.0071805567161417729 0.010829262465086538 0.0062315822506230269 -0.0096708566807619158 0.0056121519662996402 0.044509343780834314 0.020805763878644992 -0.024169792842000302 0.034144285382462579 -0.019968434207488131 -0.029899490803614894 0.0043252630555396989 0.024808312460806475 -0.011680562034353362 0.0074871061721022356 0.025532763851535557 -0.014875194446016239 0.034967703022404283 0.0077642560682235177 0.030025148997827263 0.026324535706087872 -0.0012369429896487707 0.011648830046818312 -0.023968517595238936 0.018259981640510316 -0.0065689507324353316 -0.0074542782108877985 -0.00043278419885534221 0.019870929961905624 -0.0097456547258176675 0.00030177636239621061 0.0025859688675241798 0.002788317194279427 -0.016411173259173888 -0.0020021673721888709
leaf_weight=291.64658773690462 26.445116985589266 211.61184116825461 107.88264463096857 167.50424291938543 212.29209104180336 109.21401693671942 82.44828862324357 395.68458301573992 275.35220082476735 403.51862044632435 234.34810566157103 71.562597766518593 260.00584930554032 307.02441185712814 63.06913960725069 499.17358554154634 393.51780122518539 140.44808489456773 315.37728034704924 460.07774661108851 279.86032056435943 71.375388246029615 209.79064129292965 129.08214978128672 1125.8914532363415 244.84819800779223 316.83434931188822 406.6292104460299 911.8907710686326 53.032649740576744 325.14833103865385 213.6708292812109 48.221820093691349 218.18469960987568 144.83536437898874 39.089931540191174 249.36463064700365 307.11380462348461 1065.0872736908495 507.02840009331703 49.733659982681274 213.26065252348781 20.513789266347885 103.15030884370208 32.91577485203743 552.47433969005942 324.18617900088429 198.79893916845322 196.72180953249335 182.73960544168949 464.20470701903105 26.026080679148436 755.2494943626225 60.824323244392872 1359.4241995550692 74.98118581995368 520.29144071042538 106.65665454417467 1050.4877431839705 1166.8057950362563 119.48664353787899 116.94833282753825
leaf_count=2390 160 1113 1027 760 1176 565 463 5385 1534 2074 1377 351 1786 1297 456 7990 2091 916 3031 2065 2432 579 1031 613 7499 1298 1930 2109 4554 243 2499 1537 217 1041 807 212 3316 4203 5343 2165 215 1635 245 577 329 2654 1512 904 1391 902 5575 291 4625 290 7499 423 3948 498 5379 7476 1161 1133
internal_value=-2.05882e-05 0.00279591 -0.0102466 0.00491359 0.00442869 0.00338328 0.00686828 -0.00696424 0.00280375 0.0125796 9.06355e-05 -0.00613886 -0.0195375 0.000856693 -0.003477 -0.0212825 0.00527224 -8.49696e-05 -0.00820733 0.0169126 -0.010174 -0.0118788 0.00947972 0.0153945 -0.00156986 -0.00418388 0.00733733 0.00905808 0.0112081 0.0320394 -0.0133424 -0.0058915 0.0149463 0.0028094 0.00163586 -0.00164279 -0.026609 -0.0220137 0.00624015 0.0172401 0.0147923 -0.00291198 -0.0164283 0.00269734 -0.0103817 0.0139932 0.0193833 0.0136239 -0.0123157 0.0234367 -0.0180987 -0.0186388 -0.00248729 0.0146404 -0.00253183 0.000667673 -0.00271244 -0.0138314 -0.00124459 0.00150875 -0.0038007 0.00629576
internal_weight=19591.1 15361 4230.08 12622.7 12402.2 11445 5559.58 2738.27 3248.94 2310.64 5885.46 3083.79 593.565 5651.11 2144.71 1146.29 2654.4 5294.35 594.547 957.142 914.832 1366.05 497.064 1907.12 1717.75 2191.03 2260.88 1985.53 1668.69 220.537 1294.67 505.317 1158.91 3103.32 2824.31 1650.01 769.052 567.12 1174.3 1695.51 356.758 493.121 269.878 509.78 377.233 1188.48 636.008 1110.69 512.099 506.926 789.353 421.711 1946.19 279.009 1610.92 287.273 1646.18 251.492 1805.74 1229.87 269.351 149.864
internal_count=130297 90718 39579 66894 65891 61196 29834 23824 18801 11033 31362 24378 6149 29985 17675 15201 13916 28473 4885 4695 9743 12580 2630 8959 11798 12218 11825 10291 8361 1003 12001 3927 5675 16255 14924 9016 11551 5989 5908 7846 1512 4067 3561 2686 3650 5681 3027 5458 4422 2414 8074 5676 10920 1331 8804 1599 11447 1305 10004 7932 2623 1462
cat_boundaries=0 1
cat_threshold=4
is_linear=0
shrinkage=0.05


Tree=43
num_leaves=63
num_cat=2
split_feature=51 71 53 13 27 55 22 110 33 52 66 64 26 18 17 26 53 42 62 41 10 19 49 5 53 13 9 87 10 26 62 88 81 26 60 65 87 55 110 51 33 72 96 61 62 26 46 56 9 96 80 95 19 12 6 9 33 30 103 94 22 80
split_gain=209.085 128.492 72.8432 50.6671 47.3928 45.3879 40.4051 34.131 31.1533 29.4941 28.8517 28.2526 27.262 26.6195 22.8652 22.843 22.3583 22.1382 21.7279 20.4207 20.2816 19.9833 19.7009 19.1725 18.599 20.3592 19.6193 18.5294 18.5228 16.4534 16.4409 16.0073 15.7493 15.6934 14.9862 16.1239 14.9065 17.0658 14.6845 14.6728 14.5283 14.3155 15.4403 14.2126 14.1853 13.811 13.5795 13.2471 13.1649 12.9664 12.9019 12.901 12.7153 12.9034 15.5028 12.705 12.549 15.2582 17.7351 13.1699 12.8567 12.4446
threshold=0.98002756394984358 1.5000000000000002 -0.55203486650467548 1.5000000000000002 0.24434284639419815 0.0081523703291650537 0.10333401948675726 0 491.00000000000006 0.9472222222222223 1.0000000180025095e-35 0.50106604270801469 0.32576263300562375 0.19615384615384621 0.70710784313725505 0.13111213978823236 0.77800848595429806 9.5000000000000018 0.019186496789620731 1.0000000180025095e-35 -24.999999999999996 0.60769230769230786 -0.47433000713876905 0.43752913752913764 -0.50875789417162764 1.0000000180025095e-35 126.50000000000001 0.48007936507936516 145.00000000000003 0.090999099909991013 0.32645584872268724 1.0000000180025095e-35 0.29366097201892899 0.20608503702766001 -1.2583459623761983 1.0000000180025095e-35 0.23470886752136755 -0.41409677392428967 1 -1.3718374653553558 431.00000000000006 1.0000000180025095e-35 36.967948717948723 0.11324786324786326 0.20182696588431712 0.11555088702147527 2.6750000000000003 -0.052030722404163877 77.500000000000014 33.967708333333341 0.70294117647058829 39.850000000000001 0.78888888888888908 1.0000000180025095e-35 36.541666666666679 68.500000000000014 431.00000000000006 0.20093640621688968 0.11138079827400217 4.5000000000000009 0.048003623188405807 0.35504201680672276
decision_type=10 8 8 10 10 10 10 1 2 10 8 10 10 10 10 10 10 2 10 2 8 8 8 10 10 10 10 10 10 10 8 2 10 10 10 10 10 10 1 8 2 10 8 10 10 10 10 10 10 8 8 8 10 10 10 10 2 10 10 2 10 10
left_child=1 5 7 4 11 16 10 27 29 12 36 20 17 23 28 51 18 39 -1 45 -4 -8 -22 -12 -17 26 30 33 43 -9 -26 -32 -19 50 -35 -36 -2 -38 -11 48 -41 46 -43 -5 -31 -13 55 -25 -6 -45 -3 -7 53 -42 -55 -24 -47 58 -58 60 -59 -51
right_child=6 2 3 14 9 15 21 8 -10 38 13 19 -14 -15 -16 24 -18 32 -20 -21 22 -23 41 47 25 -27 -28 -29 -30 44 31 -33 -34 34 35 -37 37 -39 -40 40 52 42 -44 49 -46 56 -48 -49 -50 61 -52 -53 -54 54 -56 -57 57 59 -60 -61 -62 -63
leaf_value=-0.022029696932416847 -0.015212145313519956 0.0032258741599831241 0.005780106360180743 -0.0096065435058919884 0.022305508628732817 -0.0088366357683747013 -0.012776307501026341 -0.032222844534500562 0.0021541640347465742 0.0072267282615166703 -0.017554118199367232 -0.016148570850248258 0.015952772277870921 -0.010913103262285423 0.037122024695633464 -0.0096001425712330321 -0.0016293972040569598 0.0018428091459786252 -0.0095710114056422393 0.00076477482187623609 -0.011813358235411232 0.020616623184287985 0.0028042745324909218 -0.038013312448620495 -0.005544327938400445 0.026420705093886533 -0.024949901479426599 0.021016352692487472 -0.0017826308822730412 -0.015202475124644253 0.01454873153490468 -0.0015320536826051471 -0.011871204632214014 0.024013246181928502 0.018447940616365587 -0.0078521718345308349 -0.017380158342299532 0.023653511507927667 0.021111392351961956 -0.0080454505484873796 0.006163989678073245 0.0056897855860745103 -0.017660748089074967 0.042651596678832948 -0.0048790221126095591 -0.0050189012070864601 -0.019062258714998125 -0.01822090542735846 -0.0059147893238789299 0.028688099404185582 -0.014482011859925231 -0.037577539376074165 0.016853088269588017 0.010139691430597196 -0.027060650364793604 -0.0086445438305236197 0.029697920370760945 0.040453953103490647 -0.00060441805991245847 -0.0015245228732638793 0.017597965904545276 0.011538888207475553
leaf_weight=727.71399850770831 198.64924559742212 207.46117106825113 700.55769434198737 44.489173211157322 235.32988756895065 112.59545186161995 85.772979341447353 89.393446154892445 584.33836902678013 352.95617903023958 251.61193451285362 46.696896929293871 567.07254882901907 267.91342695429921 116.15687712281942 362.35951485857368 333.71673136949539 754.89622132852674 678.4507281370461 1197.8945146054029 592.92732685804367 91.70347123965621 1551.337510690093 455.26960979029536 346.53688163310289 87.51958741247654 64.973682895302773 137.4219486862421 159.71947053074837 679.12164676561952 377.00129654631019 261.73439902067184 288.5772548802197 110.33745323866606 91.692522175610065 155.99584081396461 40.177831150591373 65.12891162186861 528.11620660871267 184.86667049303651 1604.2590296342969 98.780120573937893 245.33055921271443 54.340822540223598 654.23698729649186 104.22271180897951 87.23973985761404 107.31416961178184 49.64201132953167 154.90058023482561 202.44272281229496 59.501551799476147 260.64117302745581 48.057928465306759 64.761170785874128 286.15816272422671 57.414049662649632 71.102778572589159 278.27609178796411 75.831986099481583 459.87886933237314 337.75490219146013
leaf_count=9061 1655 1369 4254 209 993 998 654 781 3944 1520 3581 228 2691 2921 494 3791 2074 3892 5443 5776 4158 670 8055 8339 3023 525 447 840 797 5538 2299 1732 1619 760 484 1109 305 453 2265 1042 8480 529 1638 249 3706 492 458 1541 215 722 1612 729 1170 229 335 1503 269 344 1267 328 2037 1634
internal_value=-0.000411504 0.00111357 0.00315865 0.00492532 0.00399004 -0.00761905 -0.0179432 -0.00391363 -0.00752606 0.00759651 -0.0208177 0.000946204 0.00579349 -0.0246392 0.0165453 -0.00173488 -0.0132702 0.00413915 -0.0160297 0.00527622 -0.00183959 0.00449692 -0.00370625 -0.0291369 0.000249458 0.00339207 0.00144973 0.00413175 0.0133185 -0.0115534 0.00321418 0.00796722 -0.0019576 0.00114056 0.00877597 0.00191898 -0.00717674 0.00798166 0.015885 0.00673813 0.00532762 -0.00158331 -0.0109607 0.0173924 -0.0101445 0.0102135 9.80303e-05 -0.0342769 0.017386 0.0196018 -0.00553363 -0.0189333 0.0065811 0.00501298 -0.0112644 0.00101759 0.0114038 0.0132233 0.00465109 0.01795 0.0207289 0.0169781
internal_weight=19548.3 17984.7 14572.6 11660.2 10792.8 3412.1 1563.54 2912.44 2007.09 4939.18 1386.07 5853.65 4058.1 1082.11 867.362 1672.22 1739.88 3491.03 1406.16 2291.32 3562.33 177.476 2861.77 814.196 1500.13 1137.77 1050.25 905.352 751.205 1422.75 985.273 638.736 1043.47 767.93 358.026 247.688 303.956 105.307 881.072 2447.56 2162.59 2268.85 344.111 591.485 1333.36 1093.42 1924.74 562.584 284.972 546.996 409.904 172.097 1977.72 1717.08 112.819 1837.5 1046.73 942.504 335.69 606.814 530.982 492.655
internal_count=130276 110157 80035 59892 55787 30122 20119 20143 13969 24451 18795 31336 20666 16382 4105 13544 16578 17975 14504 10741 20595 1324 16341 13461 11817 8026 7501 6174 3611 10025 7054 4031 5511 5334 2353 1593 2413 758 3785 12464 11256 12183 2167 2814 9244 4965 10016 9880 1208 2605 2981 1727 10214 9044 564 9558 4737 4245 1536 2709 2381 2356
cat_boundaries=0 1 2
cat_threshold=376 596
is_linear=0
shrinkage=0.05


Tree=44
num_leaves=63
num_cat=0
split_feature=52 8 8 8 67 33 84 29 9 48 13 26 10 56 58 19 0 96 67 62 48 62 33 88 72 46 22 82 4 33 26 48 60 26 48 67 87 63 26 104 33 9 96 91 21 30 67 93 97 62 87 8 28 63 4 99 67 97 103 10 55 51
split_gain=187.67 102.959 71.0326 53.9933 49.5384 49.1264 48.0767 43.4127 34.3488 32.4705 30.3004 28.9123 28.1497 27.0767 27.0016 26.0154 25.9051 24.2961 24.3744 23.1992 22.4351 22.3574 22.0576 20.6861 20.4654 19.8295 19.7655 18.8736 18.0312 17.9669 18.5676 17.3431 16.4875 16.2308 16.1928 15.9358 15.8591 15.6091 15.4662 16.503 15.269 15.2363 15.2262 15.0609 15.8025 15.5071 14.0746 14.0182 13.6729 13.6086 13.3425 13.1909 20.167 12.8207 12.627 13.5784 12.5723 12.646 12.3922 11.9259 15.1789 11.9176
threshold=0.31980519480519487 0.34313725490196084 0.55050505050505061 0.087121212121212141 25.250000000000004 431.00000000000006 1.0000000180025095e-35 0.19415049147691929 252.50000000000003 0.19722222222222227 1.5000000000000002 0.26675882123669276 115.00000000000001 0.9283133612887261 0.164244534360551 0.48529411764705888 2.5000000000000004 33.703846153846165 38.050000000000004 0.019186496789620731 0.2752525252525253 0.26391785987866806 437.00000000000006 1.0000000180025095e-35 1.0000000180025095e-35 0.16666666666666674 0.23788707839955814 0.21042658730158734 0.72685185185185197 421.00000000000006 0.21290765685926979 0.80277777777777792 -1.691305320824952 0.19050071109803349 0.3708333333333334 39.050000000000004 0.69388888888888911 0.84807692307692317 0.35214329454990817 35.03413414135585 491.00000000000006 45.500000000000007 38.051190476190484 0.20942982456140355 0.15873401140391433 0.31918985270049105 24.950000000000003 0.49137931034482768 1.5000000000000002 1.4073895656460078 0.40052083333333338 0.17156862745098042 0.22876132434955967 0.53452380952380962 0.62502081252081265 36.350000000000001 42.050000000000004 1.5000000000000002 0.34262496762496769 145.00000000000003 0.92464948773395716 -1.5861259760788082
decision_type=10 10 8 10 10 2 2 10 10 10 10 8 10 8 8 10 2 8 10 10 8 10 2 2 10 10 10 10 10 2 10 10 8 8 10 10 10 8 8 10 2 10 10 10 10 10 10 10 10 10 10 10 10 10 10 8 8 10 8 10 8 8
left_child=2 3 12 6 20 28 29 17 13 -9 11 21 27 22 -6 24 34 -7 19 36 -4 -11 56 41 -8 -17 35 40 58 -2 -31 -16 -12 -22 46 38 -19 -14 39 48 -1 61 -32 44 -23 -45 -13 50 -24 -42 -35 -28 -53 -18 55 -46 -5 -58 -3 60 -57 -15
right_child=1 5 4 8 14 7 15 9 -10 10 32 16 37 23 31 25 53 18 -20 -21 33 43 26 -25 -26 -27 51 -29 -30 30 42 -33 -34 47 -36 -37 -38 -39 -40 -41 49 -43 -44 45 54 -47 -48 -49 -50 -51 -52 52 -54 -55 -56 59 57 -59 -60 -61 -62 -63
leaf_value=-0.0038776831942669461 -0.01407685854698129 -0.015111704418026265 -0.025079562965244946 -0.0080116980224374974 -0.033740945969506483 0.019811840354566096 -0.0091957560240717891 -0.015260656287412497 -0.033835683668777441 -0.0061102417627556128 -0.0062246550679857003 0.024386267300826454 -0.019931843858023206 0.047482697950074343 -0.019633215294609256 0.0233082370703784 -0.0049437082533427918 -0.015311070115663843 -0.019739516771870122 0.00084514469634698825 -0.011441751264063044 0.024675992878234021 -0.020544072287302595 0.0073576448014758197 -0.030809041780382282 -0.0038223889792780522 0.03351248387979041 0.034922079802998392 -0.038681956563235087 -0.0004401216604303555 0.010459556833005142 0.0062073449607457747 0.018909647377507333 0.0044642860509740388 0.026529299153849141 -0.0012821223672016303 0.023365747942265896 0.0014098230484570744 0.022358857654817731 0.0090448004657113605 0.0045647581118044272 0.010190843822106084 -0.016378155407803727 -0.010206200310266662 0.01555508753777779 0.02074860016768677 -0.015149549054050613 -0.019936257937051456 0.0068245878009122272 0.037740124394779286 0.03412126588847679 -0.011131357894723477 0.023531839417046556 0.0079011156740276568 0.029004472069645348 -0.0033023273046996191 -0.011418054331173783 0.018739393818286289 0.019753889039336406 -0.016347366516832381 0.019114570589914372 0.023764903786504026
leaf_weight=1146.8854773193598 115.78309581801295 415.64555282518268 128.42312774062157 327.12020906060934 367.68404273688793 74.314909845590591 586.59720082208514 268.70042456686497 45.547198422253132 1391.6861254274845 77.990304816514254 38.034733057022095 323.03686658665538 62.011523202061653 831.61237363144755 91.282462887465954 314.87673729658127 503.5228177011013 410.45315583050251 638.12344469875097 269.58068399131298 108.51851747184992 87.799951814115047 378.11487431824207 134.18662064895034 248.49945032596588 124.1092437505722 36.723332524299622 80.403122596442699 723.24376270547509 1352.6583522520959 69.971468646079302 385.54178385809064 264.52840805798769 234.69724634289742 424.48802580684423 27.105364497750998 116.30037768557668 202.90489193797112 2867.1348810195923 397.68014706298709 190.64569624513388 54.130039751529694 277.97021626681089 149.79586269706488 46.368664585053921 52.187808342278004 48.48384677618742 93.116298466920853 32.56438159942627 43.361917108297348 60.846183687448502 130.76809652149677 503.94440479204059 46.923897955566645 293.17383079230785 50.313776083290577 107.64711171388626 26.30345407128334 106.19386743754148 100.61521562188864 390.10423026233912
leaf_count=7435 804 3178 1455 1675 6964 490 3237 2578 223 11789 463 224 2375 271 10665 415 2060 4796 3914 3859 2230 707 420 1671 965 1178 522 235 1162 4724 7154 530 2116 2013 1433 2104 225 637 899 13475 2536 835 266 1431 827 226 457 316 446 146 344 258 555 2777 363 1575 225 476 171 586 517 1701
internal_value=-0.00010216 0.00241997 -0.00964132 0.0059407 -0.0162869 -0.00231999 0.000883457 -0.00104865 0.0089568 0.0015487 0.00264616 0.00112103 -0.00308659 0.00931745 -0.022315 -0.00788563 0.00771095 -0.00795257 -0.00927083 -0.00558061 -0.00612837 -0.00187031 0.00763852 0.0166644 -0.0132566 0.00351327 0.00886192 -2.92018e-05 -0.0170167 0.00502624 0.00607076 -0.0176231 0.0146764 -0.00220647 0.0196337 0.00782638 -0.0132952 -0.014292 0.00901574 0.00812046 -0.000864652 0.0221193 0.009416 0.00335433 0.00701627 -0.00573062 0.00160202 0.00479206 -0.00649754 0.00715743 0.00873799 0.0208543 0.0125241 0.00296165 0.00423416 0.00240355 -0.00242495 0.00912223 -0.0129967 -0.00155986 0.00245922 0.0271156
internal_weight=19499 15422.1 4076.84 8849.05 2023.65 6573.09 3306.38 6050.74 5542.67 4397.22 4128.52 3664.99 2053.19 5497.12 1269.27 1060.57 1143.74 1653.52 1579.2 1168.75 754.378 2521.25 4476.25 1020.88 720.784 339.782 3991.17 1613.85 522.352 2245.82 2130.03 901.584 463.532 625.955 324.92 3675.44 530.628 439.337 3250.96 3048.05 1577.13 642.761 1406.79 1129.56 805.221 324.339 90.2225 356.374 180.916 430.245 307.89 315.724 191.614 818.821 696.703 649.779 485.081 157.961 441.949 499.983 393.789 452.116
internal_count=130304 92423 37881 44499 24517 47924 18743 43413 25756 30129 27551 24972 13364 25533 18159 5795 6951 13284 12794 8880 6358 18021 21055 4478 4202 1593 18679 10352 4511 12948 12144 11195 2579 4903 2114 17344 5021 3012 15240 14341 10117 2807 7420 6232 4575 1657 681 2673 866 2682 2357 1335 813 4837 3868 3505 2376 701 3349 2678 2092 1972
is_linear=0
shrinkage=0.05


Tree=45
num_leaves=63
num_cat=4
split_feature=71 48 51 51 52 71 28 72 26 26 64 110 9 12 52 81 64 46 55 110 42 52 51 88 22 46 16 33 0 69 39 70 6 41 33 22 81 28 70 80 53 96 92 53 110 19 43 58 28 21 101 5 21 32 61 22 0 37 110 97 64 7
split_gain=163.897 88.0671 64.8621 62.1606 49.7591 40.6815 38.8291 36.7079 34.3525 27.6504 26.6967 26.0368 24.7944 25.408 23.7402 21.7711 21.5043 20.5776 22.2376 20.0483 19.9834 19.9833 18.8614 18.7074 18.8014 17.7549 17.7069 17.126 17.1123 17.0447 16.5973 25.3418 21.8609 17.7203 16.2049 17.6617 21.9946 16.0232 15.6444 15.633 14.8454 14.7858 14.6617 14.4852 14.431 14.3127 14.9563 15.5552 14.3861 14.2704 14.1272 13.9868 17.8946 15.3441 13.847 13.8057 13.6456 13.5073 15.7409 13.2909 13.2037 13.0261
threshold=1.5000000000000002 0.19722222222222227 -0.84923040799341365 0.95085961251168827 0.24264705882352944 2.5000000000000004 0.23173091593821057 1.0000000180025095e-35 0.34495448775085763 0.10931824986656601 1.1254793246521002 0 106.50000000000001 -1.0000000180025095e-35 0.76696832579185525 -1.2400513875232118 -0.29175750658051974 4.1125000000000007 -1.4879391086698532 1 7.5000000000000009 0.98611111111111127 0.19507225217482896 1.0000000180025095e-35 0.1592506533277411 3.0083333333333337 0.066946778711484606 433.00000000000006 8.5000000000000018 -2.5111111111111106 1650.0000000000002 -0.76250000000000007 38.816666666666677 1.5000000000000002 431.00000000000006 0.053798532428728313 -0.97821681314463116 0.18572768694719918 -0.97974358974358899 0.67708333333333337 0.36130692424581151 33.703846153846165 3.5000000000000004 -0.43870991190884856 2 0.86607142857142871 3.5000000000000004 0.99060923003716972 0.29082439087331463 0.27193142119952235 0.19999999999999932 0.4971617965367966 0.17025540669376288 56.750000000000007 0.68990384615384626 0.089777283311059386 13.500000000000002 6.5000000000000009 3 5.5000000000000009 0.10930141546721685 1.5000000000000002
decision_type=8 8 8 10 8 10 10 10 8 10 10 1 10 8 10 8 8 8 10 1 2 10 8 2 10 10 2 2 2 10 2 10 10 2 2 8 8 8 10 10 10 8 2 10 1 10 2 10 10 8 8 10 8 2 10 10 2 2 1 8 10 10
left_child=3 44 10 6 7 8 14 19 9 -6 17 28 13 16 22 49 -11 18 -3 39 -10 25 27 29 57 34 30 -1 -12 55 31 33 -32 -20 -17 36 -36 -14 -29 -4 -5 42 -37 -43 50 46 -38 48 -48 -15 -2 53 -53 -33 -35 -8 -45 58 -25 -9 -31 -7
right_child=1 2 4 40 5 61 23 59 20 12 11 -13 37 15 -16 21 -18 -19 26 -21 -22 -23 -24 24 -26 -27 -28 38 -30 60 32 51 -34 54 35 41 45 -39 -40 -41 -42 43 -44 56 -46 -47 47 -49 -50 -51 -52 52 -54 -55 -56 -57 -58 -59 -60 -61 -62 -63
leaf_value=-0.029106918076605315 0.0065066077168342631 -0.016659669282077291 0.018478694515601923 -0.028357679403043436 -0.012287951538452822 0.045751297792643447 0.032768704170702469 -0.012616867323961953 0.022097022375839995 0.051513122871594041 0.024255717761207496 0.0042292995232548628 -0.025324386132311999 0.017114388470084396 -0.0020016794754700788 -0.0084652163376963165 0.0097741928688392012 -0.0071001689019968344 0.016223345582625011 -0.0075820593172446858 0.0043833231087497425 0.0094148419883314863 -0.021335770139086885 0.01538375046112251 0.031417818701202159 -0.012108113740754711 -0.0099147595013044654 0.011378827278057233 0.0038445994462484099 -0.0059414047001049323 0.013992895197588407 -0.0043802815699178575 -0.0049290000997291028 -0.019606242128518973 0.029843971793106557 0.038130832479655381 0.00051692118511139056 -0.0043421347295099812 -0.0099220097984163494 -0.010180403476417913 -0.0063893580606831594 -0.0114542962054347 0.0025535849980422936 0.0010905323034957788 -0.021186836573967933 0.024366490085108439 0.015744424478749273 -0.0084271932471242043 0.055155318748868254 0.00079155179272567355 -0.019414465590129968 0.01414120749966589 -0.022197716865336885 0.012855088948371278 0.0065783471394231952 -0.0025585018011322225 -0.010252287858269706 -0.014952845581624309 -0.0083393304440503666 -0.036474283437198822 0.0077127258945607902 0.012158193730077101
leaf_weight=94.982107266783714 121.23058649525046 97.118338115513325 149.10117251798511 464.29556610807776 382.87429262697697 65.895020671188831 83.557862419635057 106.75240948423743 304.33489613607526 44.491979766637087 575.57876923680305 418.95375469326973 115.25994267687201 363.91021859273314 474.54347947239876 443.57160967215896 97.93477001786232 288.10533840954304 522.35771298408508 915.41747826710343 334.01285992190242 631.08143397420645 628.09577725827694 92.853151686489582 29.726120766252279 284.45789099857211 138.78629356622696 102.49940308183432 125.44916053116322 335.9926145747304 1393.5176436379552 350.89235999435186 170.90630545467138 63.486384592950344 91.993121478706598 47.586219906806946 960.36725645512342 421.39848288521171 517.94737777113914 68.900239888578653 92.947062656283379 296.64051054790616 72.072316445410252 2950.0649115853012 423.2857948243618 84.720915921032429 136.34126933664083 52.84755727276206 27.326022922992706 211.67384099960327 91.323524381965399 43.371135793626308 144.85501336306334 203.02504356950521 231.65123321115971 40.892637453973293 290.32522615790367 370.53159979730844 203.16106695309281 132.13108735531569 372.09537576884031 52.436693724244833
leaf_count=830 1094 452 1116 8550 2803 313 730 874 1523 254 2444 1780 865 2233 3114 2975 515 1309 2262 7247 1733 2859 8748 756 141 2046 640 782 538 3212 6145 1597 764 306 602 252 6959 2678 4048 596 1029 2019 380 16170 3935 478 1030 348 189 1053 891 226 660 903 1027 223 1700 3161 1640 1853 2320 267
internal_value=-0.00010593 0.0021951 0.00297296 -0.0092631 0.000710412 0.00209694 -0.0066844 -0.0081391 0.00169652 0.000805844 0.00778153 0.0145318 0.00146493 0.00224994 -0.0116209 0.00181948 0.0230811 0.00570574 0.00680559 -0.00437413 0.0128498 0.000977098 -0.0150144 -0.000810149 -0.00685302 4.76636e-05 0.00750892 -0.00944273 0.0203243 0.00424581 0.00828589 0.00463139 0.0119239 0.0106986 0.000683778 0.00149529 0.00637228 -0.00888728 -0.00639041 0.00900458 -0.0247114 -0.000311276 0.0169008 -0.000898178 -0.0160138 0.00463849 0.00319884 0.0150376 0.0226195 0.0111234 -0.00446024 -0.00205723 -0.013794 0.00194871 0.000898653 0.0212328 7.14143e-05 -0.0086043 -0.000634006 -0.0259099 0.00123451 0.0310917
internal_weight=19443.9 15539.8 14904 3904.12 10135.9 8763.62 3346.88 1372.3 8645.29 8006.94 4768.05 1119.98 7624.07 7087.41 1818.07 6944.98 142.427 3648.07 3359.97 1133.42 638.348 6369.4 1343.52 1528.81 696.272 5738.31 3262.85 715.429 701.028 832.538 3124.06 1559.64 1564.42 817.495 5453.86 5010.29 1353.6 536.658 620.447 218.001 557.243 3656.69 119.659 3537.03 635.84 1261.6 1176.88 216.515 163.667 575.584 212.554 742.144 188.226 553.917 295.138 124.45 3240.39 666.546 296.014 238.883 708.088 118.332
internal_count=130187 90903 84983 39284 63930 52244 29705 11686 51664 48408 21053 4762 45605 42062 17522 41293 769 16291 14982 8959 3256 38007 14408 12183 5698 35148 14530 5660 2982 6485 13890 6981 6909 3595 33102 30127 9606 3543 4830 1712 9579 20521 632 19889 5920 9004 8526 1567 1219 3286 1985 3386 886 2500 1333 953 17870 5557 2396 2727 5532 580
cat_boundaries=0 1 2 3 4
cat_threshold=654 280 816 330
is_linear=0
shrinkage=0.05


Tree=46
num_leaves=63
num_cat=3
split_feature=8 40 62 68 52 40 9 29 12 64 33 109 33 102 56 33 5 64 10 53 41 13 81 22 110 64 13 67 103 39 53 3 55 27 49 70 110 70 1 79 52 48 10 31 29 22 51 3 96 1 92 6 103 33 104 40 102 96 33 47 54 57
split_gain=175.039 122.741 104.046 60.0921 47.8636 44.9493 43.0427 41.1769 34.2536 32.6659 31.893 31.1741 31.0904 29.2152 28.4001 28.3266 27.4196 28.1006 26.5906 25.5493 23.9381 23.4602 22.6187 21.6426 20.3327 20.1516 19.564 19.5416 19.4786 18.8421 18.9157 18.6502 17.7031 17.644 17.635 19.575 17.4859 17.143 17.0471 16.6459 16.6025 15.5219 15.2965 15.1703 14.7341 14.6763 14.4841 14.1139 14.5858 13.8695 13.4513 21.1048 15.6385 13.4227 13.4875 13.3969 13.3968 13.3226 13.2067 13.0963 13.0661 16.2414
threshold=0.73030303030303034 10.500000000000002 0.46941488555513894 12.350000000000003 0.53229166666666672 6.5000000000000009 182.50000000000003 0.18072802719830733 1.0000000180025095e-35 1.0448700361234693 437.00000000000006 0 431.00000000000006 0.24060346586717316 0.59097082086747976 441.00000000000006 0.31248015873015877 0.028445296459352846 25.000000000000004 1.0578863779240077 2.5000000000000004 1.0000000180025095e-35 1.3310302683700324 0.20740052791084176 1 0.491781714688937 1.0000000180025095e-35 37.050000000000004 0.21534892148605025 1175.0000000000002 0.71186316343311073 0.3937962211399712 0.13762345037096879 0.26712227235622127 -0.53935511376356804 -1.0743421052631577 2 -0.23749999999999979 0.13423423423423428 0.65312500000000007 0.87867647058823539 0.20294117647058826 165.00000000000003 4.5000000000000009 0.14107233444763853 0.12821457589327892 -1.2520716476003189 0.74278672716172733 34.802777777777784 0.91287878787878796 9.5000000000000018 33.916666666666679 0.21623398225194634 497.00000000000006 39.362421992181744 11.500000000000002 0.23711642000048291 34.060769230769239 485.00000000000006 1.3750000000000002 0.93541666666666679 0.46312788488424539
decision_type=10 2 10 10 10 2 10 10 10 10 2 1 2 10 10 2 10 8 10 10 2 10 8 10 1 10 10 10 8 2 8 8 8 8 8 10 1 10 8 10 10 8 10 2 8 10 10 10 8 10 2 8 10 2 10 2 8 8 2 10 8 10
left_child=1 5 3 8 16 -1 9 -5 10 15 40 37 -9 14 24 32 36 -18 26 38 50 23 34 25 -12 33 28 41 43 -14 31 -31 -4 -7 58 47 44 -11 -20 -33 -3 -26 -27 49 -2 -37 -13 48 -36 -17 51 -15 -53 56 -55 -46 -43 -29 -6 -40 61 -48
right_child=4 2 6 7 22 21 -8 12 -10 11 13 46 29 20 -16 18 17 -19 19 -21 -22 -23 -24 -25 27 42 -28 57 -30 30 -32 39 -34 -35 35 45 -38 -39 59 -41 -42 53 -44 -45 55 -47 60 -49 -50 -51 -52 52 -54 54 -56 -57 -58 -59 -60 -61 -62 -63
leaf_value=0.049887807011924627 -0.03251333634207737 -0.014177572792284208 -0.015066394251288818 -0.019828223228024487 -0.019900002782642773 0.00023620366775894855 -0.019798538648783542 -0.022923209429481409 -0.015160203713432352 0.02096148230157473 0.0049947489404873306 0.013572195465117102 0.02347117295544 0.045137504674421222 0.01695089543620423 0.0061309622477135253 -0.028298160085121156 -0.010768407853065837 0.0060795351987822793 0.012415891201585521 -0.0035018968006078131 0.025446837724764266 -0.026633273616756256 0.029828698184906317 -0.023978887851235503 0.02110820506782532 0.020889041459083168 0.011838038078328965 0.0098215493354925441 0.0021196511823428784 0.0036051945879696568 -0.01256455746242309 0.0018745542591938513 0.014552150666240474 0.031637549573325846 -0.0086161175427131812 -0.016152288128586462 0.0063541079900439716 -0.015768838723161715 0.024271704601262111 0.0084389218291535083 -0.0009278625648683653 0.00076394412672348079 -0.011188910394061986 0.048512535032463527 0.01336610732012266 0.014069957796694569 0.037438339274845009 0.0013445216494627965 -0.013840560851620151 -0.0053578053109995935 0.004439894162385956 0.015318873915204515 0.015754555634563319 -0.014627590950555486 0.0059733448265621445 -0.026003384226692558 -0.013880191202824974 0.00067767472632877628 0.0032514754867933615 -0.021470273776612644 -0.0052080212896246821
leaf_weight=81.204458005726337 19.505639784038067 464.44650585949421 295.81734325736761 676.52508148550987 213.38230145722628 755.07434325292706 165.25115701556206 231.07214926183224 350.61727802082896 782.47314713150263 635.98449958115816 264.73494455218315 61.526110433042049 44.033716954290867 200.06124894320965 803.01332804560661 669.20378732681274 349.70780562609434 187.55038869008422 227.85422806441784 420.35165625810623 282.58494859933853 107.34202233701944 125.16328153014183 68.21733782440424 395.850600335747 251.55590686947107 53.860988922417164 1617.839114498347 353.41666474938393 519.97780527547002 913.66189654543996 320.5611810348928 300.05238307267427 47.311942841857672 433.67362854629755 165.98111863061786 271.61122590303421 400.65893378853798 30.834111571311951 97.579331278800964 671.77961521595716 120.53470777720213 200.92383334040642 21.219241037964821 91.070228032767773 177.01184675097466 42.491397101432085 224.41596091538668 96.519865438342094 129.9105976074934 615.63017944991589 714.66314363107085 207.77452961355448 43.449150685220957 113.2250342220068 56.860523141920567 645.36167530342937 122.44139836356044 116.43063147366047 65.497953154146671 281.95165523141623
leaf_count=389 241 3643 1644 6762 2258 4250 844 2227 2122 3427 4350 1121 473 217 1144 4029 11176 3876 1196 991 2534 1330 1143 535 578 1772 1158 312 7710 2209 2867 8935 1629 1480 259 3676 1828 1220 2034 237 480 3915 563 1096 180 515 886 329 1294 415 812 3730 4063 1221 257 1202 321 5699 1226 555 300 1328
internal_value=0.000332985 0.00220856 0.0006098 -0.0031369 -0.0116821 0.0136358 0.00532079 -0.00910203 -6.87926e-05 0.00597627 0.000977649 0.0115844 -0.00565595 0.00237852 -0.00109586 0.00368655 -0.0182911 -0.0222981 0.00525994 -0.00210408 0.00704029 0.0121241 -0.00477181 0.00989146 -0.00261724 0.00828559 0.00757207 -0.00538689 0.00633246 -0.00352189 -0.00444787 -0.00767443 -0.00626712 0.00431723 -0.00275334 0.00112531 -0.00550006 0.0172071 -0.00681023 -0.0113376 -0.0102429 -0.00109582 0.0163701 0.00119872 0.00662935 -0.0047829 0.00406213 0.0109758 0.00671566 0.00397503 0.00998662 0.0114399 0.0102914 0.000520102 0.0104628 0.0129959 -0.00291763 -0.011885 -0.0124176 -0.0114881 -0.000755009 0.00224148
internal_weight=19416.3 16795.3 14734.9 8207.6 2620.97 2060.46 6527.26 2787.01 5420.58 6362.01 5069.96 1843.28 2110.49 4507.94 2583.35 4518.72 1338.84 1018.91 3902.35 932.494 1924.59 1979.26 1282.13 1696.68 2383.29 1571.51 2969.85 1747.3 2718.3 1879.42 1817.89 1297.91 616.379 1055.13 1174.79 838.963 319.931 1054.08 704.64 944.496 562.026 1048.08 516.385 1100.46 153.95 524.744 789.196 314.219 271.728 899.533 1504.24 1374.33 1330.29 979.864 251.224 134.444 728.64 699.223 335.824 517.09 524.461 458.964
internal_count=130213 101010 90691 59108 29203 10319 31583 23710 35398 30739 33276 8282 16948 29153 17797 22457 18503 15052 19184 4776 11356 9930 10700 8600 16653 8065 14408 12303 13250 14721 14248 11381 3273 5730 9557 6073 3451 4647 3785 9172 4123 6292 2335 5540 1623 4191 3635 1882 1553 4444 8822 8010 7793 5714 1478 1382 4236 6011 3484 2589 2514 2214
cat_boundaries=0 1 2 3
cat_threshold=1 312 752
is_linear=0
shrinkage=0.05


Tree=47
num_leaves=63
num_cat=2
split_feature=8 40 52 10 26 12 56 72 88 71 61 81 61 51 40 40 19 101 23 5 9 60 107 32 18 59 79 96 66 68 31 68 106 55 63 110 46 4 55 40 96 55 68 33 33 69 68 96 82 21 38 42 59 51 54 110 23 95 55 87 10 33
split_gain=144.441 96.3809 85.3551 73.1876 54.5041 46.0149 58.6515 36.1575 31.9667 31.1684 30.8008 30.0202 28.6062 28.5278 26.3083 24.6195 22.848 22.6561 20.8784 20.729 19.6728 19.2993 19.0528 19.0318 18.9446 24.4617 18.62 18.2058 17.9653 17.7313 17.6697 17.6503 16.1603 16.5895 16.1276 15.9205 15.7918 15.433 15.3209 16.8268 15.7804 15.2686 15.2321 15.0913 14.9122 14.9059 14.8913 14.6026 14.1064 13.6795 13.5405 13.5937 13.2784 16.036 13.2262 13.1745 13.0731 13.0686 13.2999 12.9259 13.1048 12.8632
threshold=0.73030303030303034 9.5000000000000018 0.75735294117647067 165.00000000000003 0.21371289293615273 1.0000000180025095e-35 0.1926594290528737 1.0000000180025095e-35 1.0000000180025095e-35 2.5000000000000004 0.39087301587301593 0.12848942407742867 0.84807692307692317 -1.6560336866317968 6.5000000000000009 12.500000000000002 0.36931818181818188 2.5999999999999983 0.54085967762089227 0.40311423054070122 113.50000000000001 -0.013823939878027462 39.630496414413621 54.250000000000007 0.54006410256410264 1.3154232969987925 0.53708791208791218 35.13452380952382 1.5000000000000002 12.750000000000002 5.5000000000000009 12.65 0.18597971862467952 0.89507731684571457 0.23205128205128209 0 1.7416666666666674 0.56631701631701648 -0.03343840629390931 16.500000000000004 39.251923076923084 -0.12226769789523008 12.750000000000002 471.00000000000006 425.00000000000006 0.077777777777777515 12.65 37.402631578947378 0.10666666666666673 0.26336182261335045 0.93095238095238109 8.5000000000000018 0.84629832941955985 -1.0559337751737676 0.93095238095238109 1 0.33684905791559488 37.250000000000007 0.077030249096290651 0.098765432098765468 -104.99999999999999 475.00000000000006
decision_type=10 2 10 8 10 10 8 10 2 10 8 8 8 8 2 2 10 8 10 10 10 8 10 2 10 8 10 10 10 10 2 10 8 10 10 1 10 8 10 2 10 10 10 2 2 10 10 8 10 10 2 2 8 8 10 1 10 10 10 10 10 2
left_child=1 14 3 5 10 6 11 12 22 13 19 28 55 45 -1 21 57 36 20 -2 29 -6 34 -9 -7 27 42 -26 -3 30 38 -10 33 -17 -8 -30 -16 -19 48 40 49 -23 -14 47 -31 -4 59 -36 -15 -40 51 -45 53 -49 -35 -5 -41 58 -13 -12 -61 -27
right_child=4 2 9 7 15 24 8 23 31 -11 46 16 26 18 17 32 -18 37 -20 -21 -22 41 -24 -25 25 61 -28 -29 35 44 -32 -33 -34 54 43 -37 -38 -39 39 56 -42 -43 -44 50 -46 -47 -48 52 -50 -51 -52 -53 -54 -55 -56 -57 -58 -59 -60 60 -62 -63
leaf_value=0.041466459663116385 -0.012455940317056345 0.0099471261785004997 0.02383644866896097 0.0011695595142696333 0.00042640303144182018 -0.01964458050864544 -0.0032466322162553298 -0.033459543701302316 0.0031850092883402657 0.029219165290894342 -0.016788897618101123 -0.015897800682024878 -0.00034652570317420385 -7.3845425677498467e-05 0.022339084392203321 -0.020162933649020231 0.0050475349666147988 -0.0091583103257653325 0.013070404578127127 -0.030813736218178529 -0.0095420166467994824 0.0037513196715282839 -0.013082510995525593 -0.01398192147730219 0.0062724858923817219 -0.004404954315812417 0.029096834247812856 -0.018813893788188162 0.0095966894352885867 -0.028705943297894061 -0.0084911345281226507 -0.011828345865253574 -0.0030515499655162873 0.042706441601254676 0.018460372524764897 -0.0061803797539479698 0.0053220766934644857 0.010840526882987839 0.020321279856384131 0.0060822785056244867 -0.0075558312375162348 0.045282366054646049 -0.015069930317794702 0.018578769844409034 -0.0012808676948290339 -0.0055505628989931388 -0.02444359005307379 0.031147433239840094 0.015425992217423915 0.0092653740034460124 0.032484039677756198 0.00589781643138362 -0.0063423206898708638 0.003391011926474034 -0.0088552151994331259 -0.014937473194998427 -0.015051377613171452 -0.024147095298187357 -0.0010551305644211707 0.020043944823993416 -0.0049119603133980765 0.028179056809243788
leaf_weight=86.540541030466557 223.96182577311993 412.3060116507113 270.76720879971981 156.98718199878931 267.34385691583157 332.35065409913659 172.25929787009954 163.56663260981441 982.36937616020441 132.03334845602512 138.07792597264051 375.11160035058856 1253.2831722870469 1212.7622605264187 563.23031301051378 334.98153828456998 202.24915621429682 149.78191851824522 554.3020853176713 504.2119889780879 300.19174361601472 39.536726664751768 82.259767401963472 542.50493081659079 104.58376405388117 50.737935192883015 47.452372919768095 230.51904494315386 196.61110195890069 52.067988149821758 224.83484717458487 243.42465098574758 614.5599257722497 18.578755430877209 204.4352935552597 695.94142596796155 180.7672300375998 267.05938309803605 348.64530968293548 181.2721633836627 115.74227720499039 49.838571675121784 203.30971862748265 658.39754379540682 753.04971313476562 50.896763205528259 121.76014545559883 66.344947561621666 166.00508963689208 1426.5044643357396 117.408561617136 312.85683000832796 227.60160176083446 230.28977067768574 33.377732176333666 802.1006720662117 121.29556465893984 218.68971509113908 252.33262544870377 72.177311021834612 186.20737321302295 73.28132452070713
leaf_count=408 2774 2299 1153 1218 1965 2205 1188 1901 5447 566 1380 3481 8093 6103 2661 4309 1313 694 2398 8588 1534 404 513 5203 537 232 351 1226 1508 312 1172 1571 5177 225 1106 5526 880 1501 1744 897 566 418 1914 3453 3998 214 1475 292 817 6508 637 1757 1140 1468 413 6085 559 2260 2068 625 1586 335
internal_value=-6.65845e-05 0.00163506 0.000560055 -0.00234741 -0.0110187 0.00071297 0.00229493 -0.00856681 0.00659721 0.00528783 -0.0185651 -0.00373419 -0.005703 0.00473604 0.0150009 -0.00408506 -0.0100303 0.0129939 0.00388101 -0.0251923 0.00283952 0.00718044 0.0103823 -0.018535 -0.0105704 -0.00397335 -0.00139781 -0.0109892 0.00132818 0.00364905 0.00507796 0.000196367 -0.00810083 -0.0160919 0.0113585 -0.00265993 0.0182172 0.0036497 0.00593414 0.0085294 0.0102805 0.0271552 -0.00241053 0.0127439 -0.00308789 0.0191838 -0.00922236 0.00716004 0.00180218 0.011447 0.0164714 0.0145043 0.00272651 0.00968277 0.0100406 -0.0124459 -0.00241161 -0.013636 -0.00993986 -0.00449793 0.00210963 0.0149199
internal_weight=19373.9 16769.3 15521.9 9611.57 2604.61 6442.36 5650.89 3169.2 3297.65 5910.37 1246.4 2353.24 2463.13 5778.34 1247.38 1358.22 1048.38 1160.84 5456.67 728.174 4902.37 356.719 2071.85 706.072 791.473 459.122 1504.05 335.103 1304.86 4602.18 3797.06 1225.79 1001.5 386.938 1989.59 892.553 743.998 416.841 3572.23 2193.46 1890.89 89.3753 1456.59 1817.33 805.118 321.664 518.223 728.672 1378.77 1775.15 1088.66 971.254 524.236 296.635 51.9565 959.088 302.568 846.134 627.444 396.463 258.385 124.019
internal_count=130351 101012 94868 66327 29339 41562 37027 24765 18572 28541 16428 18455 17661 27975 6144 12911 9122 5736 26608 11362 24210 2787 11554 7104 4535 2330 10358 1763 9333 22676 18366 7018 10124 4947 11041 7034 3541 2195 17194 10274 8818 822 10007 9853 4310 1367 5066 4006 6920 8252 5847 5210 2900 1760 638 7303 1456 7809 5549 3591 2211 567
cat_boundaries=0 1 2
cat_threshold=296 296
is_linear=0
shrinkage=0.05


Tree=48
num_leaves=63
num_cat=1
split_feature=48 40 62 8 68 9 40 20 40 96 53 31 26 13 93 48 33 46 41 29 53 87 94 26 31 33 12 5 68 29 23 52 96 30 70 110 6 68 33 5 58 30 87 53 4 8 59 33 47 82 64 67 93 107 38 26 57 54 55 1 104 9
split_gain=132.155 89.2622 72.8691 65.5247 60.6936 40.0008 39.1026 37.141 29.7258 30.3422 29.6482 29.3123 29.3058 27.3366 24.2546 22.8805 22.8472 31.6583 21.1363 25.0344 22.536 20.9087 19.3622 18.8243 17.546 17.4622 17.2061 16.8512 15.8496 15.7983 17.3585 15.6999 15.1986 19.1266 15.1887 15.0658 15.0395 16.9154 14.8303 14.7661 13.6686 13.5501 13.3538 15.5046 13.7156 17.3753 16.0876 13.3579 15.683 13.3058 13.2811 13.0953 13.5694 12.8205 12.7735 12.6305 12.5355 12.3099 16.9712 12.2253 12.2141 12.0692
threshold=0.38348416289592763 9.5000000000000018 0.20182696588431712 0.80625000000000013 12.15 103.50000000000001 12.500000000000002 1023.5000000000001 16.500000000000004 33.803125000000009 -0.99468299583707964 5.5000000000000009 0.24709543368429174 1.5000000000000002 0.10620300751879701 0.19722222222222227 491.00000000000006 2.5916666666666672 2.5000000000000004 0.27083733512613656 1.4994315758992875 0.2003086419753087 3.5000000000000004 0.18186653771760158 3.5000000000000004 497.00000000000006 1.0000000180025095e-35 0.52833999333999337 13.350000000000003 0.24090230043773339 0.20691791650643082 0.93933823529411775 36.002941176470593 0.18352255197166215 -0.75384615384615372 0 34.883333333333347 11.450000000000001 489.00000000000006 0.51473301820728301 -0.69802561473023872 0.21622707916920139 0.56039215686274513 1.9470575351474173 0.45834380760851362 0.31009615384615391 0.37369603541945418 441.00000000000006 2.7500000000000004 0.014880952380952427 1.2012349824565416 25.550000000000004 0.53452380952380962 34.016666666666673 0.81534090909090928 0.27333708286464198 -0.440421620810172 0.94281045751633996 1.3270304075127772 0.10172413793103451 38.41770203408467 34.500000000000007
decision_type=8 2 10 10 10 10 2 2 2 8 8 2 10 10 10 10 2 8 2 10 8 10 2 10 2 2 10 10 10 8 8 10 8 10 10 1 8 10 2 10 8 10 10 10 10 8 8 2 10 10 10 10 8 8 2 10 8 8 8 10 10 10
left_child=3 32 4 6 10 8 13 12 9 -4 -3 16 14 25 -6 -8 17 23 19 20 36 29 -15 -11 26 35 -7 -27 42 30 -17 50 59 -34 -33 -1 -12 -38 56 54 -21 -26 43 44 47 -46 -47 -25 -49 -32 -10 52 -9 -20 61 -30 -23 58 -42 -2 -22 -5
right_child=1 2 5 39 7 24 15 51 31 11 18 -13 -14 22 -16 21 -18 -19 53 40 60 38 -24 28 41 27 -28 -29 55 -31 49 34 33 -35 -36 -37 37 -39 -40 -41 57 -43 -44 -45 45 46 -48 48 -50 -51 -52 -53 -54 -55 -56 -57 -58 -59 -60 -61 -62 -63
leaf_value=-0.010938697068887081 0.046133192078821043 -0.012643769902292924 0.029587362772576387 -0.035896475793276809 -0.022874563743647713 0.010491860011265841 -0.017643632200787948 -0.0047249465817799791 -0.010816066232084639 0.00014901064466967613 0.012849655961512413 -0.010078714319520813 -0.0040170651263206304 0.049076986599349087 -0.0075050742237548962 -0.022080139943158255 0.011842590857153 -0.0080037407116904241 0.0028081927292014923 0.040568724083756891 0.022766820028307849 -0.022415348578887013 0.00057513203236757987 -0.0050049994609903236 -0.024203530082329446 0.032374932041243108 -0.013621063043768207 -0.001263119958614767 -0.017611636544312095 -0.0021241353177399946 -0.025859912460114733 0.025741336047625876 -0.0043482373852998029 0.015297621984940236 -0.0038508449646548456 0.0056601841751272421 0.0016758853054344776 -0.0089948094607743365 0.010841815638579846 -0.029165824665631803 0.01109148037346217 -0.0061279357037393742 0.017360508428235888 0.020551179007333678 0.041354982533325618 0.026407663985661484 0.0019257722333854287 0.0053612319919074981 0.028803405600445156 0.00044765787643006103 0.0075757574002631965 -0.0061735339633393468 0.013149487109895941 -0.01181167777924819 0.0036694507061116773 0.012249911886433219 -0.00097143467793632142 -0.00045717990438821313 0.041937496087253612 0.019283781776988113 -0.0034868970432212982 -0.012277102803129788
leaf_weight=272.98744133114815 46.302296325564384 352.46232475712895 139.85242198035121 79.028800912201405 751.12459908798337 215.09209262579679 518.50003278255463 180.05105468630791 506.6078366599977 927.66545693203807 184.01774961873889 266.6342160589993 606.97639908641577 53.888027913868427 391.72690470889211 376.11279400810599 1646.6861856728792 426.49357491359115 253.11448620259762 37.316832754760981 169.79202086851001 78.891323633491993 32.955303549766541 299.45834415405989 167.30348752066493 77.103351190686226 111.51537051796913 71.007982484996319 100.5836522616446 365.38393898308277 61.12100275978446 78.911068737506866 166.13038271293044 481.94221387058496 94.317351222038269 255.08733659237623 1020.5209619812667 582.66547272726893 237.03567058593035 362.54419600218534 593.25194426253438 272.57564291357994 424.58167081326246 212.60233722627163 53.784694246947765 102.96777864545584 189.73967510461807 1378.4145221561193 74.325652271509171 212.25994655117393 120.92892858758569 479.97243598848581 256.3615964576602 365.78611730411649 74.82668736949563 53.497319616377354 464.47821219265461 212.03006665408611 47.430663246661425 477.9664879925549 59.491379957646132 172.68977006152272
leaf_count=2035 264 3200 658 1052 9525 1104 5268 1311 2763 4980 1073 1434 4762 337 2951 4049 7754 2055 1387 268 787 909 212 1407 882 500 539 535 536 3108 473 335 923 2470 414 1935 5742 5440 1825 6074 3264 1361 1981 906 262 714 1206 6314 331 1652 576 3827 1600 2213 940 253 3619 1150 263 2131 285 2260
internal_value=0.000115448 0.00214717 0.00106717 -0.0082889 -0.0028306 0.00431045 -0.00516389 -0.00863629 0.00548234 0.0066361 0.00116226 0.00611009 -0.0129049 0.00464714 -0.0176176 -0.00839994 0.00684443 0.00490285 0.00254575 0.00433227 0.00124753 -0.00572191 0.0308876 0.00634645 -0.00653479 0.00123642 0.00224241 0.0163478 0.00833507 -0.01045 -0.0151234 -0.0035879 0.0154087 0.0102626 0.00969971 -0.00302481 -0.000649027 -0.00220548 0.000432254 -0.0222145 0.0113119 -0.0130421 0.00921408 0.00771073 0.0064008 0.015478 0.0105985 0.004598 0.00657958 -0.00550686 -0.00726547 -0.00048026 0.00578108 -0.00583764 -0.0144313 -0.00723149 -0.00412031 0.00998556 0.0134369 0.0217384 0.0159693 -0.0198053
internal_weight=19346.9 15581 14408.6 3765.9 6544.09 7864.54 3076.81 2666.21 7098.05 6297.29 3877.88 6157.44 1749.83 763.029 1142.85 2313.78 5890.8 4244.11 3525.42 2906.52 2016.49 1795.28 86.8433 3817.62 766.487 676.186 326.607 148.111 2889.96 1014.88 649.494 800.765 1172.34 648.073 173.228 528.075 1787.2 1603.19 780.405 689.089 890.03 439.879 2735.87 2311.29 2098.69 346.492 292.707 1752.2 1452.74 273.381 627.537 916.385 436.413 618.901 326.545 154.081 543.37 852.713 640.683 524.269 229.283 251.719
internal_count=130384 93601 87813 36783 49048 38765 26457 23976 34879 30791 25072 30133 17238 5554 12476 20903 28699 20945 21872 18272 13327 15635 549 18890 3886 5005 1643 1035 13910 9282 6174 4088 5788 3393 749 3970 12255 11182 6353 10326 4945 2243 13121 11140 10234 2182 1920 8052 6645 2125 3339 6738 2911 3600 4252 789 4528 4677 3527 2395 1072 3312
cat_boundaries=0 1
cat_threshold=150
is_linear=0
shrinkage=0.05


Tree=49
num_leaves=63
num_cat=1
split_feature=8 40 56 55 26 67 40 53 61 29 9 100 42 19 40 40 41 72 9 64 26 70 66 110 88 67 54 53 39 26 55 7 80 21 21 60 26 53 29 3 7 80 80 87 64 0 26 101 5 55 51 42 4 62 49 47 103 102 53 24 106 26
split_gain=156.416 90.0504 60.5817 47.09 42.045 36.7791 34.3175 28.6406 28.6188 27.9239 27.8788 26.4719 24.8678 26.4478 23.9681 21.6187 20.9898 19.3595 19.0815 19.8735 19.7881 17.8833 25.0611 17.546 17.4378 17.4 16.6353 16.5407 16.5215 19.7496 16.4632 16.1717 15.6471 15.3924 15.3136 15.125 15.094 14.8074 14.7345 14.5762 14.5563 15.3854 14.4884 14.2845 14.1998 13.8956 13.7811 13.5017 13.4384 13.4255 13.3616 13.3388 13.8137 26.2845 13.0908 13.065 14.9353 13.7015 12.9206 14.546 13.8822 14.6836
threshold=0.73030303030303034 15.500000000000002 0.45725313370715398 -0.26347658842590177 0.21741259634629309 25.650000000000002 8.5000000000000018 -0.90281873749579644 0.39087301587301593 0.17273516414141418 182.50000000000003 2.5000000000000004 4.5000000000000009 0.12916666666666668 9.5000000000000018 13.500000000000002 1.0000000180025095e-35 1.0000000180025095e-35 112.50000000000001 -0.15506552934608622 0.33851811447574476 -1.0999999999999985 3.5000000000000004 0 1.0000000180025095e-35 26.550000000000004 0.53229166666666672 -0.031083322983734004 1350.0000000000002 0.1545396493672356 1.4265702518709777 1.0000000180025095e-35 0.68990384615384626 0.49459443665264147 0.32890806066427564 -0.18375418812417882 0.15371177307042119 0.030494066203351579 0.29269182837813784 0.46790263308120456 3.5000000000000004 0.25833333333333336 0.080128205128205135 0.55618686868686884 -0.47868360118100889 11.500000000000002 0.18560878569871378 3.3500000000000019 0.54167030885780909 -0.12226769789523008 1.1714403783665654 3.5000000000000004 0.32467740592740596 0.46941488555513894 -0.65556261133950622 3.7500000000000004 0.18405849652193065 0.22302594288205801 0.95590259313838499 0.093073593073593086 0.52976612331679673 0.13560854507003403
decision_type=10 2 10 10 10 10 2 10 8 8 10 8 2 10 2 2 2 10 10 10 10 10 10 1 2 10 10 8 2 8 10 8 10 10 10 8 8 10 8 10 10 10 10 10 10 2 10 8 10 8 8 2 8 10 8 8 8 10 8 10 10 10
left_child=1 3 5 14 8 16 -5 24 48 -7 11 42 25 27 36 30 17 28 19 20 31 26 -23 58 47 -4 34 -14 29 -3 35 -16 -18 44 -13 -6 -1 -34 54 -39 -15 -42 -9 -10 -24 -29 -25 -8 -2 -37 -17 -28 53 -53 -21 56 -46 -58 59 60 61 -11
right_child=4 2 12 6 15 9 7 10 43 23 -12 21 13 40 18 50 32 -19 -20 38 -22 22 33 46 -26 -27 51 45 -30 -31 -32 -33 37 -35 -36 49 -38 39 -40 -41 41 -43 -44 -45 55 -47 -48 -49 -50 -51 -52 52 -54 -55 -56 -57 57 -59 -60 -61 -62 -63
leaf_value=-0.010257984852395697 -0.017625786143460203 -0.010369829399351264 0.015922536365379176 0.021200169697777802 -0.0045389621449833792 -0.02050156192873126 0.0096609158919222001 -0.010384766982511742 -0.012335441163423338 -0.028167551657544001 -0.017862171740904195 0.027826061557221688 -0.013900725796580877 0.0022810947656891093 -0.021185388496120842 -0.0063698349693177437 -0.002407000719849841 -0.010760838502023517 -0.018944435371523675 -0.007943392168421555 0.017759889647856932 -0.0031294708477763856 -0.00097378190453799502 -0.020416050309687545 -0.015120227509719038 0.0019404014782368453 0.01629396355728166 0.0022965181532353424 0.0031370725401955058 0.027223156647545956 0.039729393580706422 -0.0047942249900452131 -0.025298306365665726 0.026522478393257987 -0.0010978994454874189 -0.0040947134727839871 0.014915440190350966 0.0058354488041320431 -0.023978194737070014 -0.029551248549897192 0.03690806917491881 0.0088394680152124663 0.015619022114990503 0.012954902356755303 -0.0035595891555973663 -0.024245385126613048 -0.0081492052157304019 -0.016634182015578154 -0.031257089849504011 0.031676413046445639 -0.020633487452048186 -0.024349198340747853 0.0088600202259037537 0.0058400911501086169 0.0059779943730876757 -0.0033672231173552322 0.03556463011789162 0.013556609921285188 0.0095158710822508073 0.0097091928556007935 -0.038448437175822234 -0.0028263458021369329
leaf_weight=70.419190000742674 361.4850199110806 43.886914238333702 540.32865690812469 425.65833006799221 320.10144710540771 500.33255180716515 210.29652872681618 55.426436506211758 477.70382839441299 66.34008340165019 104.16262277588248 204.35326355695724 377.0058478564024 680.34022512659431 183.30062063038349 633.62608328089118 913.89282607659698 189.31238624081016 152.49384374544024 195.74169401079416 80.991834454238415 936.27539887279272 406.01479465514421 300.4043391123414 227.35246945917606 378.32001256942749 336.01026156917214 498.41822741925716 709.76408549398184 162.03311788290739 28.182257786393166 825.74149876460433 169.90397272631526 101.4946097433567 58.788379728794098 44.028753910213709 363.98523261025548 108.20167297124863 47.666670545935631 38.692482072860003 66.016428098082542 183.50868598371744 1190.2823524102569 62.382076155394316 83.614810451865196 53.714775949716568 965.82244144007564 62.516826376318932 372.9056626483798 63.143390458077192 221.39712416753173 103.31045574694872 691.14803056791425 232.62553797662258 1194.9469461739063 118.01442319527268 99.350092422217131 248.1684086881578 199.00749930739403 129.50039175897837 36.256893813610077 380.28306755423546
leaf_count=462 4840 266 2484 1950 2412 5119 1415 251 4804 818 562 1072 2390 3309 1591 5683 5384 1569 994 1468 438 5513 2667 2927 1657 1925 1629 2407 3886 878 202 6084 1378 433 253 465 1841 564 245 262 311 923 5613 508 485 278 6990 585 6888 556 3145 474 3515 996 6400 572 565 1321 1066 810 211 3501
internal_value=-0.000251723 0.00151996 -0.00245364 0.00491182 -0.0116948 -0.00578962 0.00753918 0.00647229 -0.0181581 -0.00990599 0.00762021 0.00816937 0.00344762 0.000120642 -6.05933e-05 -0.00539994 -0.001244 0.00375644 -0.00182712 -0.000787649 -0.0058769 0.00600261 0.00282544 -0.00734573 -0.00492447 0.0101728 0.00989207 -0.00584237 0.00676626 0.0191997 0.00339437 -0.00778984 -0.00573313 0.0080999 0.0213845 0.000910599 0.0108205 -0.0152905 0.00307056 -0.00362233 0.00607887 0.0163832 0.0144546 -0.00939576 0.00611665 -0.0003248 -0.0109866 0.00359649 -0.0245805 0.0170788 -0.010083 0.00765944 0.00482156 -0.00348874 0.00401424 0.0113512 0.0153786 0.0199324 -0.00150369 -0.00511894 -0.00910745 -0.00664497
internal_weight=19286.4 16701.4 7691.29 9010.15 2584.96 4913.63 5894.86 5469.21 1274.48 2577.95 4969.04 4864.88 2777.65 1859 3115.29 1310.48 2335.69 1105 2680.88 2528.39 1090.03 3619.17 1992.93 2077.61 500.166 918.649 1626.24 929.139 915.684 205.92 455.456 1009.04 1230.69 1056.66 263.142 427.274 434.404 316.798 1438.36 146.894 929.865 249.525 1245.71 540.086 955.163 552.133 1266.23 272.813 734.391 107.172 855.023 1363.09 1027.08 335.936 1390.69 549.148 431.133 347.519 811.388 612.38 482.88 446.623
internal_count=130210 100707 49656 51051 29503 35629 31528 29578 17040 21442 25921 25359 14027 9618 19523 12463 14187 6599 17220 16226 8113 19495 11556 16323 3657 4409 7939 5075 5030 1144 3635 7675 7588 6043 1325 3433 2303 2204 8113 826 4543 1234 5864 5312 5610 2685 9917 2000 11728 1021 8828 6614 4985 1470 7868 2943 2371 1886 6406 5340 4530 4319
cat_boundaries=0 1
cat_threshold=362
is_linear=0
shrinkage=0.05


Tree=50
num_leaves=63
num_cat=2
split_feature=8 40 49 11 40 53 63 70 9 95 68 48 105 63 81 8 8 51 55 12 67 109 87 41 39 102 23 9 51 100 53 68 49 80 48 40 87 88 54 20 30 42 12 55 112 31 80 5 62 42 20 67 81 72 3 17 87 31 94 41 31 68
split_gain=124.758 81.2705 50.7308 45.6542 44.6908 44.3713 44.1159 34.9109 29.2057 28.3959 26.5267 25.2784 23.0893 22.6599 22.5835 21.6081 21.0801 20.6186 20.595 20.4127 19.4988 19.4442 18.1556 17.6424 16.5314 16.2651 16.1315 15.7254 15.7117 15.5152 17.7491 15.361 15.283 15.2179 15.0217 14.8415 15.987 14.8134 14.6137 14.5192 14.5997 14.3646 14.2311 14.1539 14.1307 19.1014 13.9354 13.8197 13.8181 13.7046 13.5068 13.3881 13.3256 13.2088 14.2384 12.9655 12.9319 12.909 18.6934 19.0222 16.746 15.5397
threshold=0.71825396825396837 15.500000000000002 -0.49878680133865533 1.0000000180025095e-35 8.5000000000000018 -0.8916486924900634 0.88675213675213682 -0.70754985754985789 174.50000000000003 37.850000000000001 11.750000000000002 0.92582417582417598 0.26089835876763606 0.46291208791208799 -0.74921912836616011 0.087121212121212141 0.080128205128205135 -0.070308707976365681 0.12888015758628854 1.0000000180025095e-35 25.250000000000004 0 0.45708705357142865 1.0000000180025095e-35 1075.0000000000002 0.29310889406844276 0.099025717268212451 17.500000000000004 -1.5861259760788082 3.5000000000000004 1.4354851283896533 11.750000000000002 -1.0918812079665356 0.13809523809523813 0.3066239316239317 12.500000000000002 0.48919968919968931 1.5000000000000002 0.18990384615384617 227.50000000000003 0.23701417455989512 5.5000000000000009 1.0000000180025095e-35 -1.0655307772477811 1 5.5000000000000009 0.45804195804195807 0.37318764568764579 0.37142897158827143 8.5000000000000018 1187.5000000000002 39.45000000000001 0.092235650118714249 1.0000000180025095e-35 0.33590638528138533 0.30602006688963218 0.47366555719921105 4.5000000000000009 2.5000000000000004 1.0000000180025095e-35 2.5000000000000004 12.350000000000003
decision_type=10 2 8 2 2 8 10 10 10 8 10 10 10 10 8 8 8 10 10 10 10 1 10 2 2 10 8 8 8 10 8 10 8 10 10 2 10 2 8 2 10 2 10 10 1 2 8 10 10 2 2 10 8 10 10 10 10 2 2 2 2 10
left_child=1 3 10 4 -1 22 8 13 9 11 18 16 17 25 35 -14 47 46 -2 20 -11 31 43 51 -12 -7 48 -22 -17 30 -25 41 50 -13 -20 36 -4 42 -28 -35 -41 -5 -8 -3 -30 -46 -9 -6 -16 -27 -18 -15 -29 54 -54 -23 -26 60 59 -59 61 -34
right_child=2 5 14 21 6 7 37 12 -10 19 24 33 15 23 26 28 32 -19 34 -21 27 55 -24 29 56 49 38 52 44 -31 -32 -33 57 39 -36 -37 -38 -39 -40 40 -42 -43 -44 -45 45 -47 -48 -49 -50 -51 -52 -53 53 -55 -56 -57 -58 58 -60 -61 -62 -63
leaf_value=0.018375127529203502 -0.01659974863542648 -0.032897968754086467 0.0017129325241842922 0.025346070239551707 -0.021748023841574246 -0.0052851321787060462 0.015542381289431702 0.0020185937691944919 -0.020186761400202625 0.005248172915982334 0.015146511684861317 -0.0032263711908499279 -0.015037210934331375 0.012195211640511457 -0.030754647941840737 0.01765947581383023 -0.0005803157605489337 -0.018586612859698311 -0.0095217119212586843 -0.019608827741733309 -0.01804819923469932 -0.027931652267334524 0.0048744784622003117 0.0010939154787726808 -0.028417718362240732 0.016956089663963329 -0.022858425168092483 0.0068857626636552351 -0.0057871951824314434 -0.010600433146651827 0.019197944597881576 -0.011611327351699979 0.0050556173135388087 0.00093401296726800258 0.02253627013800313 -0.00054102876545917427 0.037827863761370623 -0.0084939152430838251 -0.0036639873680192588 0.012593347571011146 0.032017669333190064 -0.010044091324242464 0.0022075462583231696 -0.013419846644703005 0.0063237792091760921 -0.018287618567864317 -0.0097337241876204565 0.0018386603922803495 0.011648371121508972 -0.0080946065812413266 -0.032407179495453887 -0.013039480019115625 0.0034244813713087564 -0.014397922383774485 -0.016696205327455929 0.0041662928463467291 -0.0074333205604111725 0.040029605166054742 -0.0024074927031808536 0.0055905502032555371 0.010617680887256486 -0.022005595127013167
leaf_weight=628.94322837144136 258.02350414171815 112.05793967470527 62.567826170474291 74.097375124692917 121.63679909706116 1062.9350057691336 1204.2512772381306 390.01600192114711 135.58150413632393 1031.268254160881 24.98172403126955 90.293519116938114 236.54056021571159 910.15476313605905 120.62648105621338 130.62339474260807 122.27163244411349 420.52628344297409 70.513197001069784 137.81982116028666 171.05163799598813 165.62591421231627 113.32976499572396 749.28141982853413 588.15012451633811 168.50890969857574 112.46105367317796 315.2489507496357 670.91703207790852 212.59740867838264 164.27769240736961 163.27607352659106 168.45491744577885 89.738117694854736 73.917949426919222 381.40025471895933 59.243979543447495 81.546812858432531 792.22426686808467 179.33274662494659 214.43291929364204 45.674637708812952 240.34244826436043 556.71744433790445 785.10898168385029 86.655339315533638 711.49403176829219 125.5206483528018 22.271737016737461 79.810335949063301 44.84936635196209 54.982738051563501 425.41248051822186 262.78814791887999 109.76762326061726 38.489659432321787 84.844874609261751 53.444936275482178 711.70079277083278 153.75188401341438 1568.2596521228552 76.261488616466522
leaf_count=2992 2874 1263 418 369 615 7004 5595 2310 818 5333 400 384 1206 4387 1888 557 1111 4664 752 796 1342 1158 838 3804 10362 957 1163 2066 3835 1194 698 1174 883 383 711 3123 385 392 6905 773 914 270 1068 5144 4273 548 5680 652 181 446 371 318 2943 2391 965 206 1191 267 4247 960 8633 502
internal_value=-0.000137352 0.00147434 -0.0102056 0.00470442 0.0055614 -0.00232186 0.00453058 -0.00102997 0.00268431 0.0031898 -0.0184116 0.00594314 -0.00458756 0.00255859 -0.00437461 -0.000925187 0.00418006 -0.00917947 -0.00816023 -0.000985732 0.000130694 -0.0101656 -0.0135953 0.0057885 -0.0243025 -0.00259321 -0.00855383 -0.00397953 0.0010775 0.0015344 0.00436684 -0.00166466 0.00537579 0.0155861 0.00692729 0.00432536 0.0194427 0.0121561 -0.00607264 0.0190987 0.0232256 0.0118787 0.0133269 -0.0167278 -0.000337079 0.0038592 -0.00557448 -0.00981022 -0.0241108 0.00890457 -0.00926348 0.0107456 -0.00180355 -0.00524071 -0.000725796 -0.0218882 -0.0257872 0.0062744 0.00144444 0.0146235 0.0087203 -0.00343276
internal_weight=19218.9 16567.7 2651.23 8951.14 8463.97 7616.54 7835.03 6834.43 6308.89 6173.31 1100.43 3719.95 3431.88 3402.55 1550.8 1909.85 3146.15 1522.04 402.455 2453.36 2315.54 487.164 782.105 2091.29 697.977 1311.25 1047.58 1284.27 1673.3 1126.16 913.559 283.048 2898.99 573.797 144.431 503.212 121.812 1526.14 904.685 483.504 393.766 119.772 1444.59 668.775 1542.68 871.764 1101.51 247.157 142.898 248.319 167.121 965.138 1113.22 797.968 535.18 204.116 672.995 2731.87 918.898 207.197 1812.98 244.716
internal_count=130052 99699 30353 50573 47396 49126 44404 41881 37349 36531 16290 20695 23073 18808 14063 10419 18241 12654 4337 15836 15040 3177 7245 10401 11953 8407 10137 9707 9213 5696 4502 1813 16974 2454 1463 3926 803 7055 8068 2070 1687 639 6663 6407 8656 4821 7990 1267 2069 1403 1482 4705 8365 6299 3908 1364 11553 15492 5474 1227 10018 1385
cat_boundaries=0 1 2
cat_threshold=1 2
is_linear=0
shrinkage=0.05


Tree=51
num_leaves=63
num_cat=1
split_feature=8 33 13 40 48 40 72 41 8 51 68 68 9 70 9 51 91 61 33 26 26 23 29 63 17 70 49 5 87 0 87 68 92 18 41 52 30 102 47 56 55 9 64 107 59 40 40 29 42 13 0 104 52 100 100 110 64 51 4 102 55 49
split_gain=119.413 70.4153 56.506 50.8964 49.7521 46.964 39.1043 40.205 43.3653 36.7412 29.8124 29.4186 28.9596 29.226 26.778 24.7957 22.6195 22.0894 21.3646 19.1372 19.0368 18.2305 24.4923 18.0762 17.8641 17.7367 17.3792 16.9349 16.5803 18.2981 16.5799 16.4297 16.2451 17.6875 16.1108 15.9177 15.6826 15.4908 15.9345 15.4846 15.4841 21.1154 15.1266 14.9911 14.3033 14.192 13.9811 13.6974 15.9408 13.7034 13.9856 16.069 13.6144 13.4397 13.3164 13.024 15.9672 13.881 14.1753 13.9354 12.9938 12.7125
threshold=0.65686274509803932 433.00000000000006 1.5000000000000002 12.500000000000002 0.18990384615384617 9.5000000000000018 1.0000000180025095e-35 1.0000000180025095e-35 0.18465909090909094 1.1714403783665654 52.650000000000013 11.65 17.500000000000004 -1.0245689655172405 147.50000000000003 -0.070308707976365681 0.053342816500711245 0.63068181818181823 471.00000000000006 0.12866157115889801 0.20524266430317731 0.15794944742313166 0.30003348961821841 0.55277777777777792 0.70710784313725505 -0.066666666666667304 0.20549287237531982 0.33665598290598303 0.47366555719921105 2.5000000000000004 0.52068560809819564 12.450000000000001 6.5000000000000009 inf 1.0000000180025095e-35 0.20294117647058826 0.24706375012316487 0.17779036114256955 0.075000000000000025 0.13595848525237506 0.67111780338224247 42.500000000000007 0.028445296459352846 33.150000000000013 1.1350115623312591 14.500000000000002 10.500000000000002 0.27779115176804153 7.5000000000000009 1.0000000180025095e-35 4.5000000000000009 35.372834318912759 0.35504201680672276 16.500000000000004 4.5000000000000009 0 -0.81450896004151008 -1.6560336866317968 0.30159702769996893 0.18081686296315022 0.12035130267923609 1.2333449738773925
decision_type=10 2 10 2 8 2 10 2 8 8 8 10 10 10 10 8 8 8 2 10 10 10 8 10 10 8 8 10 10 2 10 8 2 8 2 8 8 10 8 10 8 10 8 10 8 2 2 10 2 10 2 10 10 8 8 1 8 10 10 8 10 10
left_child=1 10 4 19 -3 31 7 8 36 12 23 -10 -5 35 16 55 30 40 44 -2 42 22 -17 45 32 -20 -27 -11 29 46 52 -6 33 43 60 -14 -7 -19 -39 -29 -13 -42 -15 -4 -18 -1 -21 49 -49 50 51 -37 -9 -30 -45 57 -57 -8 -59 -60 -12 -33
right_child=3 2 24 9 5 6 15 14 11 27 34 17 13 20 -16 21 18 37 25 28 -22 -23 -24 -25 -26 26 -28 39 53 -31 -32 61 -34 -35 -36 47 -38 38 -40 -41 41 -43 -44 54 -46 -47 -48 48 -50 -51 -52 -53 -54 -55 -56 56 -58 58 59 -61 -62 -63
leaf_value=-0.00928138275030768 -0.018998007141263457 -0.014415108528332016 0.046597824239483637 -0.025736855445271781 0.022709066515476058 0.012412454898345894 0.032610973812385827 -0.0072267696833619027 0.0095574161563105661 -0.008380405191772999 -0.00061404644755602201 -0.013052001709683498 -0.017178448371400784 -0.028788586860465898 -0.016062812010582472 -0.026461382435664933 -0.00076634167473676876 -0.0057351853248229943 0.0073829817910891632 0.029732972508151729 -0.0063104208659655985 -0.0055501588690005724 0.014551102762326386 -0.0068363790095167564 0.032139371321068776 -0.0078473736120653632 0.0025803579486279888 -0.030283700070513939 0.0062067776383667502 -0.0041425150850043797 0.026376735953475401 0.005675616302575656 0.0044696859065582314 -0.0049443920442142058 -0.0095874892484678464 -0.024805621967258416 0.028693738148613569 0.034257258313467619 0.0051792536489187156 0.0076076336687726509 -0.0098602868851620819 0.03100156753524725 -0.0094904556522966074 0.029466628574474709 -0.010379498690991182 -0.026851112602403811 0.0010869272761291412 0.042009913847447927 0.0051066529467076903 0.023576655979892926 -0.012313580293268379 0.014822557828906733 0.0099415375226029942 0.036586061147717577 0.0087747588692889539 -0.03445158358597341 -0.0029234056088707338 -0.0045721791909723464 -0.0085685725109676172 0.015444841800848758 0.022031527656793705 0.026557091881805845
leaf_weight=183.76695231720805 99.758625365793705 447.28594806045294 55.521112617105246 222.76440120488405 312.62628457322717 375.77616051584482 41.236676573753357 151.24121475219727 1663.955188728869 149.60156134516001 132.67162191867828 399.25353315472603 90.694048304110765 223.32993029803038 240.25912746414542 257.98007409274578 863.07569564878941 337.86407864838839 1043.1087818406522 80.907005872577429 662.30217061564326 582.4208328127861 41.70189044624567 491.19840246811509 124.70916635543108 589.12376464158297 1236.4432173483074 420.36609940603375 86.442870747298002 495.5900861620903 115.36531639099121 524.37310041859746 392.71367777511477 67.694521274417639 172.26004311442375 30.364896308630705 246.14812319725752 48.235112950205803 1119.2826379835606 28.422764822840691 76.758485786616802 52.356355369091034 188.12953675165772 145.60133313015103 700.6538625434041 312.68836468830705 88.908722016960382 48.379324913024902 72.628627937287092 56.665106844156981 181.82695504650474 138.81043963879347 479.11389921233058 62.539472058415413 168.20050900802016 41.606186598539352 704.70010478049517 317.71630009263754 77.269082959741354 267.25991164520383 120.1306753270328 83.855585470795631
leaf_count=1471 1308 4047 270 2542 1492 1634 179 1086 8083 1970 708 3502 949 3478 1311 3287 4727 2468 5762 802 6343 4619 472 2908 532 3553 5854 7701 626 4064 620 2494 1980 371 902 238 1068 254 6639 382 583 404 2024 697 3715 3201 990 331 477 366 1357 1134 2633 457 879 264 3689 1513 519 1552 575 359
internal_value=-8.30867e-05 0.00175193 0.00279769 -0.00854065 0.00196219 0.00252714 0.00169619 0.00308885 0.00668646 -0.0122128 -0.00889651 0.00462903 -0.00882672 -0.00658798 0.000220074 -0.00411843 0.000978537 0.000594048 -0.00037764 0.00156162 -0.0115735 -0.0107232 -0.0207249 -0.0136576 0.0145468 0.00218518 -0.000787201 -0.0230214 0.00410029 0.000714176 0.00902908 0.013405 0.0118672 0.0184893 0.00217218 0.00205986 0.0188921 0.0036813 0.00640888 -0.0278724 -0.00819222 0.0068202 -0.0200094 0.0227863 -0.00507755 -0.0203793 0.0148292 0.00538639 0.0200841 0.000985199 -0.00271854 0.00760582 0.00581742 0.0191182 0.0184387 -9.52376e-05 -0.00466244 0.00474852 0.00303862 0.01005 0.0101914 0.00859338
internal_weight=19233.6 15805.2 14392.5 3428.43 13438 12990.8 12069.9 9738.01 4319.63 2514.29 1412.72 3697.71 1915.9 1693.13 5418.38 2331.89 5178.13 2033.75 4432.41 914.147 1073.76 882.103 299.682 987.654 954.44 2868.68 1825.57 598.39 814.388 665.406 745.72 920.855 829.731 437.017 425.062 619.369 621.924 1505.38 1167.52 448.789 528.368 129.115 411.459 369.323 1563.73 496.455 169.816 528.675 121.008 407.667 351.002 169.175 630.355 148.982 313.802 1449.79 746.306 703.482 662.245 344.529 252.802 608.229
internal_count=130415 92876 83111 37539 78382 74335 69990 53896 24635 29292 9765 21933 19239 16697 29261 16094 27950 13850 23611 8247 11845 8378 3759 7580 4729 15169 9407 10053 6939 5856 4339 4345 4197 2217 2185 4852 2702 9361 6893 8083 4489 987 5502 1846 8442 4672 1792 3903 808 3095 2729 1372 3719 1083 1576 7716 3953 3763 3584 2071 1283 2853
cat_boundaries=0 1
cat_threshold=203
is_linear=0
shrinkage=0.05


Tree=52
num_leaves=63
num_cat=1
split_feature=40 51 33 72 10 55 13 40 41 67 20 67 53 63 8 67 9 33 39 100 18 62 38 87 68 103 16 102 95 62 9 49 67 48 80 104 63 87 49 57 11 60 68 87 52 4 103 63 67 95 59 9 53 39 69 46 51 13 110 54 104 19
split_gain=97.4326 92.3096 61.7645 49.6894 41.2747 36.4475 36.4147 33.8189 33.6611 43.1439 33.5581 25.9679 25.3897 24.7073 23.649 22.7212 22.7029 25.5867 21.5146 21.0183 20.7205 19.8706 18.9488 18.3406 17.6449 17.3316 16.4525 16.3689 24.4027 15.8157 20.055 15.795 19.5218 15.794 15.7117 15.5659 15.5326 15.2829 14.7985 14.7978 14.4657 14.4352 14.3921 13.6744 13.5864 13.5585 13.5089 13.145 12.9931 12.6473 12.5994 13.1779 12.5565 16.5417 13.1544 12.4653 12.3805 12.1269 12.0439 15.3698 11.9454 12.0593
threshold=12.500000000000002 0.98002756394984358 431.00000000000006 1.0000000180025095e-35 15.000000000000002 -0.40468326633717638 2.5000000000000004 7.5000000000000009 1.0000000180025095e-35 25.550000000000004 1127.5000000000002 25.450000000000003 1.4673162700938609 0.87083333333333346 0.20714285714285716 24.650000000000002 216.50000000000003 485.00000000000006 1650.0000000000002 6.5000000000000009 0.19615384615384621 -1.0780775689046509 0.97222222222222232 0.6225297962322186 12.450000000000001 0.21413827919975464 0.17744942387722215 0.25592818700297221 35.050000000000004 0.23773718261930518 27.500000000000004 1.0028656136582688 37.95000000000001 0.78869047619047628 0.46410256410256417 40.228820598006656 0.56458333333333344 0.34716483011937566 -0.61394124810706596 -0.010634831474455467 1.0000000180025095e-35 -0.23565713659383111 12.450000000000001 0.21850198412698416 0.19722222222222227 0.44089336589336597 0.19852487850874015 0.58578431372549034 39.45000000000001 37.95000000000001 0.7461014925524353 90.500000000000014 0.75985648417454299 1175.0000000000002 -0.79354166666666603 1.2083333333333337 -0.070308707976365681 1.0000000180025095e-35 0 0.58578431372549034 35.471903961289271 0.48529411764705888
decision_type=2 10 2 10 10 10 10 2 2 10 2 10 10 10 8 10 10 2 2 8 10 8 2 10 10 10 2 10 10 10 8 10 8 10 8 10 8 10 10 10 2 8 10 10 10 10 10 10 10 8 10 8 10 2 10 8 10 10 1 8 10 10
left_child=5 2 15 4 6 21 8 -7 9 14 19 23 29 27 -4 -2 17 31 38 43 -13 -1 -19 -3 -21 26 -16 39 -29 30 -9 32 52 -12 -24 40 -17 -38 -6 -11 -23 -41 50 -5 -20 49 56 -30 -15 -33 51 -32 53 -10 -55 -27 -31 -34 -57 -60 61 -8
right_child=1 11 3 10 18 7 60 12 16 13 33 20 -14 48 25 36 -18 22 44 24 -22 35 34 -25 -26 55 -28 28 47 46 42 45 57 -35 -36 -37 37 -39 -40 41 -42 -43 -44 -45 -46 -47 -48 -49 -50 -51 -52 -53 -54 54 -56 58 -58 -59 59 -61 -62 -63
leaf_value=-0.019716788121043299 -0.00055229139195377087 -0.0098494519140498935 0.024371965947353899 -0.011435386845214449 -0.02758030316063222 0.0280969679074425 -0.0020209110007427889 -0.0064304936464443865 0.034373819922255487 -0.012141324093494096 -0.0039452286925229663 -0.027943683221564944 0.018702671925892894 0.017187620340886334 0.0010854309869189897 -0.026489476355030073 -0.024348408572559987 0.0032010989260470983 -0.016311402747546295 -0.0099105560628699012 -0.0068391196454389656 0.0016024494152184062 0.042737385715664128 0.029172144807819059 -0.023701195442539055 0.026902386389921647 0.034744444470877954 0.013496355568556273 -0.027177386689357125 -0.0036214806834098251 0.019890555923935908 0.0035076222307116622 -0.011453383435852258 0.010143431526187236 0.0053768035580521387 0.03059426896490694 -0.016177518605601515 0.0046356689267972309 -0.0086222239702912068 -0.015237191577299481 -0.016755189926230648 0.0071510016167593161 -0.0039462734798614762 0.0041724200459557883 0.00036766934638315631 0.025967255833921767 0.012647019508248198 0.0012999380671467296 -0.007213178618012038 -0.022839357422351589 -0.0047430515703293869 0.0058120519450049783 0.013538529236471059 0.0025429989513813932 -0.015186212393786909 0.0026118009166242462 0.020507731173815769 0.0071421724287999136 0.0049887199866476342 0.034859916893166865 0.031661024260806137 0.03175692711389945
leaf_weight=125.81276803091168 288.39966192096472 360.1150227189064 323.66149520874023 274.79264628887177 125.04137770086527 206.26658073812723 75.769480675458908 471.89417213574052 26.921243526041508 491.08118834719062 547.21403113007545 491.53931655734777 421.78171280771494 284.22680450603366 570.61665552854538 277.19757526740432 96.968316256999969 1632.428396936506 134.44210232421756 556.0116120390594 153.28233565017581 1239.7248734347522 56.384733259677887 31.88573157787323 400.27060182765126 165.32388371601701 37.777844488620758 305.17907168343663 67.031710300594568 274.20337999612093 297.72477893531322 482.39892496913671 1008.5035605542362 311.23602015525103 55.865931242704391 41.932586245238781 425.6808867380023 110.69989353790879 572.75863553583622 97.413225416094065 116.47142526507378 267.28052718937397 275.72275982424617 284.92993671819568 1238.6828018091619 59.729213327169418 964.28132930025458 100.00436424091458 66.862232681363821 49.289112970232964 133.41664504632354 377.44385841116309 155.34547717869282 234.13057018443942 187.79626137763262 235.91264320164919 64.891624663025141 95.348723754286766 79.520642641931772 93.931580349802971 136.69342817366123 39.484012424945831
leaf_count=1439 1537 3982 1385 1960 1127 995 432 3458 224 4863 4069 9595 1833 1325 3049 2957 622 9424 1179 4873 1833 7568 303 303 4243 815 205 1983 537 1244 1796 2113 6298 1453 352 291 3505 652 3406 643 860 1592 2032 1766 7413 330 4432 533 328 228 774 2074 815 1749 1480 1216 413 529 431 456 749 190
internal_value=-0.000305872 -0.00242603 -0.00129094 -0.000252183 0.00134235 0.00568515 0.00305171 0.00850309 0.00240744 0.00627043 -0.00673023 -0.0167812 0.00726323 0.000757084 0.0124098 -0.0126149 -0.00056522 1.09191e-05 -0.00491176 -0.0112008 -0.0229452 -0.000765214 0.00457529 -0.00660924 -0.0157016 0.00911943 0.00322905 -0.00236338 0.0051027 0.00556999 0.00216467 -0.00345271 -0.00589031 0.00116856 0.0243551 0.000953046 -0.016885 -0.0118814 -0.012054 -0.0064843 1.46941e-05 0.00114559 0.00590779 -0.00349687 -0.00127605 0.00358528 0.0096311 -0.0102218 0.0125334 0.00102689 0.00926869 0.0120404 0.00133393 -0.00291077 -0.00536538 0.0153388 0.00104278 -0.00984212 0.0106147 0.020119 0.0217042 0.00972447
internal_weight=19174.6 14163.1 13126.2 12024.3 9649.81 5011.57 7578.88 3487.63 7326.93 3185.82 2374.45 1036.82 3281.36 1679.08 1506.74 1101.98 4141.11 4044.14 2070.92 1516 644.822 1523.94 1744.68 392.001 956.282 1183.08 608.395 1327.99 472.215 2859.58 1556.2 2299.46 1708.05 858.45 112.251 1398.13 813.578 536.381 697.8 855.775 1356.2 364.694 1084.31 559.723 1373.12 591.417 1303.38 167.036 351.089 531.688 808.585 675.169 604.194 448.848 421.927 574.689 339.095 1103.85 409.365 173.452 251.947 115.253
internal_count=130261 101052 85339 76688 58324 29209 45199 19051 43828 19361 18364 15713 18056 11804 7557 8651 24467 23845 13125 12842 11428 10158 10079 4285 9116 6172 3254 10151 3053 16223 10134 13766 11095 5522 655 8719 7114 4157 4533 7098 8428 2235 6676 3726 8592 2671 6089 1070 1653 2341 4644 3870 4268 3453 3229 2918 1657 6827 2103 887 1371 622
cat_boundaries=0 1
cat_threshold=31
is_linear=0
shrinkage=0.05


Tree=53
num_leaves=63
num_cat=5
split_feature=53 57 40 8 31 33 102 40 12 29 67 22 67 40 24 110 69 56 68 115 110 8 58 55 54 68 55 5 21 6 95 27 67 27 54 103 88 69 10 103 110 31 48 22 6 36 53 80 33 64 70 47 31 49 81 39 67 110 53 101 17 68
split_gain=100.228 64.3502 60.8352 46.8445 39.3115 42.5318 35.0375 33.7714 32.7688 30.8337 25.0266 24.4958 23.8206 22.0279 20.5218 20.644 20.2121 19.6267 19.5964 22.242 19.7197 19.5512 19.0353 17.0434 16.4881 17.6709 16.4821 16.2199 15.7009 17.6069 15.5 16.0374 15.0799 15.0473 14.8333 14.7753 14.53 14.4623 14.3329 19.1815 15.7335 18.1211 14.1266 14.0859 13.8604 13.8493 13.7125 13.6167 13.6104 18.0849 13.8721 13.4873 15.4051 15.3993 13.2494 13.202 13.1832 13.0197 13.0158 12.8901 12.8104 13.7856
threshold=-0.49966202449578939 -0.31785439009652899 10.500000000000002 0.28991596638655465 5.5000000000000009 431.00000000000006 0.24868003635126926 16.500000000000004 1.0000000180025095e-35 0.16949839855939078 38.250000000000007 0.20740052791084176 25.450000000000003 16.500000000000004 inf 0 -2.8999999999999946 0.88425405212290975 12.350000000000003 1 2 0.34313725490196084 -0.028539657261184164 1.2974965063591226 0.93933823529411775 11.65 0.46081503937290919 0.71252104377104386 0.26100800642854893 34.883333333333347 38.050000000000004 0.29192764519995645 39.45000000000001 0.24984709457242782 0.89087301587301593 0.24000554938956717 1.0000000180025095e-35 -0.042857142857139145 25.000000000000004 0.22195220378353908 3 3.5000000000000004 0.24264705882352944 0.085112542965910643 36.616666666666681 3.5000000000000004 -1.0562392527570081 0.23303167420814483 463.00000000000006 0.18914915246103967 -0.53333333333333222 0.35000000000000003 3.5000000000000004 -0.085149413867964471 0.068700519265645979 1750.0000000000002 26.650000000000002 4 -0.070705266267011915 1.0000000180025095e-35 0.69397993311036799 12.850000000000003
decision_type=10 8 2 8 2 2 8 2 10 8 10 10 10 2 8 1 10 8 10 9 1 10 8 10 8 10 10 10 10 10 8 10 10 8 8 8 2 10 10 10 1 2 10 10 8 2 10 8 2 8 8 8 2 10 10 2 10 1 10 8 10 8
left_child=1 12 11 8 5 22 10 9 17 -3 18 23 -1 38 42 -16 35 32 19 37 -20 -14 -5 28 25 59 43 -6 34 -30 31 -10 51 -19 -2 -9 60 -7 39 -8 41 58 46 -12 -40 -46 -11 -43 -17 -50 -51 52 53 -4 -31 -28 -42 -52 -41 -15 61 -35
right_child=2 7 3 4 27 6 13 16 30 14 26 -13 21 24 15 48 -18 33 20 -21 -22 -23 -24 -25 -26 -27 55 -29 29 54 -32 -33 -34 36 -36 -37 -38 -39 44 40 56 47 -44 -45 45 -47 -48 -49 49 50 57 -53 -54 -55 -56 -57 -58 -59 -60 -61 -62 -63
leaf_value=-0.0079816227243691591 0.016488289649677301 -0.01148060101606645 0.037489238251909265 -0.032255627755618015 -0.0093523037426304616 -0.0042396762608831063 0.0033434808093566778 -0.016186893738564759 -0.004137933818339312 -0.03024802280116079 -0.018671902662184606 0.029106109323844321 0.0023232969342736921 0.030270991975768598 -0.011845005722166624 -0.006713173378607243 -0.02616898436999579 0.0073905218765699223 0.0073869409868137148 0.0072334713205968572 -0.0099922807867137281 -0.027967444950241789 -0.0091961067892847009 0.024601406676015299 -0.025049148756229996 -0.012137654733981023 0.021736815597917562 -0.028296424383455539 0.010114609328564903 0.0025278215780121442 -0.017269217348933143 0.012452175162465917 -0.0072290973081474254 0.0052423517120137285 -0.0099397415334794119 0.015218113621108609 0.0075621858972517502 0.029614587979354415 0.0077799753313523221 0.0050461258395599271 0.013483343912714411 0.034488253050675897 0.005859526718046874 -0.0043092248163928972 -0.026304029130854879 -0.0013579687330617521 0.0016014244492019122 0.00036366637565956651 -0.0078819024294500932 -0.0075290812162321953 0.028804320615765783 0.0033774061204007687 0.0035774635388696589 0.013047974431216814 -0.014878201402287648 -0.010476359355171209 -0.0029318587723147086 0.0012752359077572873 0.033801219124924092 -0.0012720203467501963 0.04111983689800932 0.037334638817065328
leaf_weight=331.70301847904921 482.20014819502831 710.54165374487638 79.866835497319698 106.92817642353475 516.16767560318112 969.81928734853864 928.93619829788804 88.579351477324963 702.92769408971071 54.12854216620326 444.54632767289877 158.84811858087778 59.246049121022224 57.768579617142677 529.69414897635579 306.29764690436423 251.81453283876181 494.25177471339703 200.11257512122393 1064.6414610631764 766.36354074813426 514.56497126445174 534.22885956242681 148.99728750810027 90.361365340650082 151.96850212663412 65.744760621339083 144.41170106828213 429.48919054865837 296.0866378583014 167.06005621701479 182.68645909428596 244.74560625851154 86.02050144225359 58.981952574104071 63.389436367899179 138.01851557940245 31.615127075463533 231.59207913279533 48.18514109402895 314.37347461283207 36.471410028636456 1314.084581727162 277.94738271459937 79.163926251232624 182.23146240226924 87.088107097893953 133.0674218274653 130.43359177932143 54.598813805729151 136.22127889841795 1793.6898767203093 347.63663686811924 329.76469273865223 172.11570076644421 59.904979519546032 199.30275839939713 73.487105756998062 223.58783181756735 71.981950018554926 104.63370935618877 54.18351699411869
leaf_count=3498 2739 6600 413 1321 3838 6108 5749 647 3424 593 4388 698 477 320 4623 2744 2560 2164 1712 6222 6394 10009 3976 681 569 1120 522 1297 1904 1337 858 843 1185 377 312 429 602 225 1424 375 1696 207 8328 1810 566 1250 901 808 1248 480 1067 8213 1650 1425 845 449 1228 508 1191 381 454 236
internal_value=-0.000375842 -0.00671016 0.00169399 0.000486506 -0.00186137 -0.000799499 0.00039053 -0.0038537 0.00442682 -0.00222608 -0.00266853 0.0104383 -0.018681 0.00470835 0.000225393 -0.00452507 -0.0175057 0.00665551 -0.0005439 0.00220515 -0.00641686 -0.0248413 -0.0130861 0.00855365 -0.00659122 -0.000603179 -0.0102556 -0.0135303 0.00687595 0.00281472 -0.00334807 -0.000705504 0.00460526 0.0131778 0.013595 -0.00307334 0.0206103 -0.00314243 0.0064792 0.00846446 0.013437 0.0202971 0.00424315 -0.0131601 -0.00110913 -0.00898437 -0.0107334 0.00786378 0.00116687 0.00731235 0.014812 0.00574307 0.0113346 0.017893 -0.00388887 0.00641735 0.00698532 0.0206368 0.0287402 0.0128959 0.027905 0.0178214
internal_weight=19109.5 4705.87 14403.6 12656.9 7931.42 7270.84 6629.69 3800.36 4725.49 3396.58 3880.7 1746.72 905.514 2748.99 2686.03 1230.73 403.783 3672.81 3032.55 2066.08 966.476 573.811 641.157 1587.87 372.08 281.719 848.143 660.579 1438.87 897.692 1052.67 885.614 2795.7 877.108 541.182 151.969 382.856 1001.43 2376.91 1883.92 954.988 441.312 1455.3 722.494 492.987 261.395 141.217 169.539 701.038 394.741 264.307 2550.96 757.268 409.632 468.202 125.65 513.676 209.708 271.773 129.751 244.838 140.204
internal_count=130218 44712 85506 76990 55146 50011 44714 30728 21844 27092 27830 8516 13984 16884 20492 10670 3636 16719 20661 12555 8106 10486 5297 7818 2390 1821 7169 5135 7137 4086 5125 4267 12886 3833 3051 1076 1669 6333 14494 11254 5505 2581 9822 6198 3240 1816 1494 1015 6047 3303 2055 11701 3488 1838 2182 971 2924 1575 1566 701 1067 613
cat_boundaries=0 1 2 3 4 5
cat_threshold=644 8 266 418 306
is_linear=0
shrinkage=0.05


Tree=54
num_leaves=63
num_cat=4
split_feature=48 40 56 26 8 29 12 40 102 40 53 67 12 41 67 81 10 8 96 110 68 71 96 31 67 57 58 53 46 22 7 110 81 1 97 110 68 53 69 10 56 33 53 72 98 26 27 102 64 10 1 102 59 68 110 99 3 58 33 53 57 57
split_gain=93.919 63.8031 43.1625 44.9994 37.2028 36.1843 27.734 25.1049 24.4563 23.9534 22.7212 22.4766 22.1924 22.52 22.9702 21.6994 20.247 19.3456 18.9535 17.6051 17.3488 18.2004 18.2673 18.5989 17.9052 17.8519 17.621 17.1729 16.4569 16.1049 15.9665 21.5004 15.146 15.0862 14.9553 14.9215 14.117 14.038 13.848 13.5541 15.0685 13.4774 14.7713 13.4477 13.428 13.2415 13.3405 13.1602 15.9802 15.9881 18.3347 12.9291 12.8975 12.8246 12.7926 12.6694 12.6029 16.0655 12.5778 12.4773 12.4456 12.3184
threshold=0.38348416289592763 14.500000000000002 0.23565934871193109 0.23774066411732467 0.56696428571428581 0.16674702667952429 1.0000000180025095e-35 7.5000000000000009 0.17544749297178039 12.500000000000002 -0.99468299583707964 26.250000000000004 1.0000000180025095e-35 2.5000000000000004 38.250000000000007 -0.28782736074777887 145.00000000000003 0.32291666666666669 38.051190476190484 0 12.65 2.5000000000000004 34.060769230769239 4.5000000000000009 25.150000000000002 1.037417013826462 0.087318697529619946 1.5341354214449672 1.2416666666666671 0.044593841332971777 1.5000000000000002 1 0.057485947900215661 0.19722222222222227 7.5000000000000009 2 13.050000000000002 -0.63105870098534667 -2.1111111111111085 -44.999999999999993 -0.42993777476579725 451.00000000000006 -0.6857617280254934 1.0000000180025095e-35 1.5000000000000002 0.2773147826623763 0.22842947986504744 0.29110676283934861 -0.15506552934608622 -154.99999999999997 0.38278388278388281 0.24139341949319942 1.5863763252169893 12.65 3 35.550000000000004 0.31047105672105679 1.0396503732930524 517.00000000000011 -0.7325796422743166 -0.23867251078028173 0.49933399186779376
decision_type=8 2 10 8 10 10 10 2 10 2 10 10 10 2 10 10 10 8 8 1 10 10 8 2 8 8 10 10 8 10 10 1 10 10 8 1 10 8 10 10 10 2 10 10 2 10 8 8 10 10 10 10 8 10 1 10 10 10 2 10 10 8
left_child=4 5 3 8 6 16 9 61 37 -1 34 32 13 14 36 47 43 -11 45 58 21 22 25 24 -24 -12 35 28 -26 51 -13 -32 39 -28 52 -22 -4 -3 54 59 -41 -35 -43 -2 -27 -14 -47 48 -10 50 -50 -25 -9 -21 -19 -34 57 -15 -5 -6 -29 -7
right_child=1 2 12 19 11 7 -8 10 15 17 20 30 18 56 -16 -17 -18 38 -20 53 26 -23 23 29 27 44 33 60 -30 -31 31 -33 55 41 -36 -37 -38 -39 -40 40 -42 42 -44 -45 -46 46 -48 -49 49 -51 -52 -53 -54 -55 -56 -57 -58 -59 -60 -61 -62 -63
leaf_value=0.0091522699411514981 0.0026805049748563781 -0.029163308877069867 0.0091707002176489357 -0.008826489869264707 0.043143939257355421 0.034523576950149376 -0.020115214240203974 -0.0027402567183570951 -0.010392418098597294 0.0037410937906187242 0.027711999150499919 -0.025037194595982155 -0.0066485284104441022 -0.015684657593528276 -0.0032377467563472298 -0.012973527886238984 -0.019660105570420649 0.010588085800381192 -0.020125815526091023 0.0061233541278769062 -0.021089345928315014 0.031869364163325656 0.020913471420459531 0.035988331456415758 0.010230533220044136 -0.0057019327724032167 0.023022913221616027 0.031614580874348194 0.0018789845651892485 -0.0045698251908399086 0.017254175719562316 -0.016116537903222025 -0.0076371854594189971 -0.011896661265012525 -0.018616463957554282 0.001764273816553202 -0.0048327947023169872 -0.012774055199987476 -0.012958344234624559 -0.021066397985714948 0.0055103674897016416 -0.0225100738468039 0.0082948180743147373 -0.013108644261281936 0.023010592863480554 -0.012477852404313648 0.020246635073162642 0.0078296655270654065 0.042708118654814692 -0.0022952015102512074 -0.0065339054967830622 -0.0043914624626588909 0.028774749052917378 -0.0059376333707676738 -0.0079255080969248028 -0.026652046365744603 -0.014953913071729103 0.0079999495490432945 0.017421120008903803 0.0052125327737783727 0.011571533916964007 0.009897643939038912
leaf_weight=434.47518733888865 693.09502948634326 183.22987120226026 2144.3048683442175 521.69560309499502 27.251035492867231 116.41965741664171 213.54206521436572 235.94977802410722 522.70107215642929 505.62958424910903 219.03506698459387 472.37308027222753 317.22181434184313 102.37320262938738 564.09388848021626 718.39092754945159 160.96805307082832 143.00253625586629 173.21978713572025 1183.0981371924281 127.95321279764175 80.760354116559029 263.93756946921349 47.08436257392168 1080.6939369346946 99.428236521780491 101.81352713704109 104.49056205153465 1298.5487933643162 504.43042825907469 51.692371349781752 237.18419875577092 282.23299849964678 130.77997514232993 136.91968586854637 150.85254932940006 195.84315966814756 461.99185704067349 604.62014565244317 98.726795736700296 113.95547633245587 41.216396011412144 502.74524725228548 166.37594146281481 67.612662732601166 42.345829792320728 111.11047686636448 266.25317562744021 46.677974238991737 276.82834623381495 30.931269738823175 33.393100950866938 36.622263595461845 269.96691623702645 225.91925368458033 126.89726286940277 206.89384550601244 231.93720974028111 49.083209149539471 94.74970144033432 300.56934413313866 91.405824683606625
leaf_count=2715 4182 2540 10177 3435 364 550 1521 1461 4807 3349 1026 8049 1615 493 2974 6430 1198 1011 923 7462 1028 356 1310 299 5354 455 697 460 6851 2672 681 3279 3470 689 1367 1113 1053 4119 5766 1119 1045 269 2470 1397 309 204 513 1886 349 1784 176 217 202 2156 1642 1653 1193 1055 323 895 1293 415
internal_value=-9.53269e-05 0.00160924 -0.00124649 -0.00460728 -0.00732704 0.0052327 -0.00306814 0.00676683 -0.00908298 -0.00115636 0.00612685 -0.0133403 0.00247737 0.00406979 0.00581467 -0.00616987 -0.00344402 -0.00418843 -0.00603665 0.000938684 0.00702733 0.00849862 0.00802121 0.00691862 0.00848525 0.0183525 0.00130886 0.00730003 0.00567511 -0.00124642 -0.019377 -0.0100669 -0.00714448 0.0051797 -0.0051994 -0.00945256 0.00799721 -0.0174662 -0.00830641 0.000746305 -0.00686738 0.00245721 0.00592368 -0.000387632 0.00598773 -0.000819859 0.0111941 -0.00188754 -0.00484273 0.00334779 0.0232492 0.019385 0.00158374 0.00385348 -0.000668015 -0.0135855 -0.00528715 0.000722055 -0.00643039 0.0139671 0.016807 0.0237919
internal_weight=19045.5 15413.3 8620.19 4530.85 3632.25 6793.1 2127.19 5772.66 2507 1913.65 5564.84 1505.06 4089.34 3445.45 2904.24 1861.78 1020.44 1479.17 643.898 2023.84 5155.35 4099.98 4019.22 3633.15 3048.24 386.076 1055.36 2784.3 2379.24 584.908 761.25 288.877 743.813 776.555 409.492 278.806 2340.15 645.222 973.542 334.683 212.682 674.742 543.962 859.471 167.041 470.678 153.456 1143.39 877.139 354.438 77.6092 80.4775 272.572 1453.07 368.922 409.13 541.204 334.31 570.779 122.001 405.06 207.825
internal_count=129866 93307 55667 35467 36559 37640 16004 30863 22091 14483 29898 20555 20200 16945 14204 15432 6777 11768 3255 13376 26868 20602 20246 18456 15268 1790 6266 13958 12205 3188 12009 3960 8546 4125 3030 2141 11230 6659 8419 3423 2164 3428 2739 5579 764 2332 717 9002 7116 2309 525 516 1663 9618 2653 5123 2741 1548 3758 1259 1753 965
cat_boundaries=0 1 2 3 4
cat_threshold=580 280 53 313
is_linear=0
shrinkage=0.05


Tree=55
num_leaves=63
num_cat=2
split_feature=71 31 33 61 40 96 63 27 53 47 20 87 51 39 93 40 10 49 55 93 34 24 2 66 20 10 95 10 5 5 54 33 27 10 63 63 54 55 55 104 33 6 71 91 33 8 10 49 28 112 29 54 46 96 48 81 110 100 103 95 53 2
split_gain=96.1894 55.4615 50.241 40.8932 38.4026 32.1821 28.9327 28.4177 25.1288 25.1209 23.168 24.2182 21.9768 21.6296 21.3508 21.1947 19.5149 18.8278 18.203 17.1832 17.0756 16.8315 21.1843 19.0487 20.9744 15.256 15.2387 15.0592 14.7323 14.5697 15.1298 15.9781 16.4303 14.4978 14.4322 14.2761 15.5588 22.2722 15.1304 14.105 14.0292 13.871 13.4948 13.1978 13.5434 12.9458 12.8608 12.7741 16.4147 14.5775 12.7023 12.3858 12.3544 12.2879 12.2083 17.0382 15.1091 12.0814 11.9532 11.7515 11.7286 11.6582
threshold=1.5000000000000002 4.5000000000000009 457.00000000000006 0.42582417582417587 10.500000000000002 13.502500000000003 0.32843137254901966 0.2597924685741973 0.36130692424581151 1.6250000000000002 1218.5000000000002 0.56330128205128227 1.091116301402556 2250.0000000000005 0.17752100840336138 14.500000000000002 105.00000000000001 -0.55477569532368565 -0.1035656548902696 0.28759398496240607 2.5000000000000004 0.5590277777777779 0.061553030303030311 1.0000000180025095e-35 895.50000000000011 245.00000000000003 34.350000000000001 345.00000000000006 0.31248015873015877 0.56250457875457893 0.80662393162393176 489.00000000000006 0.17259856849229993 135.00000000000003 0.54006410256410264 0.9104278074866311 0.92582417582417598 1.195441976788763 1.7154933018311123 36.15545176630436 505.00000000000006 34.716666666666683 1.5000000000000002 0.085144927536231887 471.00000000000006 0.37980769230769235 -1.0000000180025095e-35 -0.27734228624751395 0.19269968161683282 0 0.38893390959841534 0.34495192307692313 3.6666666666666674 33.803125000000009 0.57417582417582425 0.74015957574042368 1 4.5000000000000009 0.21623398225194634 37.150000000000013 -0.90281873749579644 0.69047619047619058
decision_type=8 2 2 8 2 8 8 10 10 8 2 10 10 2 10 2 10 8 10 10 2 10 10 8 2 10 8 10 10 8 10 2 10 10 8 10 8 10 10 10 2 10 10 8 2 10 10 10 10 1 10 8 10 8 8 10 1 8 8 10 10 10
left_child=3 2 6 8 27 19 26 9 14 16 11 13 20 18 28 60 -6 -11 39 -3 29 22 23 -17 42 35 -2 53 -1 30 31 -7 -33 -15 -26 36 37 47 50 -5 45 -23 -25 44 -10 51 -34 49 -49 -9 -38 -18 61 -4 55 56 -20 -58 -59 -13 -8 -19
right_child=1 5 4 10 7 12 15 25 43 17 -12 59 -14 33 -16 21 40 52 54 -21 -22 41 -24 24 34 -27 -28 -29 -30 -31 -32 32 46 -35 -36 -37 38 -39 -40 -41 -42 -43 -44 -45 -46 -47 -48 48 -50 -51 -52 -53 -54 -55 -56 -57 57 58 -60 -61 -62 -63
leaf_value=-0.0053587943516511614 0.0028872431751305674 0.045482631119706025 0.040277315038428199 -0.026169536064594563 0.0071399389635277873 -0.00076682445692779924 -0.0083230176559160821 0.020948745069092545 -0.0028624159753503119 -0.015809281530644741 0.0032441098108073555 0.001554940222851117 -0.020362565848342964 0.017316718417673006 -0.0076254293910709148 0.0057588560702024104 0.021559572715179789 0.0011577653887677626 -0.012594795358501085 0.0072286726546339584 -0.010155820216044312 0.027721343184715593 -0.017028019785923221 -0.039738333932145757 -0.019086541608318113 -0.0071815060909437888 -0.017614225235771337 -0.0078430066831959837 -0.02922174854507556 -0.0065874585628634382 -0.0081852126634964651 -0.010250970414670449 0.035210255018979168 -0.011285773186481565 0.006374005654843265 0.01744760431061336 -0.0017049401775282138 0.037725602183611442 0.010579379561162429 -0.011431271939630566 0.014666410306560844 0.001950998651652055 -0.011320717488202792 -0.011177821703596243 0.034932328758316027 -0.014899270913661189 0.011803069834813123 -0.020846157997869052 0.0068639943642606477 0.0033668467653557572 -0.029715053310239145 -0.0060030038715135235 -0.016482823774716736 0.014255143603438264 -0.010715874414415504 -0.015671026405770627 0.040952673219724733 -0.0032507937630034314 0.02540757096125347 0.029277997483435077 0.0064757956849220465 -0.019780279484682847
leaf_weight=75.856203965842724 118.31016041338444 42.491756189614534 46.898610401898623 248.90350927039981 2109.8544670511037 472.43279312923551 149.49716242775321 341.76360816136003 59.633762117475271 228.90341291949153 767.93872350081801 113.13628999888897 224.62241565994918 122.48380467295647 231.03427747637033 444.67413708567619 57.860993541777134 1730.8664922621101 57.082086175680161 91.823805965483189 826.6186756528914 62.734359972178936 315.9230332672596 45.851786023005843 67.071064306423068 148.96455743536353 382.99261585623026 73.671848464757204 458.85502434521914 835.05579797923565 269.365996748209 62.923675343394279 77.371975347399712 68.240200497210026 304.3905086889863 435.70608061179519 355.52221047133207 70.832601096481085 259.31363375484943 472.69502926617861 86.060741379857063 289.95520006120205 407.23833371698856 157.81647201627493 38.190371438860893 244.69698168151081 241.74374106153846 57.549724843353033 615.24395957589149 180.37302999570966 44.698129903525114 131.61857622116804 114.97217889502645 1003.3414146527648 492.7351929731667 100.01007597893476 37.832880914211273 81.681525848805904 64.326426964253187 56.824769113212824 1220.8325455859303 68.135594114661217
leaf_count=1264 749 231 219 2813 12006 2864 1033 2086 658 2162 5398 777 2839 899 2761 2174 297 9724 537 412 5190 290 1857 635 546 891 3817 390 9640 5575 1470 407 458 586 1738 1955 1910 356 1301 4951 541 1339 3002 1394 384 1879 1391 295 2975 1181 226 631 740 4743 4003 1076 290 783 600 375 6100 333
internal_value=-0.000104031 0.00164031 0.00316456 -0.00733393 0.00532283 -0.00428062 -0.00159851 0.00399413 -0.0158441 0.00172851 -0.0040906 -0.0070306 -0.00535133 -0.00878527 -0.0203705 9.91672e-05 0.00500189 -0.00228958 -0.0107338 0.0195773 -0.00413396 -0.00326566 -0.00546357 -0.00257393 -0.00706926 0.00830003 -0.0127797 0.0139216 -0.0258528 -0.00158896 0.00212768 0.00538451 0.0129734 0.00707739 0.00173795 0.00927944 0.00742284 0.0106653 0.00119325 -0.0165442 -0.00366614 0.00660029 -0.0142777 -0.00225907 0.0120968 -0.0073253 0.0175706 0.00903103 0.00446629 0.0148931 -0.00489948 0.00248272 -0.00066527 0.0154544 -0.00569076 0.0015819 0.00877898 0.0153013 0.00946211 0.0109409 0.00485642 0.000354207
internal_weight=19066 15360.8 12216.3 3705.28 8406.85 3144.45 3809.47 7282.94 1021.39 4772.97 2683.89 1915.95 3010.14 1745.99 765.746 3308.17 2630.09 2142.88 1555.27 134.316 2785.51 1937.84 1585.15 1269.23 824.552 2509.97 501.303 1123.91 534.711 1958.89 1123.84 854.472 382.039 190.724 371.462 2361 1925.3 1265.76 659.534 721.599 520.237 352.69 453.09 255.641 97.8241 434.177 319.116 1194.93 672.794 522.137 400.22 189.48 1913.97 1050.24 833.668 340.933 240.923 183.841 146.008 169.961 1370.33 1799
internal_count=130147 90958 70121 39189 46841 20837 23280 41489 16101 28313 23088 17690 20194 16538 13665 18714 15354 12959 15053 643 17355 11581 9952 8095 5921 13176 4566 5352 10904 12165 6590 5120 2256 1485 2284 12285 10330 6893 3437 7764 3348 1629 3637 2436 1042 2807 1849 6537 3270 3267 2136 928 10797 4962 7289 3286 2210 1673 1383 1152 7133 10057
cat_boundaries=0 1 2
cat_threshold=4 640
is_linear=0
shrinkage=0.05


Tree=56
num_leaves=63
num_cat=3
split_feature=53 23 61 40 56 3 68 67 9 102 24 110 55 110 66 6 61 68 31 12 54 110 67 10 67 12 56 7 42 19 10 40 81 21 71 69 103 2 9 26 80 105 68 8 22 49 36 102 40 57 61 46 22 101 68 10 70 28 21 60 49 21
split_gain=94.043 50.1353 46.9777 46.9682 39.4436 28.3864 27.6262 27.6201 27.1247 26.2435 23.9803 23.0083 21.9184 21.6111 21.5359 21.6747 21.088 19.6367 19.0002 18.94 18.137 18.0731 21.8252 17.4653 21.4903 17.3844 18.2889 19.2726 17.3606 16.488 16.4054 15.8178 22.6404 15.7697 15.5489 15.2893 15.1325 15.0437 14.5617 14.4488 14.0977 14.0271 16.9043 13.9541 13.806 13.7784 13.5961 13.2446 13.2228 19.0582 14.8462 12.7058 12.653 17.6914 12.6309 12.2873 15.6808 12.1722 12.5957 12.1684 12.3719 11.9646
threshold=-0.49966202449578939 0.50142857142857156 0.45227272727272733 15.500000000000002 0.50043795063832852 0.59440605350531828 12.750000000000002 24.450000000000003 182.50000000000003 0.23279732561419536 inf 0 1.195441976788763 1 3.5000000000000004 34.783333333333346 0.19375000000000003 11.450000000000001 3.5000000000000004 1.0000000180025095e-35 0.92582417582417598 2 36.750000000000007 -1.0000000180025095e-35 37.050000000000004 3.5000000000000004 0.20458541919940523 2.5000000000000004 6.5000000000000009 0.18465909090909094 1.0000000180025095e-35 12.500000000000002 0.12848942407742867 0.19718721927822055 2.5000000000000004 -1.966666666666663 0.19742917457480832 0.085144927536231887 105.50000000000001 0.34495448775085763 0.83974358974358987 0.23288668221969652 11.750000000000002 0.44949494949494956 0.054918447209143968 2.134448332929058 1.5000000000000002 0.29214071415965653 14.500000000000002 -0.032891238934312512 0.81009615384615397 1.2416666666666671 0.036631849998186639 0.75000000000000011 12.65 105.00000000000001 0.33999999999999903 0.19022098098902995 0.23914668226424907 -0.50727062910952536 1.2854147197753152 0.26100800642854893
decision_type=10 8 8 2 10 10 10 8 10 8 8 1 10 1 10 8 8 10 2 10 10 1 10 10 8 10 8 10 2 10 8 2 10 10 8 10 8 10 10 10 10 8 10 10 10 8 2 10 2 8 10 8 10 10 10 10 10 10 10 10 10 10
left_child=2 3 5 7 6 -1 9 -2 12 16 31 -12 14 40 25 18 -5 -7 -16 45 -14 23 -23 24 -18 26 27 35 -11 -19 -30 -4 52 36 -15 59 -17 -8 -21 46 -3 42 44 47 -26 -6 -22 -34 49 -13 -50 -29 53 -33 -38 56 -28 58 -35 60 -9 -20
right_child=1 13 10 4 19 17 37 8 -10 28 11 48 20 34 15 33 21 29 61 38 39 22 -24 -25 41 -27 55 51 30 -31 -32 32 43 57 -36 -37 54 -39 -40 -41 -42 -43 -44 -45 -46 -47 -48 -49 50 -51 -52 -53 -54 -55 -56 -57 -58 -59 -60 -61 -62 -63
leaf_value=-0.0081077958448218697 0.029727502794305721 0.020530611118408579 0.0087713211450740156 -0.024880315760721621 0.0044553720304844856 -0.0069686093318023614 -0.017837440067555093 -0.010781577128330158 -0.01744834405806411 0.0059014329788788806 -0.014838450798155682 0.033161144308553207 0.028196293903278481 -0.0040220418208505989 0.031288982460441185 -0.001589461058895205 0.030806268666024213 -0.030106118027057663 0.022991088085825312 -0.0019642278564362767 -0.018069027125218181 -0.00449772388195887 -0.020967359307169461 -0.0068032951029999046 0.045315649164354044 -0.027822138542058356 0.0065073999965792849 0.014037938649296517 0.00042278838149200656 0.016574639482749703 -0.014611709965186648 0.0042538610784827744 -0.00087279698206723765 -0.02446920416567748 0.016404179295748493 -0.011942007044451815 0.026664854157924217 -0.00096032305086169204 -0.028597191229645949 0.033921032220794373 -0.0054196894158704094 -0.01571947949542633 -0.011514290856883857 -0.022691968062500067 0.0077732298437244692 0.019593075197190335 0.0082815575701159598 -0.030967468773573044 -0.012220049712534072 0.0002869789441731564 0.0086225403049376582 -0.0064846278508570547 -0.0033281930144167244 0.030505954814771544 0.0017516484193687281 -0.0052540404831994507 -0.012364883680197357 0.0043902456056228376 -0.0015079560789481893 0.00542023741256328 0.01431564133241188 0.0030339609645050197
leaf_weight=835.81931971013546 99.347050551325083 581.34276655316353 472.84221523627639 157.3133500367403 1372.7698887810111 151.21930937469006 551.71737835928798 340.19160437770188 153.01334922201931 925.32377391122282 630.96586708724499 49.651612848043442 134.40888621658087 268.74341759085655 143.60392773151398 120.19262859225273 81.247361838817596 409.09330203570426 111.0450067743659 272.67361482232809 52.54431876167655 532.453559178859 323.01825672201812 408.19541433826089 37.908444922417402 52.18282712250948 1829.676539324224 235.68134143576026 633.27654442191124 19.225065616890788 253.2821697127074 297.19056438282132 299.03612701967359 75.634701076894999 141.37725979089737 566.92974299564958 186.22332886047661 173.63473456352949 62.273282133042812 49.330974578857422 57.09835410118103 80.529159422963858 59.786760449409485 153.66355704143643 67.512668803334236 167.99573750793934 577.07114507630467 40.661901459097862 393.49000466987491 340.32236061245203 108.28034867346287 109.97779993712902 340.53318328410387 81.008130941540003 70.062498446553946 315.24377842992544 116.20025042071939 931.19939096271992 271.40560049936175 368.63623754307628 56.471645951271057 228.9011121019721
leaf_count=8495 521 2654 2748 1891 6679 1673 5267 1959 961 5814 5672 479 676 1281 704 1104 643 9491 686 1369 261 3240 2667 2808 256 254 8684 1331 3994 307 1655 1884 1883 602 622 4591 1449 1233 318 227 295 492 622 1632 382 721 2971 238 4214 2545 648 656 2049 515 637 1573 627 5171 1621 2097 244 1135
internal_value=-0.000230886 0.00176054 -0.00643492 0.000933588 -0.0022705 -0.0140195 -0.00491704 0.00367704 0.00330818 -0.00310281 -0.00308495 -0.00763044 0.00376808 0.0122829 0.00274363 0.00679148 -0.00747182 -0.0225168 0.0160934 0.00377512 0.0114755 -0.00573559 -0.0106098 8.58653e-05 0.00868318 0.000573841 0.000956988 -0.00299703 0.00111386 -0.0279771 -0.00388406 0.001025 -0.00200161 0.00406515 0.00296984 -0.00572636 0.0130448 -0.0138043 -0.00698621 0.00812875 0.0179246 0.00127348 0.00960129 -0.0102388 0.0215721 0.00611753 0.00605731 -0.00455545 -0.00232712 0.00454664 -0.00771409 0.00750844 0.00365901 0.00994254 0.0198875 0.00389114 0.00537465 0.00141226 -0.00656811 -0.00111226 -0.00718155 0.00960136
internal_weight=19027.7 14404.6 4623 13356.1 6160.91 1415.36 4285.2 7195.18 7095.83 3559.85 3207.65 1522.71 6942.82 1048.56 6129.46 2138.27 1747.96 579.538 483.55 1875.71 813.355 1590.65 855.472 735.18 326.984 3991.19 3939.01 1677.89 1811.88 428.318 886.559 1684.94 1212.09 1654.72 410.121 1332.23 376.478 725.352 334.947 678.946 638.441 245.737 165.208 493.362 105.421 1540.77 629.615 339.698 891.744 389.974 501.77 345.659 718.732 378.199 256.286 2261.12 1945.88 1278.24 347.04 765.299 396.663 339.946
internal_count=130118 85645 44473 80793 40051 19966 30964 40742 40221 24464 24507 13558 39260 4852 35125 13109 13001 11471 2525 9087 4135 11110 5907 5203 2395 22016 21762 10878 11463 9798 5649 10949 8201 10584 1903 8891 3190 6500 1687 3459 2949 1752 1260 3753 638 7400 3232 2121 7886 3024 4862 1987 4448 2399 2086 10884 9311 7394 2223 4300 2203 1821
cat_boundaries=0 1 2 3
cat_threshold=644 419 810
is_linear=0
shrinkage=0.05


Tree=57
num_leaves=63
num_cat=2
split_feature=51 40 64 33 100 55 40 52 68 101 80 34 67 110 69 68 20 10 9 52 9 67 48 53 61 67 19 12 59 31 6 104 53 82 20 40 64 8 107 46 61 2 27 44 67 51 112 78 10 81 33 87 91 103 51 30 3 69 61 32 70 64
split_gain=82.2607 70.4109 45.6213 40.9973 35.8847 32.1623 34.9306 28.1593 27.4455 24.7283 23.1859 21.5675 20.8623 21.3854 20.743 20.1432 20.7 19.9328 19.3902 21.1626 21.0657 18.4709 20.6766 17.8205 17.127 18.2967 16.389 21.6966 18.5001 18.8444 17.2587 16.2925 17.7816 16.1043 15.9799 15.5643 15.9309 15.5353 15.2446 15.0464 14.2863 13.9184 17.1545 17.2099 17.1976 16.5757 15.0963 16.1185 13.5024 16.9562 13.0988 13.5074 17.7615 12.9082 12.7661 12.7527 12.6583 12.6358 12.5184 12.4397 13.7172 12.3972
threshold=1.091116301402556 14.500000000000002 0.22552155821277189 441.00000000000006 5.5000000000000009 -0.21071352044836542 7.5000000000000009 0.24264705882352944 12.250000000000002 2.199999999999998 0.74166666666666681 1.0000000180025095e-35 38.250000000000007 0 -3.0999999999999992 12.65 1107.5000000000002 -1.0000000180025095e-35 22.500000000000004 0.98611111111111127 134.50000000000003 37.850000000000001 0.12916666666666668 1.0000000180025095e-35 0.93541666666666679 27.150000000000002 0.44949494949494956 1.0000000180025095e-35 0.77864836445077701 4.5000000000000009 33.883333333333347 39.564724736048269 1.5696034811224686 0.13583333333333344 63.500000000000007 10.500000000000002 -0.8321036042240858 0.36038961038961043 36.500390625000009 0.38333333333333347 0.27097902097902099 0.067816091954023008 0.28909108109186749 4.5000000000000009 38.050000000000004 -1.0431663914426155 1 76.500000000000014 -1.0000000180025095e-35 -1.0833010905525882 433.00000000000006 0.47366555719921105 0.22902097902097904 0.20278938784467562 -1.6987761799723742 0.19414406515470348 0.48543947372072377 13.300000000000004 0.31009615384615391 55.750000000000007 -1.1984848484848489 0.45537109597961062
decision_type=10 2 10 2 10 10 2 8 10 8 10 2 10 1 10 10 2 10 8 10 10 10 10 10 10 10 10 10 8 2 10 10 8 10 2 2 10 8 8 10 10 8 10 2 10 8 1 8 10 8 2 10 10 8 10 8 10 8 10 2 10 8
left_child=1 5 3 14 7 9 -7 -5 21 35 12 38 13 17 -3 34 -17 56 19 24 26 22 -2 -18 25 50 27 28 30 -30 -20 32 39 37 -9 61 -37 -14 -12 -11 -10 42 44 -44 45 -36 47 -43 49 -6 -8 -52 -53 -47 -15 -16 -4 -28 -42 60 -13 -1
right_child=8 2 10 4 48 6 18 15 40 31 11 59 33 54 55 16 23 -19 20 -21 -22 -23 -24 -25 -26 -27 57 -29 29 -31 -32 -33 -34 -35 41 36 -38 -39 -40 -41 58 46 43 -45 -46 53 -48 -49 -50 -51 51 52 -54 -55 -56 -57 -58 -59 -60 -61 -62 -63
leaf_value=0.0048072553958893559 -0.032819915710808036 -0.0045452066883483987 0.018497228361619069 -0.013253542172681172 0.038929697672759472 0.028966436270752356 -0.021010996941021747 0.014295915218210756 -0.027451271892422802 -0.0044121996465602952 0.0068099442400477508 0.016227325634938224 -0.00043940517502216009 0.017793453374793461 -0.032882884991727077 -0.016531459162679597 -0.018206179254165216 0.0069814019863121933 0.044223627899877119 0.016925813665535746 -0.0075630747889681577 -0.018958564095387168 0.0028953291554607158 0.010458508011028669 0.013395372343399653 -0.010495390692250361 0.020549470204239868 -0.0066124512118881157 0.0086487275312718079 -0.005372149703919327 0.013314246136446502 0.0092125203195275573 0.013503320660069104 0.024498145409722373 0.02928010660536173 -0.01309386460994503 0.0032502827938697843 -0.015401377740394632 -0.010934116363590398 -0.01745127806567728 0.02445109387369641 0.021122569109285092 0.044525422212702538 0.0061441777855455997 -0.010286692175734802 -0.0060918737764545572 -0.0083785997809413069 -0.0004375898276150055 -0.0205254177317915 -0.009498027429730705 0.00065839509610276928 0.032661479585270194 -0.007033011049829856 0.010690443855016841 0.0014222421709483462 -0.016091725827374066 0.04943818833672034 0.0068948508150457862 -0.015329960747420763 -0.021284887486724319 -0.015429499214245943 0.021115566961037811
leaf_weight=281.61405323818326 44.078616989776492 267.57577590085566 190.82206806540489 454.14014228060842 20.061171762645245 170.68822628259659 55.243097361177206 237.04028497263789 348.91564220562577 519.98529830761254 354.17714691907167 56.324055168777704 453.48581612855196 124.50163412094116 170.99184177443385 331.78402253612876 75.081805536523461 665.65557373315096 47.853760007768869 192.17559409886599 198.08606605418026 200.79905891045928 400.1219137981534 187.77424999698997 184.14825686812401 478.64347415603697 477.48269322142005 254.05132222175598 1057.0190075002611 309.07946855574846 643.78991213999689 161.0582362189889 87.656232368201017 44.494182236492634 73.665152505040169 171.72788184136152 1088.7963295057416 280.0568009018898 182.63046923652291 385.32838167063892 23.606191562488675 96.060958616435528 52.355074293911457 65.364721905440092 183.00078073143959 191.28062294051051 594.40419412404299 810.85148777812719 380.54725433140993 126.63239518739283 530.10448106192052 80.534108359366655 42.598680905997753 282.86636886745691 2333.3581374958158 343.77643184736371 39.817959420382977 264.4866416156292 100.70007417164743 251.52819738537073 83.944595582783222 198.76002610474825
leaf_count=1613 591 1897 923 4977 176 796 340 1528 6797 3539 2177 307 2179 540 2148 3273 719 3419 237 844 1117 3414 4183 1170 812 3107 2288 1234 5685 1779 3947 1130 415 257 345 1361 6589 2107 1181 2790 403 587 344 408 1710 1469 3791 4882 3870 1336 2911 426 196 2046 12131 3653 283 1203 1575 1534 615 968
internal_value=9.7733e-06 0.000832555 -0.00195144 -0.00536632 -0.00339076 0.00436707 0.00680055 -0.001621 -0.0131403 0.000174942 0.00138588 -0.0057493 0.00299033 0.00470126 -0.0158607 4.31003e-05 -0.00824704 0.0112646 0.00600898 0.00143187 0.00820848 -0.00641474 -0.000714501 0.0022328 -0.000750265 -0.00295398 0.00923366 0.00715308 0.00885497 0.0054749 0.0155136 -0.00549813 -0.00789105 -0.00438213 0.00195118 0.00393658 0.00101502 -0.00616488 0.000764027 -0.00997515 -0.0222745 0.000700356 0.00581516 0.0234452 0.00294714 0.00737868 -0.00219244 0.00186683 -0.0155682 -0.00265652 0.00214854 0.00413622 0.0189829 0.00392154 0.00224927 -0.0217222 0.0240293 0.0156979 -0.00764056 -0.0146525 -0.002693 0.0115848
internal_weight=19005.2 17887 10006.1 4945.25 4162.91 7880.91 4985.98 3635.67 1118.22 2894.93 5060.8 928.604 4132.19 3354.16 782.344 3181.53 594.64 896.296 4815.3 1563.45 3251.85 645 444.201 262.856 1371.27 1187.12 3053.76 2311.79 2057.74 1366.1 691.644 1154.03 992.97 778.037 2586.89 1740.9 1260.52 733.543 536.808 905.314 473.222 2349.85 848.533 117.72 730.813 547.812 1501.32 906.912 527.241 146.694 708.48 653.237 123.133 474.147 2457.86 514.768 230.64 741.969 124.306 391.797 140.269 480.374
internal_count=130272 113309 67982 40329 32631 45327 26922 27249 16963 18405 27653 5814 21839 17296 7698 22272 5162 4625 26126 8636 17490 8188 4774 1889 7792 6980 16373 12882 11648 7464 4184 7874 6744 4543 17110 10531 7950 4286 3358 6329 8775 15582 6322 752 5570 3860 9260 5469 5382 1512 3873 3533 622 3515 12671 5801 1206 3491 1978 2456 922 2581
cat_boundaries=0 1 2
cat_threshold=266 4
is_linear=0
shrinkage=0.05


Tree=58
num_leaves=63
num_cat=2
split_feature=26 40 33 10 81 8 31 72 39 33 40 42 9 53 50 10 68 96 20 61 110 67 55 56 28 32 102 49 1 47 5 12 21 101 103 57 110 105 8 104 30 91 21 94 33 107 30 104 9 28 63 53 28 50 27 42 63 46 100 4 59 62
split_gain=83.5325 64.0738 56.761 49.5678 45.5838 39.5352 31.6658 27.3169 24.4005 23.725 23.0057 21.5748 24.531 21.397 21.2936 19.5057 19.5098 20.8045 19.1837 17.205 17.0255 16.8086 16.6404 16.9152 17.3209 16.428 17.3973 15.7463 16.5019 15.6112 15.5866 15.45 15.3383 15.1593 14.7129 15.2745 14.5613 14.5317 14.5227 14.0326 13.8549 13.7868 13.6378 13.3672 13.2591 13.2156 13.0142 12.983 12.8976 17.6297 13.2827 15.725 12.8407 17.9592 12.9307 13.6767 12.6906 12.65 12.5633 12.3537 11.9888 11.6671
threshold=0.13560854507003403 11.500000000000002 433.00000000000006 35.000000000000007 0.12848942407742867 0.46410256410256417 5.5000000000000009 1.0000000180025095e-35 1650.0000000000002 477.00000000000006 6.5000000000000009 5.5000000000000009 17.500000000000004 -0.23064200663945869 0.87867647058823539 155.00000000000003 12.65 33.967708333333341 684.50000000000011 0.20416666666666669 0 25.550000000000004 0.26357258500618935 -0.069250564984022892 0.22951919903179671 55.750000000000007 0.33101019912578927 -0.61394124810706596 0.29520697167755999 6.5000000000000009 0.30000291375291382 1.0000000180025095e-35 0.14179289472321094 0.14999999999999861 0.21241549366787407 0.46312788488424539 1 0.64852941176470602 0.91987179487179505 37.724904672843003 0.17404557196283305 0.4188596491228071 0.073554003541215843 3.5000000000000004 425.00000000000006 36.80058139534885 0.18042519971590745 39.517970706307885 103.50000000000001 0.21155435473617293 0.44281045751633991 0.52038652277809228 0.30613325838810107 0.22474747474747478 0.30002496255616579 9.5000000000000018 0.90312500000000007 0.43333333333333351 7.5000000000000009 0.52749888999889005 0.8872228022892702 0.64589126648193507
decision_type=10 2 2 10 8 10 2 10 2 2 2 2 10 10 10 10 10 8 2 10 1 10 8 8 10 2 10 10 10 8 8 10 10 10 8 8 1 8 10 8 10 8 10 2 2 8 10 8 10 8 10 10 8 8 10 2 8 8 8 10 8 10
left_child=5 10 14 4 9 25 7 22 27 19 -2 12 56 20 21 16 17 34 -9 -4 -10 -3 23 24 -6 43 39 -5 58 47 -15 -21 -17 -34 -12 -36 59 -30 -32 -27 -25 -26 -7 -1 -38 -33 -42 -14 -13 -50 -51 -52 53 -24 -54 -56 -11 -18 -29 -19 -8 -46
right_child=1 2 3 8 6 42 60 18 13 11 15 48 29 30 -16 32 57 36 -20 31 -22 -23 52 40 41 26 -28 28 37 -31 38 45 33 -35 35 -37 44 -39 -40 -41 46 -43 -44 -45 61 -47 -48 -49 49 50 51 -53 54 -55 55 -57 -58 -59 -60 -61 -62 -63
leaf_value=-0.01577360002154669 0.032830208084003269 -0.0016814326566617699 -0.011871211264169748 -0.025818674693435961 -0.017395639500291629 -0.038589882305654105 -0.025095836126551852 -0.016523079858240336 0.0041365353247461364 -0.010942554162443066 0.044334323884703764 0.0071272681246752241 0.024533043962541096 -0.0091078962364654695 -0.038036257236314208 -0.021975484712687933 0.018979111569274825 0.012962174419101245 -0.0012678818909243076 0.004265230434306171 -0.014478553887646926 -0.01403827123504966 0.025728416693242131 -0.0080902869706153922 0.029474670390394211 -0.0099224076732305141 0.02991924755137056 0.015250440823502343 -0.02130634202573797 -0.0066321141706015873 0.0054106941302867716 -0.0012935085458832302 -0.0023818220074534259 0.017490454577189934 0.034028197075064347 -0.0042422949667357086 -0.018192612121395706 -0.0027895258927263657 -0.025696269162168484 0.0060044130852204419 0.032904338551664677 -0.01240661635023089 -0.017245312720937898 0.0052087126189154951 0.0044486514027404977 -0.025572312890963435 0.0026145550347330361 0.0033754017445087161 -0.022710453698320327 -0.012616040758334538 -0.0039864951983594179 0.028765863981213148 -0.0050634688453358003 0.0064069573844164817 0.015129645031884527 -0.012898132169570704 0.015967923703860791 -0.003876789258695024 -0.0078365880798086079 0.033351119308149546 -0.0080619029517940734 0.014968140430448723
leaf_weight=376.6022575981915 84.417453359812498 448.13623859360814 214.67242822423577 174.6443341691047 267.34336012974381 85.590210547670722 163.86675631441176 387.31015851721168 163.98318545147777 118.82339768111706 72.385580044239759 1676.7704398594797 528.17063328437507 278.9099529273808 67.292515845969319 76.560394816100597 70.076135333627462 351.95975407585502 439.51999213919044 2171.4054261986166 473.06808941066265 713.42342932522297 148.93422880023718 326.33987023308873 39.906608268618584 263.22041461244226 46.579664468765259 97.837583899497986 292.57548659294844 52.654295895248652 975.79619251564145 191.87336393073201 469.26757881976664 119.58396911248565 50.805279944092035 52.092326730489731 51.571064405143261 166.31882514432073 38.039618024602532 289.23862533271313 35.700005866587162 37.000555684790015 601.457016216591 94.478362735360861 930.42792325280607 78.24735714122653 1063.1778720542789 84.423079645261168 88.301147196441889 80.946586366742849 72.312125205993652 72.862200073897839 393.00467077456415 614.00920293480158 206.55710157006979 54.24980315938592 68.06562802195549 407.36484136432409 144.95096305757761 94.259812859818339 280.75495100952685 367.58243483677506
leaf_count=3132 425 2652 2118 1923 2910 1632 1681 4210 1552 727 363 9741 2989 1476 1332 696 396 1631 3582 12412 4615 6306 666 2200 379 1680 277 690 1692 367 5803 967 2580 672 242 241 291 798 392 1934 234 294 7645 578 5038 433 6610 524 635 551 434 333 2309 4078 1127 293 303 2595 1322 664 2198 1597
internal_value=-0.000224367 0.000837266 -0.000622317 0.000366165 0.00202036 -0.010605 -0.00173709 -0.000332873 -0.00550218 0.00506575 0.00722086 0.00823912 0.0148936 -0.00235768 -0.010881 0.00651628 0.0085785 0.0107741 -0.00842517 0.00166698 -0.00984996 -0.00927648 0.00176908 -0.00146407 -0.0113939 -0.00458798 0.000907538 -0.0124162 -0.00904846 0.0193842 0.0013392 0.0028617 -0.00107359 0.00167665 0.0271785 0.0147993 0.00915868 -0.0146159 0.00421938 -0.00158818 0.000940717 0.00942469 -0.0199566 -0.0115633 0.0063974 -0.00839486 0.00362762 0.0216275 0.00538525 -0.00389782 0.00351623 0.0125361 0.00580532 0.0102074 0.000660672 0.00927266 -0.00110884 -0.00048947 0.00149129 0.016955 -0.014382 0.00743689
internal_weight=18947.7 17190.5 13992.2 12763.3 9957.2 1757.17 4457.68 4013.05 2806.12 5499.53 3198.35 2843.33 852.137 1929.8 1228.85 3113.94 2448.53 1971.08 826.83 2656.2 637.051 1161.56 3186.22 1769.47 344.251 1070.12 599.039 876.327 701.683 665.248 1292.75 2441.53 665.412 588.852 175.283 102.898 1795.8 458.894 1013.84 552.459 1425.22 76.9072 687.047 471.081 1349.58 270.121 1098.88 612.594 1991.19 314.422 226.121 145.174 1416.76 762.943 653.812 260.807 186.889 477.441 242.789 446.22 444.622 1298.01
internal_count=130167 113289 95858 85568 65305 16878 32771 28892 20263 32534 17431 16604 4910 13838 10290 17006 13058 10067 7792 15930 6167 8958 21100 12627 3583 7601 3891 6425 4502 3880 7671 13812 3948 3252 846 483 9221 2490 6195 3614 9044 673 9277 3710 6926 1400 6844 3513 11694 1953 1318 767 8473 4744 3729 1420 1030 2991 2012 2295 3879 6635
cat_boundaries=0 1 2
cat_threshold=360 376
is_linear=0
shrinkage=0.05


Tree=59
num_leaves=63
num_cat=0
split_feature=26 68 67 62 41 6 56 30 26 8 68 79 96 102 41 68 26 12 17 100 31 7 46 69 70 81 62 97 23 39 30 65 8 96 28 54 55 44 104 54 55 33 46 16 6 20 54 9 2 33 105 101 91 27 103 67 58 70 6 38 96 62
split_gain=80.5729 60.3433 48.5494 41.6326 38.5806 35.0983 30.7197 26.236 25.3372 24.8032 22.6522 21.4137 20.2113 18.6473 17.5483 24.7108 20.2692 17.2385 18.4905 16.7027 18.5914 25.9589 16.6846 16.664 15.677 15.4578 19.381 15.1119 18.0946 14.9604 14.9548 17.5182 14.8813 14.8092 14.495 24.349 19.4084 14.4396 14.4647 14.4051 14.04 14.0295 17.2981 13.793 13.7906 15.1431 13.6052 13.5773 13.4799 13.2735 13.3939 13.0314 12.9974 12.7866 12.7209 12.697 13.9301 12.6074 12.5775 12.8485 14.8809 12.491
threshold=0.12012499512499514 12.65 36.95000000000001 0.29932729963094828 1.0000000180025095e-35 35.041666666666679 0.11568324099864885 0.20859108282421168 0.20199750623441401 0.46410256410256417 12.350000000000003 0.89087301587301593 13.434166666666668 0.15457043861139638 2.5000000000000004 11.65 0.34495448775085763 1.0000000180025095e-35 0.38013136288998362 4.5000000000000009 4.5000000000000009 1.0000000180025095e-35 0.80833333333333346 -0.75683229813664343 -0.099999999999998743 -1.0176367913116553 1.1508354811294754 6.5000000000000009 0.17453314478323198 1075.0000000000002 0.21622707916920139 3.5000000000000004 0.16025641025641027 38.20333333333334 0.17001440922190206 0.62916666666666676 0.92464948773395716 7.5000000000000009 35.284498062015508 0.10357142857142858 1.5085753510565811 483.00000000000006 3.1666666666666674 0.25321718354505246 37.883333333333347 1378.5000000000002 0.88348416289592768 14.500000000000002 0.09449404761904763 447.00000000000006 0.67204301075268824 0.30000000000000077 0.58114035087719318 0.30360141050816752 0.37281465859771384 24.950000000000003 0.81061088795737701 -0.95000000000000007 34.283333333333346 0.48529411764705888 37.997368421052634 0.082090539585416233
decision_type=8 10 10 10 2 8 8 10 10 10 8 10 8 10 2 8 10 10 10 10 2 8 8 8 10 8 10 8 10 2 8 10 8 10 10 10 8 2 10 8 10 2 10 2 8 2 8 10 10 2 8 10 10 10 8 8 10 10 8 2 10 10
left_child=9 2 4 8 7 12 29 37 -3 39 34 27 -4 -8 15 -14 -17 32 -19 20 21 -12 -9 -22 41 -25 -27 47 -29 -7 43 61 -15 -20 -6 55 -37 38 46 -1 -33 42 44 -31 45 51 -2 -10 -21 50 -5 -23 -34 -46 57 56 -36 -49 -43 60 -60 -32
right_child=1 3 5 49 10 6 13 22 11 -11 19 -13 14 17 -16 16 -18 18 33 48 23 24 -24 25 -26 26 -28 28 -30 30 31 40 52 -35 35 36 -38 -39 -40 -41 -42 58 -44 -45 53 -47 -48 54 -50 -51 -52 -53 -54 -55 -56 -57 -58 -59 59 -61 -62 -63
leaf_value=-0.034098269312538863 0.0052811896963312066 -0.017659473701793268 0.033312810627474064 -0.0031102768870369378 -0.0052418425100181935 0.019705594425865773 -0.011730195942803296 0.021086082426654586 -0.018400069518569567 -0.021456279884878835 -0.0094991068629134024 0.040808337850751067 0.02284470450206405 0.013916734386224296 -0.0038079993421303985 0.00066214982308402163 0.040570216704238909 -0.036077604688116709 0.0018724747291826395 -0.00075647712178095693 -0.019510077906248442 0.0045815201916272093 0.010051112129255886 0.017251431196854451 0.033216929139343813 -0.0076105289918060775 0.023767270198745569 -0.024029865345407894 -0.0059763407322086133 -0.01753563834140184 -0.020649684375937939 -0.00019077618899003557 0.0020046903435234679 -0.027994732757698267 0.0083668132882911955 -0.0043028199667795993 0.013848725016852685 -0.0077208404632262669 0.0086526458482409224 -0.0049412048138379912 0.04093264634329432 -0.011946978132273158 -0.02871889481772763 0.014909393608494692 -0.010611871138754093 -0.010576904984105358 -0.019749933162172512 0.029250911471065802 -0.015131863469910085 0.003023436556219485 -0.027706037250588258 0.019103709405732947 -0.018357218904625727 0.01763903946591008 -0.026582124518634939 0.011114560111165322 0.035554990360421278 0.0013916158482781106 0.0099370512666254532 0.016669919585699456 -0.013978379230188879 -0.0021201867695867871
leaf_weight=44.244364622980356 124.72322368808091 687.47955286689103 62.350316863507032 293.81158450618386 187.41907073929906 41.387629732489586 326.21657153964043 460.85946960933506 97.375623608008027 478.93146387673914 330.45868854038417 23.242522418498993 222.32350955531001 256.9082849919796 426.62908850982785 517.43024307303131 32.903881475329399 54.657976549118757 202.69005984812975 367.51208897121251 158.99097695760429 681.50335596874356 1345.5436378493905 93.097978074103594 48.828250419348478 515.03251099027693 53.426577020436525 212.36755615286529 399.897749485448 636.51155872456729 222.02657604962587 339.44589914940298 1682.476074911654 51.155280500650406 70.322603531181812 369.92319045029581 243.30313821136951 228.32646481320262 955.99629102647305 677.29639212787151 21.106303414329886 61.404046058654785 44.288101200014353 33.797116100788116 268.11256404593587 126.21994775906205 94.689496148377657 43.487020425498486 292.31623056344688 1348.3320712074637 67.296208821237087 199.16392639651895 81.201147943735123 46.127131395041943 35.90186695381999 321.10402947664261 146.54675763472915 467.37196278572083 261.92508658394217 478.83923950605094 85.475370179861784 154.00806901231408
leaf_count=393 679 8900 304 1845 1435 396 2632 2460 758 6791 1652 147 1237 1160 2642 3308 155 380 993 2623 1160 3476 7144 503 277 3077 238 3243 3423 7145 2588 3302 10983 263 505 2142 1329 1320 5467 4875 159 289 273 377 1482 622 533 308 1729 7133 308 1022 365 225 219 2029 837 3598 1300 2406 448 1017
internal_value=-0.000114448 0.000735884 0.00223043 -0.00496511 0.0045454 -0.00150695 -0.00374925 0.00889315 -0.00992313 -0.0126444 0.00198397 -0.0057563 0.00578352 -0.000553357 0.00432573 0.00881595 0.00311747 0.00101645 -0.009973 0.000144607 0.00153799 0.00358627 0.0128765 -0.00502931 0.00546811 -0.00152498 -0.00462493 -0.00664948 -0.0122673 -0.00960423 -0.0104798 -0.00555074 0.00269843 -0.00423264 0.00763084 0.00972929 0.00290979 0.00376161 0.00599677 -0.00677381 0.0023231 0.00485227 0.00166864 -0.01588 0.00270827 0.00556132 -0.00556181 -0.0012989 -0.0071383 0.000742766 -0.00775781 0.00788367 0.00105734 -0.00642213 0.00177477 0.0174829 0.0268178 0.00381566 0.0097421 0.0113665 0.0040296 -0.0130865
internal_weight=18903.7 17703.3 14026.7 3676.56 8661.48 5365.23 4103.59 3210.14 1967.12 1200.47 5451.34 1279.64 1261.64 2655.31 1199.29 772.658 550.334 2329.09 308.503 4112.72 3452.89 2632.35 1806.4 820.548 2301.89 661.557 568.459 1256.4 612.265 1448.28 1406.9 736.587 2020.59 253.845 1338.62 1151.2 613.226 1403.74 1175.41 721.541 360.552 2253.06 1365.42 670.309 1321.13 1006.89 219.413 644.136 659.828 1709.44 361.108 880.667 1763.68 314.24 546.761 537.973 216.869 510.859 887.644 826.24 347.4 376.035
internal_count=130029 117970 88088 29882 48682 39406 31760 17603 20596 12059 31079 11696 7646 16776 7342 4700 3463 14144 1636 22802 18450 13472 9604 4978 11820 3818 3315 11549 6666 14984 14588 7066 12508 1256 8277 6842 3471 7999 6679 5268 3461 11543 7100 7522 6827 5120 1212 4883 4352 9286 2153 4498 11348 1707 4125 3371 1342 3906 4443 4154 1748 3605
is_linear=0
shrinkage=0.05


Tree=60
num_leaves=63
num_cat=2
split_feature=26 62 52 40 31 13 66 40 10 6 9 71 95 31 33 62 26 31 33 95 9 96 5 87 104 110 4 61 22 8 26 33 53 108 41 69 99 31 17 20 103 104 101 10 72 110 0 87 49 66 87 6 69 64 8 79 68 28 92 8 68 28
split_gain=70.5079 52.065 38.1765 37.5927 39.7126 34.3271 31.519 27.5539 26.6487 26.5525 26.2782 24.3048 23.8913 21.807 28.8931 19.7386 19.2356 19.2299 20.7938 18.3983 18.1015 19.6279 17.6594 24.6915 16.968 16.5862 15.2171 19.6606 14.8612 14.2051 14.1621 14.0274 13.9761 14.155 13.7209 15.8069 13.3364 12.9657 12.8918 12.5103 13.5076 12.4138 15.4637 13.8135 12.4081 12.3557 13.6357 12.3537 12.2732 12.2289 12.2255 15.4995 14.6992 13.5115 12.3531 12.0737 19.9422 16.5681 11.7827 11.7743 11.7084 11.3912
threshold=0.20608503702766001 -0.070383238590792804 0.75735294117647067 17.500000000000004 4.5000000000000009 1.0000000180025095e-35 1.0000000180025095e-35 16.500000000000004 25.000000000000004 35.116666666666681 83.500000000000014 1.5000000000000002 38.45000000000001 2.5000000000000004 475.00000000000006 -0.11936611493564946 0.30005727376861402 6.5000000000000009 455.00000000000006 35.150000000000013 139.50000000000003 34.00238095238096 0.29139041514041514 0.22782321484743634 35.321307682866966 0 0.45032365510306693 0.9472222222222223 0.20740052791084176 0.36931818181818188 0.24709543368429174 469.00000000000006 0.66525541864423765 1.0000000180025095e-35 2.5000000000000004 -1.2333333333333323 39.250000000000007 3.5000000000000004 0.88194444444444453 103.50000000000001 0.16359143027370113 35.705586766541835 2.149999999999999 195.00000000000003 1.0000000180025095e-35 1 8.5000000000000018 0.08641975308641979 1.4511008625301118 3.5000000000000004 0.17817460317460324 37.383333333333347 -1.6345490716180355 -0.59445932789469069 0.40588235294117653 0.39087301587301593 12.850000000000003 0.13266957268344234 6.5000000000000009 0.56696428571428581 12.450000000000001 0.3572206660441955
decision_type=10 10 10 2 2 10 8 2 10 10 10 10 10 2 2 10 10 2 2 8 10 8 10 10 8 1 10 10 10 10 10 2 10 2 2 10 8 2 8 2 10 8 8 10 10 1 2 10 10 10 10 10 10 8 10 10 10 10 2 8 10 8
left_child=1 2 6 4 5 8 58 10 13 -10 12 19 17 16 15 30 32 18 38 -8 21 -6 -11 -24 -17 34 27 39 44 -13 -15 -31 33 -2 35 36 49 -12 48 61 -41 43 -43 47 -5 46 -33 -7 -3 -20 51 -28 53 -52 -54 56 57 -35 -1 -53 -39 -16
right_child=3 7 -4 28 20 41 11 -9 9 22 37 29 -14 14 26 24 -18 -19 25 -21 -22 -23 23 -25 -26 -27 50 -29 -30 31 -32 45 -34 55 -36 -37 -38 60 -40 40 -42 42 -44 -45 -46 -47 -48 -49 -50 -51 52 59 54 -55 -56 -57 -58 -59 -60 -61 -62 -63
leaf_value=-0.00031414238030341864 -0.0062780508784102728 -0.0013266691038192955 0.0018839006131036306 -0.0055136969811592322 0.010597056602109675 -0.0034639068960112557 -0.006439397306221277 -0.01319916135607873 0.0096211000926674246 -0.015337930896556905 -0.00090929110992753887 -0.0026597248161835084 -0.010638264225916932 -0.016777141762226753 0.021815882703545189 -0.0085658600628760011 0.021195398933002596 -0.021883241067075676 0.021653392552405865 -0.025270032918583391 -0.019509747060415319 -0.0036407191590247367 -0.009574167416761559 0.0066772381021837331 0.0049043568550376756 0.002474174199202794 0.020462413133886578 0.016058103096813443 0.014291932883245539 -0.026733068705005171 -0.0020601083826201939 0.038582617169128149 0.014955429646297312 0.036159826190573612 -0.0045307272247718964 0.0062970900926749744 0.0091950422136254997 -0.010744424447756156 -0.01628579668898927 -0.01347579388002771 0.0026538988479387678 0.024437229551243205 0.0054766248102205359 -0.012071735551428252 -0.019874474256090867 -0.013541636250925741 -0.01371925761942086 0.017006947906138398 0.018640419299090268 0.048681148240056739 0.059251381744414792 0.010232461589263449 0.030012792433537529 0.023544942460549376 0.0023532407485173865 0.033990389981565006 -0.026408272069973784 0.0050947046930829663 -0.017427714579319468 -0.019738630354801865 -0.034497256205299129 -0.0057024781108629859
leaf_weight=593.03991138190031 255.88864040933549 674.30660062283278 627.24858143553138 865.1136718429625 280.55922967940569 101.22397907450795 160.94536907784641 375.07057936489582 373.72488841228187 335.93833991512656 217.04712858609855 388.29939423128963 302.14301874488592 258.9713068921119 140.16027317941189 282.84545380249619 327.37373699806631 68.286996208131313 289.04577144235373 685.68795037828386 151.60637330822647 1725.3305253218859 499.60518982261419 437.46747850440443 1325.8101448267698 839.68894976004958 95.951204480603337 331.52004308998585 79.44833754748106 173.89267442002892 441.24702776782215 27.189949652180076 379.2015687264502 49.912573076784611 109.18736189603806 374.14169043488801 193.51780448108912 185.4234677106142 125.53096623718739 145.44986804947257 1140.6943846978247 364.00792249664664 153.43475238420069 74.739262588322163 181.48232969455421 180.0892872158438 21.617636550217867 267.12670207768679 85.861903667449951 49.145151734352112 33.822792280465364 60.045578554272652 57.174103561788797 124.66924641653895 132.50811223685741 41.334649592638016 41.6831414103508 276.6249160785228 120.12897923216224 69.927477998659015 71.927979938685894 50.779039412736893
leaf_count=3921 1542 4345 4112 5628 1481 539 2311 2503 2034 1876 1379 2965 1966 2540 812 1451 1585 535 1492 13115 1050 11928 3797 2826 6960 4851 753 1431 346 2494 3395 357 1792 354 632 2341 1063 1195 756 770 5666 1829 892 417 1572 2345 215 1332 372 288 272 397 328 742 1231 287 406 1737 927 829 530 263
internal_value=-7.08771e-05 -0.00407987 -0.00907332 0.00225613 0.00316043 0.00467076 -0.0119964 -0.000323491 0.0035593 -0.00208031 0.0010268 -0.0158151 0.00269918 0.00509099 0.00346808 -0.000518159 0.0106339 0.00413721 0.00479334 -0.0217021 -0.00290883 -0.00164503 -0.00552041 -0.00198825 0.00253208 0.00780181 0.00732941 0.00507311 -0.00643494 -0.00949535 -0.00751927 -0.0160622 0.00730698 0.00293262 0.0120593 0.0141947 0.0197297 -0.0099224 -0.00150832 0.00259842 0.000820742 0.0135796 0.0188363 0.00741205 -0.00802049 -0.00787447 0.0129974 0.0113873 0.000950163 0.0257129 0.0144163 0.00532553 0.020283 0.0314886 0.0108041 0.0086887 0.00576408 0.00993904 -0.00321719 -0.00592003 -0.017491 0.014506
internal_weight=18892.9 6938.47 2978.14 11954.4 10828.4 8670.86 2350.89 3960.33 7710.33 1646.74 3585.25 1637.72 3110.86 6063.6 4691.58 2308.87 1372.02 2808.71 2740.43 846.633 2157.5 2005.89 1273.01 937.073 1608.66 1854.73 2382.7 1808.6 1126.04 791.089 700.218 402.79 1044.65 665.444 1015.04 905.85 531.709 474.399 885.699 1477.08 1286.14 960.533 517.443 443.09 1046.6 228.897 48.8076 368.351 760.169 338.191 574.099 225.924 348.174 158.492 189.682 409.555 368.221 326.537 713.169 129.973 257.351 190.939
internal_count=130100 57010 32762 73090 65544 51085 28650 24248 46076 10533 21745 23802 18641 35543 27840 14346 7703 16675 16140 15426 14459 13409 8499 6623 8411 10667 13494 8942 7546 8376 5935 5411 6118 4326 5816 5184 2843 3104 5473 7511 6436 5009 2721 2288 7200 2917 572 1871 4717 1780 4552 1979 2573 1014 1559 2784 2497 2091 4848 1226 1725 1075
cat_boundaries=0 1 2
cat_threshold=55 56
is_linear=0
shrinkage=0.05


Tree=61
num_leaves=63
num_cat=0
split_feature=33 13 62 40 29 31 40 26 12 51 106 63 70 81 51 87 21 2 19 23 31 6 59 95 17 87 40 46 26 72 82 103 4 100 8 8 46 40 22 46 6 39 103 38 21 5 39 57 62 61 68 0 100 82 58 68 69 37 60 69 59 26
split_gain=73.0086 59.169 59.5773 36.4072 32.8031 32.1927 31.0642 25.3414 30.1817 22.3015 22.7773 22.1082 21.0248 20.1957 20.8061 19.9835 20.0185 19.2617 19.0695 18.3126 17.8455 18.9867 16.9693 16.7167 15.8669 16.6058 15.4075 15.2539 15.2478 15.1374 14.9899 16.6793 14.9538 15.1163 16.6065 14.9294 14.2876 14.8396 13.6009 13.5647 13.4968 13.4031 13.3484 15.4847 13.0796 12.9137 12.5233 14.4173 17.0847 12.4513 12.2618 12.4177 13.3329 12.8373 16.1452 12.1381 12.0323 11.8817 11.6444 11.6354 11.6245 11.5445
threshold=433.00000000000006 1.5000000000000002 -0.099446592585526433 8.5000000000000018 0.1739362442578071 5.5000000000000009 16.500000000000004 0.28716560246600986 1.0000000180025095e-35 -0.98102949742946211 0.25521437548337206 0.32843137254901966 -0.26666666666666478 -0.31084643197457668 0.20735394831026208 0.046875000000000021 0.18504125742671432 0.20942982456140355 0.23303167420814483 0.12150715722228796 3.5000000000000004 37.316666666666677 1.4239384664662393 37.850000000000001 inf 0.63595959595959617 6.5000000000000009 1.1916666666666671 0.18560878569871378 1.0000000180025095e-35 0.11627872127872139 0.23490373267100004 0.66250371360665483 2.5000000000000004 0.26969696969696971 0.89444444444444449 2.0291666666666672 16.500000000000004 0.075612061413619827 0.33333333333333343 35.283333333333346 1175.0000000000002 0.2071142998410361 0.86190476190476206 0.13909060945646315 0.42646761734997035 1850.0000000000002 -0.0041487059264459303 -0.58101243711109973 0.89444444444444449 11.550000000000002 5.5000000000000009 4.5000000000000009 0.035791985791985816 0.45322962369127867 12.850000000000003 0.25000000000000183 12.500000000000002 -0.7655659001452787 -2.4666666666666663 0.86565285876966402 0.23774066411732467
decision_type=2 10 8 2 8 2 2 8 8 10 10 8 10 10 10 8 8 10 10 10 2 8 10 10 8 10 2 8 10 10 10 10 10 8 10 10 10 2 8 10 8 2 8 2 8 10 2 10 10 8 8 2 8 10 10 10 8 2 10 10 8 10
left_child=11 2 4 26 19 6 7 8 12 10 -10 -1 15 17 46 -5 27 35 -7 -2 21 -9 -11 -12 25 30 -4 39 -16 36 50 -32 33 34 45 41 37 -13 -26 -17 -8 -6 43 -23 -44 -18 -15 48 -48 -46 -3 53 -53 54 -52 -30 -19 -29 -58 -42 -20 -21
right_child=1 24 3 5 13 18 40 20 9 22 23 29 -14 14 28 16 32 56 60 61 -22 42 -24 -25 38 -27 -28 57 55 -31 31 -33 -34 -35 -36 -37 -38 -39 -40 -41 59 -43 44 -45 49 -47 47 -49 -50 -51 51 52 -54 -55 -56 -57 58 -59 -60 -61 -62 -63
leaf_value=-0.023230522880759316 -0.028356708553455678 0.026539957265763844 0.040011514178325269 -0.0033214245314297608 0.042692062729807287 -0.012741027474836061 0.00068999353831705843 0.018686433617176184 -0.0065460259208749878 -0.017714338128349022 0.0063189375108258679 -0.00013334282528157929 -0.0011982818300031619 -0.0039870043339243428 -0.019819497679224297 0.0039426729424701353 0.0095517505496989334 -0.021074900552665761 -0.012355811981366182 -0.015353934194725216 0.0021709875657544347 -0.0095011622234409347 0.012933653989799699 -0.02641550514667166 0.01616978881944629 0.033109883005672663 0.012364436638791797 0.0092148367333891278 -0.0039204151618926902 -0.018343698569587338 0.0419253426564958 0.0070620370451114165 0.028055014180247157 0.00084415336780801565 0.0005443443443069047 -0.0088017641130600927 -0.021076164335637328 -0.015305031245792878 -0.024714580240516912 0.020622282212050893 -0.0025630306085336566 0.0067732861729791873 0.037266255352813429 0.022827179730726496 -0.0035897744984999128 0.029356158095250547 0.0015349685321040226 -0.014268696789787797 0.035996229139551437 0.014094821816854406 -0.014539444820676123 0.009499616177941924 -0.0053999290442684677 0.028791096231898457 0.019994084739630495 -0.021650900194210884 -0.014223642300232365 -0.01009018662682732 0.01472853109729985 -0.015922537136613714 0.0076147212706573061 0.00080211902513257138
leaf_weight=258.17482930235565 189.78419531323016 89.199964068830013 57.519411720335484 537.50287496484816 25.93862121924758 605.98017806559801 496.9998767003417 546.85810450837016 871.18162128701806 352.8174100741744 849.50683530792594 847.08315629884601 1561.441424973309 438.36143581941724 329.46611503139138 157.19130669161677 213.65612995624542 126.96167340129614 101.37617142125964 340.78720573522151 815.09713584184647 193.2653550952673 51.040364131331444 39.899708732962608 31.816071696579456 93.49130691960454 380.16887100040913 441.21383539400995 595.94765279442072 255.36405812762678 76.968536509200931 62.119493652135134 62.724497225135565 1545.0375788062811 258.48017036169767 157.77151939831674 121.47124771028757 198.05144327692688 52.873501311987638 550.32857530750334 285.86472703516483 763.33476378954947 42.437391512095928 44.783160500228405 145.03729265555739 134.51347172260284 71.11605304479599 41.285763178020716 71.957945425063372 313.84888346120715 55.628603020682931 360.00642371922731 256.20872139371932 114.26616252213717 83.320662129670382 114.35512224026024 68.484920464456081 96.359206352382898 68.432400278747082 379.53841894865036 251.90829130634665 163.30915402807295
leaf_count=3722 3384 491 272 3231 226 4441 2641 2573 7082 2113 4702 5809 9636 2992 5427 983 922 853 610 4301 4073 1043 249 200 291 481 1792 2625 6619 2560 437 329 479 7537 1277 1889 888 1471 337 3329 1585 6230 307 239 726 585 417 240 429 1517 355 1908 1588 616 405 1703 460 613 380 2837 1433 1540
internal_value=0.000152253 0.00112278 0.000293697 0.00193382 -0.0053988 0.00141419 0.00218134 0.00309597 0.00177083 -0.0032372 -0.000803485 -0.00979346 0.00372118 -0.0030401 -0.00661602 0.00564279 0.00703612 0.00187073 -0.00736533 -0.0151479 0.00796301 0.0116289 -0.0138186 0.00482242 0.0114794 0.0129665 0.0160806 0.0121066 -0.0109414 -0.0073392 0.0112224 0.0265163 0.004181 0.00347233 0.0101535 0.00519981 -0.00491673 -0.00302024 -0.00934573 0.0169273 -0.00554474 0.00800625 0.00639084 -0.0033493 0.0110133 0.0172652 0.000612145 0.0115103 0.0189965 0.00850971 0.00897806 0.00714786 0.003306 0.0164475 0.00616342 -0.00680136 -0.0100516 0.00574213 0.000248762 -0.0101956 0.00186541 -0.0101287
internal_weight=18906.9 17226.8 15950.9 12383.6 3567.29 11945.9 10986.6 9824.22 7722.9 2164.45 1760.59 1680.14 5558.45 2873.41 1662.49 3997.01 3459.5 1210.92 959.265 693.881 2101.33 1286.23 403.858 889.407 1275.9 1191.21 437.688 1245.09 1039.77 1421.97 1097.72 139.088 2214.41 2151.69 606.65 947.045 1166.61 1045.13 84.6896 707.52 1162.4 789.273 739.372 238.049 501.324 348.17 622.721 184.36 143.074 458.886 958.631 869.431 616.215 253.215 138.949 710.303 263.879 537.573 136.917 665.403 353.284 504.096
internal_count=130430 115980 108742 71652 37090 69588 63104 56041 45563 14346 11984 14450 31217 27865 17827 21581 18350 10038 6484 9225 10478 6405 2362 4902 7238 6610 2064 7550 13749 10728 6129 766 10800 10321 2784 8345 8168 7280 628 4312 7063 6456 3832 1282 2550 1507 4078 1086 846 2243 5363 4872 3496 1376 760 8322 1693 3238 840 4422 2043 5841
is_linear=0
shrinkage=0.05


Tree=62
num_leaves=63
num_cat=2
split_feature=40 51 55 61 67 68 40 96 63 21 100 57 23 52 9 68 54 55 55 26 90 31 102 8 26 91 56 33 38 54 55 55 56 92 55 62 101 10 33 49 47 5 60 64 82 110 60 70 19 10 91 53 110 55 28 26 99 33 70 101 9 47
split_gain=68.3012 43.3698 41.8249 31.8125 31.1394 29.1619 25.8713 24.5275 23.0131 22.0404 21.389 19.7707 19.5525 19.2093 17.9453 17.9183 18.8462 24.1207 20.7182 16.5417 16.425 16.7513 16.5618 16.2314 17.2004 16.6725 17.6385 15.9694 15.2413 14.9029 24.367 23.6891 17.9747 14.5436 13.7223 16.9791 13.6281 13.6729 13.5228 13.7271 14.3265 13.5161 13.4671 15.7458 15.2303 13.3448 14.7461 13.0664 12.9342 12.6883 12.5834 11.6323 11.5634 11.4877 12.9332 15.3852 11.373 11.3438 14.557 11.3168 11.2823 14.4168
threshold=15.500000000000002 0.80138571258076408 -0.28263785572768013 0.13484848484848486 37.850000000000001 12.65 7.5000000000000009 34.251666666666672 0.56066176470588247 0.49459443665264147 6.5000000000000009 0.33227402676856493 0.16297041508309118 0.12916666666666668 188.50000000000003 13.15 0.6972222222222223 0.57459829308569554 0.54275609575037664 0.11776653304960329 0.17424242424242428 5.5000000000000009 0.22099650335467019 0.087121212121212141 0.15636051233989381 0.82575757575757591 0.24176248292667102 469.00000000000006 0.97222222222222232 0.9076704545454547 1.0736250723834104 1.2184812438492763 0.89907733558008018 8.5000000000000018 0.28280594099096962 -0.49836099508345744 3.0999999999999983 205.00000000000003 437.00000000000006 -1.3426315221908103 1.3750000000000002 0.55556139122315595 -0.40441170679127009 0.15416852116781019 0.023479853479853433 0 -1.8271965196827478 0.12034482758620781 0.57738095238095244 15.000000000000002 0.18350168350168353 -0.54377875252250385 1 -2.0388140832194339 0.073282613560080576 0.22359473497634133 35.050000000000004 497.00000000000006 -0.19999999999999837 0.14999999999999861 27.500000000000004 2.2500000000000004
decision_type=2 10 10 8 10 10 2 8 10 10 10 8 10 10 10 10 10 10 10 8 8 2 10 8 8 10 10 2 2 10 10 10 8 2 8 8 10 10 2 10 8 10 10 10 10 1 8 8 8 10 8 8 1 8 8 10 8 2 8 10 8 8
left_child=2 4 3 -1 5 10 -4 11 47 13 20 33 -3 -8 23 16 18 28 36 -6 22 27 -2 -9 -25 26 53 51 -18 30 32 -31 57 56 60 -36 37 -15 -14 -40 -41 59 -12 -44 -45 -29 -47 -7 -24 -13 -33 -22 -28 -26 55 -55 -5 -19 -59 -10 61 -21
right_child=1 12 6 7 19 8 9 14 41 -11 42 49 38 15 -16 -17 17 29 -20 34 21 -23 48 24 25 -27 52 45 -30 31 -32 50 -34 -35 35 -37 -38 -39 39 40 -42 -43 43 44 -46 46 -48 -49 -50 -51 -52 -53 -54 54 -56 -57 -58 58 -60 -61 -62 -63
leaf_value=-0.023345187434999044 0.036219418246849343 -0.023767132756942283 0.023320862606988138 0.055975763115600929 -0.024753905470053458 -0.020333803849183579 -0.0089914233388396908 -0.015350581143650725 -0.0010925824228443773 0.016775863767928608 -0.020379307593590471 0.012124281373135461 -0.033052773053655643 0.0095508085287033511 -0.03033271638016613 -0.0046553353958089646 -0.0067342081292556429 -0.0012779670584567196 0.029574924573430111 0.0030050990827005341 -0.0094827832990688754 -0.011187509399787686 -0.018498732884952442 -0.0087636355358494053 -0.023285052373282655 -0.021311147357211825 0.016559921281115986 0.0012853147729641906 0.018523721071250287 -0.0072805098494054411 0.028656475148023549 0.018797824100357564 0.018171540270556865 0.0015052191155231886 -0.027587389381449657 0.00061486817703006115 -0.010477965550825245 -0.0060849726830645547 -0.038477834339684616 0.0066611526272277472 -0.014085116861829217 -0.011770241410146279 -0.015058656268948856 0.037401310390103408 -0.0022288622330897856 -0.02110007269710892 0.010510139004766139 -0.00539958349057935 0.018746866995559022 -0.01595572165810032 0.0036141066611596259 0.0010997321927623384 0.0034152658329037072 -0.0033502538724776536 -0.0020741097259852678 0.024017385696193928 0.020666940254582877 -0.0034627326468275456 0.028404199392431807 0.015513575188317801 -0.013763063132878575 -0.023412736332740124
leaf_weight=160.7631523180753 70.02454399690032 334.55832577869296 187.10325863398612 44.570085996761918 131.59517808444798 351.09578548930585 278.27034378796816 195.83003161102533 377.34304720908403 346.06765411794186 168.02857413701713 105.78389021381736 45.149596041068435 1967.3047538977116 53.848601471632719 496.8686573728919 744.29779825173318 502.88089177571237 111.81576200947165 252.1754984036088 319.83750692568719 229.22392969578505 37.118456084281206 512.86537272855639 54.586266782134771 77.341673240065575 267.32298099249601 972.78303507342935 63.970687700435519 466.12006052024662 145.66895050182939 172.23595289327204 244.4441594555974 38.963582888245583 56.600162852555513 725.98167650215328 98.834579586982727 149.84672741219401 26.281996851786971 207.37816688977182 137.55678204074502 203.17411635071039 103.04431799426675 37.51735795289278 65.140405002981424 37.303759023547173 1071.838896561414 252.40780806355178 59.086681786924601 63.555485349148512 646.15840033814311 1361.3136282209307 466.48740401118994 94.573017572984099 1218.574146348983 110.80958025716245 49.442168295383453 63.040156289935112 81.452334273606539 139.84602534770966 706.58849289827049 63.889794703572989
leaf_count=2270 466 6979 905 271 1535 3879 2586 1003 2131 1520 1221 606 755 11749 416 3584 4316 2978 628 1788 2345 1590 230 4821 506 349 1426 5221 358 2633 778 1063 1234 269 544 4755 689 1107 382 2397 1814 1423 863 214 380 239 5765 2286 338 389 3333 7212 2475 845 9019 761 320 381 433 787 6033 433
internal_value=-9.13805e-06 -0.00331274 0.00273614 -0.00168792 -0.00220594 -0.000387855 0.00503447 -0.000643369 -0.00691335 0.00451097 0.00151934 0.0129176 -0.0147806 0.00382744 -0.00199034 0.00442787 0.00525545 0.00272043 0.00866173 -0.0077 0.00254976 0.00190621 0.0179021 -0.00147139 -0.000496442 0.00135833 0.0021601 0.00270656 -0.00471474 0.00530947 0.00976364 0.00170709 0.00664906 0.0272695 -0.00644382 -0.00145746 0.00759362 0.0084418 -0.00752019 -0.00433431 -0.00162906 -0.000875459 -0.00992252 -0.00132358 0.0124755 0.00563244 0.00934477 -0.014107 0.00433407 0.00155365 0.00682865 -0.000918022 0.00849165 -0.000985899 -0.000115337 0.0114602 0.0378194 0.00227692 0.0145728 0.00341893 -0.0102545 -0.00239203
internal_weight=18825.6 8543.88 10281.7 3515.32 7792.96 5856.13 6766.38 3354.55 1323.87 6579.28 4532.26 302.315 750.925 6233.21 3052.24 5954.94 5458.07 3130.27 2327.8 1936.83 4158.53 3992.3 166.23 2998.39 2802.56 2289.7 2212.35 3763.08 808.268 2322 1037.49 1284.51 891.818 132.976 1805.24 782.582 2215.99 2117.15 416.367 371.217 344.935 720.363 373.731 205.702 102.658 2081.93 1109.14 603.504 96.2051 169.339 818.394 1681.15 733.81 1478.54 1423.96 205.383 94.0123 647.373 144.492 517.189 1022.65 316.065
internal_count=130026 64005 66021 25746 51678 36590 40275 23476 10506 39370 26084 1855 12327 37850 21621 35264 31680 17507 14173 15088 23406 22372 1034 21205 20202 15381 15032 20782 4674 12833 5804 7029 5026 860 13553 5299 13545 12856 5348 4593 4211 4341 2678 1457 594 11225 6004 6165 568 995 4396 9557 3901 11131 10625 1606 591 3792 814 2918 8254 2221
cat_boundaries=0 1 2
cat_threshold=613 43
is_linear=0
shrinkage=0.05


Tree=63
num_leaves=63
num_cat=5
split_feature=40 26 9 71 13 62 40 12 62 8 53 87 9 31 26 53 42 33 29 102 96 69 21 66 49 20 69 110 67 81 31 2 115 8 51 51 28 110 24 33 2 9 33 67 91 81 68 46 61 0 110 104 110 26 38 1 67 54 39 87 51 67
split_gain=57.5841 56.1267 47.8783 40.9847 34.4121 33.5853 31.5201 26.1527 28.1985 26.0054 24.7686 23.8534 23.7242 22.3064 20.1448 18.5628 18.4751 18.4233 18.2297 17.4279 15.3742 14.3725 20.5888 15.471 16.1477 14.363 14.2132 14.068 13.9828 13.5988 13.5402 13.9254 14.8675 13.5366 13.3909 13.3079 14.0627 13.1161 17.8247 19.1596 13.0429 12.8161 12.4207 12.381 13.956 13.0945 12.4805 12.3065 12.6341 12.2258 12.1101 12.0557 12.0217 15.7468 12.0662 12.6513 27.157 11.8493 11.7696 11.5901 11.5231 12.6366
threshold=16.500000000000004 0.10931824986656601 181.50000000000003 2.5000000000000004 1.5000000000000002 -0.089672627429236776 6.5000000000000009 1.0000000180025095e-35 0.79786151874849709 0.48529411764705888 -0.99468299583707964 0.26458434613514831 17.500000000000004 5.5000000000000009 0.38046896363139193 2.2160154371699052 7.5000000000000009 469.00000000000006 0.19973219429748965 0.17205295773527104 38.503125000000004 -1.966666666666663 0.19261309249731087 3.5000000000000004 1.6473192106405941 1366.5000000000002 0.75000000000000189 0 24.250000000000004 -0.035382175530468164 2.5000000000000004 0.10912698412698414 1 0.19375000000000003 -1.0559337751737676 -0.11623645339744025 0.18188768418126219 2 0.42481203007518803 415.00000000000006 0.17519181585677754 62.500000000000007 477.00000000000006 38.250000000000007 1.0000000180025095e-35 0.068700519265645979 12.950000000000001 1.3791666666666671 0.77525252525252542 13.500000000000002 3 38.986729559748433 4 0.18499006343447941 0.24264705882352944 0.1126984126984127 23.950000000000003 0.81534090909090928 2350.0000000000005 0.24612379807692311 1.5554072487616992 26.650000000000002
decision_type=2 8 10 10 10 8 2 10 10 10 8 10 10 2 8 10 2 2 10 10 8 10 10 10 8 2 10 1 10 10 2 10 9 10 8 8 10 1 10 2 10 10 2 10 8 10 10 8 10 2 1 10 1 10 2 10 10 8 2 10 10 10
left_child=1 9 3 4 5 12 -7 11 20 17 28 13 -3 14 15 37 -15 34 27 -12 40 22 30 24 41 33 -10 58 -2 -29 -13 -32 -33 -26 -1 -21 42 51 39 -39 -9 57 -37 44 45 -41 -47 -6 -49 -19 -16 -8 53 -20 -55 56 -56 -23 -14 -40 61 -54
right_child=10 2 -4 -5 47 6 7 8 26 -11 19 21 18 16 50 -17 -18 49 52 35 -22 23 -24 -25 25 -27 -28 29 -30 -31 31 32 -34 -35 -36 36 -38 38 59 43 -42 -43 -44 -45 -46 46 -48 48 -50 -51 -52 -53 60 54 55 -57 -58 -59 -60 -61 -62 -63
leaf_value=0.010064978445347081 -0.0048632650249620666 -0.013063616090562306 -0.015819378654777637 0.025310878119946936 0.013243633513056767 0.038251843030136574 0.011033967952307286 -0.023228363815366512 -0.00037966656120235425 -0.022356501629062685 -0.017436550607534452 -0.0030698440170646209 -0.0023243809526779743 0.009867357469513123 -0.002205658688203493 0.016578626078952899 -0.013390005545525841 0.00088144257715106443 -0.015791288743409432 -0.0004020594222928208 -0.029061903307275667 0.0016585187276681246 0.0058847414008342674 0.0085782153450888205 0.01608543420108113 0.030752548640139335 0.02469688835375428 -0.0043520125953799976 -0.036528565342813922 -0.022086364238603658 0.026840719069311791 0.02131738795311925 -0.015685245172568595 -0.014957300937508737 -0.019616761802435816 -0.0046240720539754169 -0.01286097506083753 -0.021520524699738256 0.0075268717899796183 0.017043230504135254 -0.0032345629847350802 -0.02521625078698991 0.036560239226926659 -0.0067029419906436925 -0.0011091097661543566 0.0050156064183114095 -0.024579216337341038 -0.0024308567762189016 0.020523627403151223 0.035228378122773574 0.02154598206139767 -0.0070208353796650863 0.01376175396663438 -0.011971993482285975 0.04212230220497365 -0.0013073661846318095 0.0022822004515753291 -0.012297545380452612 0.038133123164559961 -0.017463609585225102 -0.016534687417345234 0.00098725760807828549
leaf_weight=45.865914173424244 50.895905327051878 539.03295385278761 385.48578389175236 185.24590396881104 826.64303600043058 59.723431546241045 507.10047104582191 111.91750755161047 635.70846373215318 337.15062611736357 299.41836798749864 63.806873314082623 306.6000718921423 106.34547440707684 78.1004285402596 193.63400584459305 419.83120284974575 239.60562846437097 182.44549719430506 906.68744559213519 120.79662680625916 636.22548249736428 992.84170332178473 852.84754660725594 81.789620697498322 68.149119503796101 61.016008488833904 198.09101914055645 112.0827055554837 238.53219244629145 319.5430506542325 65.162458270788193 45.113896302878857 60.015035763382912 206.37520173750818 52.694426702335477 533.27725283429027 115.51495645567775 870.08356913179159 222.65738463401794 295.3188334107399 61.13110090047121 26.901313092559576 740.27946187183261 2404.8331849407405 280.04178116843104 39.797193834558129 293.64863998815417 74.269418478012085 28.057246260344982 191.20810107514262 112.30115254595876 375.46484308131039 159.30906188488007 58.299686752259731 470.44281775318086 153.94153582304716 198.79798193275928 18.092189053073525 48.074357889592648 53.856560399755836 398.86480701901019
leaf_count=210 384 5877 2864 869 4464 279 3146 702 2939 5058 2593 321 3770 660 395 849 2932 1722 2172 4690 757 3729 4559 4741 350 296 285 2059 1625 3369 1692 326 243 274 1800 562 4784 990 4076 1288 1508 416 233 5805 14665 1883 351 1869 337 189 1032 687 2927 1343 367 3276 2045 1044 191 222 924 4087
internal_value=-5.29665e-05 0.000896242 0.00156516 0.00199593 0.00171399 0.00102859 0.00232634 0.00212783 -0.00475716 -0.0115616 -0.00811206 0.00299086 -0.00352285 0.00116823 0.00206242 0.00141118 -0.00867966 -0.00453175 -0.00155116 -0.00643015 -0.0134604 0.00633801 0.0100441 0.00352212 -0.000380531 0.0120671 0.00184867 -0.00805936 -0.0267299 -0.0137545 0.0183811 0.0215652 0.00617474 0.00293469 -0.0142012 -0.00425138 -0.00993615 0.000858258 -4.78319e-05 -0.00155775 -0.00877274 -0.003307 0.00957609 -0.000926748 0.000525838 0.00776211 0.00126803 0.00986111 0.0022459 0.00459952 0.0153907 0.00763148 0.00112622 -0.00249263 0.000374712 0.0032692 0.0133719 -0.0016748 3.89197e-05 0.0062008 0.00556319 0.00719125
internal_weight=18817 16835 15978 15592.5 15407.2 14212.7 11059.7 11000 1224.76 857.055 1981.96 9775.23 3152.97 6329.8 5803.63 5534.32 526.177 519.904 2613.94 1818.98 528.033 3445.42 1486.47 1958.96 1106.11 209.954 696.724 761.315 162.979 436.623 493.626 429.819 110.276 141.805 252.241 1519.56 612.873 5340.68 4721.28 3803.12 407.236 896.155 79.5957 3687.61 2947.33 542.496 319.839 1194.56 367.918 267.663 269.309 619.402 1852.62 1024.44 841.993 682.684 212.241 835.023 324.692 918.158 828.186 774.33
internal_count=130102 115231 106252 103388 102519 95849 63442 63163 6191 8979 14871 56972 32407 38981 35389 33962 3592 3921 26530 12862 2967 17991 7141 10850 6109 920 3224 9389 2009 5428 2582 2261 569 624 2010 10269 5579 33113 29280 24982 2210 5189 795 23992 18187 3522 2234 6670 2206 1911 1427 3833 17141 9203 7031 5688 2412 4773 3961 4298 7938 7014
cat_boundaries=0 1 2 3 4 5
cat_threshold=372 4 264 284 645
is_linear=0
shrinkage=0.05


Tree=64
num_leaves=63
num_cat=1
split_feature=72 58 26 71 80 31 3 107 22 71 59 68 10 115 10 33 81 26 80 101 39 1 67 103 7 91 41 30 79 95 50 107 60 95 33 51 21 5 82 26 48 59 33 102 7 38 58 63 51 5 9 88 55 20 104 97 95 50 0 38 28 41
split_gain=62.8081 49.3289 41.0554 29.9796 28.4529 23.0348 22.1446 22.1119 20.8823 20.5035 20.3413 20.0537 19.2136 19.0834 18.9844 20.0911 18.8328 18.5001 17.5543 17.0651 19.2294 15.408 19.6691 18.7894 16.4456 17.9381 16.4223 15.4923 17.5289 14.8599 14.5906 14.5376 14.5095 14.2822 14.0538 14.0057 13.6682 13.6395 13.1919 12.9667 12.9244 12.5427 12.5371 12.5246 12.2064 12.044 11.993 11.957 11.9237 11.8133 11.813 11.7282 11.7043 12.7293 11.6699 16.4891 13.2516 11.6389 11.5755 11.9915 17.2461 11.5709
threshold=1.0000000180025095e-35 0.27820220747426028 0.20442459551799111 2.5000000000000004 0.62019230769230782 4.5000000000000009 0.46651369718924868 13.500724637681161 0.20740052791084176 1.0000000180025095e-35 0.41114059156709887 12.850000000000003 15.000000000000002 0 45.000000000000007 415.00000000000006 0.12848942407742867 0.16280348965129074 0.45804195804195807 0.099999999999997882 1850.0000000000002 0.067816091954023008 26.150000000000002 0.22583630044082742 3.5000000000000004 0.38675213675213682 1.0000000180025095e-35 0.19741538363659503 0.41421568627450983 31.450000000000003 0.07417582417582419 35.277418513689703 -1.5920436695917453 36.350000000000001 481.00000000000006 1.5814852946292846 0.12622040060458342 0.38106601731601736 0.11805555555555557 0.23839203514728222 0.41987179487179493 0.083479879953079303 513.00000000000011 0.18081686296315022 3.5000000000000004 0.91287878787878796 1.174071515876973 0.74264705882352955 -1.1508300945804035 0.4666712454212455 35.500000000000007 1.0000000180025095e-35 0.25444236493192912 1402.5000000000002 35.72289901129944 1.5000000000000002 38.550000000000004 0.1408730158730159 11.500000000000002 0.88562091503267981 0.21228560227384105 2.5000000000000004
decision_type=10 10 10 10 10 2 10 8 10 10 10 10 10 9 10 2 10 10 10 10 2 8 10 10 10 10 2 10 10 8 8 8 10 8 2 8 8 8 10 10 10 8 2 10 10 2 10 10 8 10 10 2 10 2 8 8 10 10 2 2 8 2
left_child=2 9 4 5 11 8 17 -8 14 -2 -5 12 13 42 15 -4 43 -6 47 37 -21 22 36 39 26 45 27 -23 48 -7 -31 -15 -27 61 -33 49 -17 -16 -39 -24 -38 -14 -1 -3 50 -26 -18 51 57 -9 -22 -11 -53 -54 55 -28 -56 -29 59 60 -34 -19
right_child=1 16 3 10 6 29 7 35 -10 18 -12 -13 41 31 19 21 46 33 -20 20 44 24 23 -25 25 32 54 28 -30 30 -32 34 58 -35 -36 -37 40 38 -40 -41 -42 -43 -44 -45 -46 -47 -48 -49 -50 -51 -52 52 53 -55 56 -57 -58 -59 -60 -61 -62 -63
leaf_value=0.0075362128276755466 -0.032511483953417547 -0.0083789995121073182 -0.013636571219576333 0.041522001090822436 -0.0097918522271751157 0.011299188103401369 0.021240883844374114 0.012933082277635601 0.013394502134702533 -0.002406904304468778 0.0088218891335363654 -0.0090698628207901213 -0.023820654758469006 0.007715394911517794 -0.011523796211425782 0.040266189560117231 -0.011121403807824766 0.016295665972144897 -0.020283272271544271 -0.0017111287311279049 0.026098424660619603 -0.00066901813250907669 -0.021012409978444821 0.01628591491517516 0.015545488763346441 -0.018923982297616673 0.00021630504515240566 0.011073238261527755 0.039387003836744955 -0.027155568639666467 -0.0027917480414467529 -0.0078107441822341311 0.04085301305311264 -0.005857659522786357 0.0048695008156843366 -0.037576016186077192 0.0081985972164914222 -0.0031100878267023117 0.016142775356882379 0.0028674146002832645 0.025887812004699487 -0.0030423968078868227 0.02714798727471833 0.0038900740399156449 0.040914302218830745 0.043809813303166308 0.0022606752272076049 0.025413583249451661 0.0051098042365468714 -0.013794925295358166 -0.0069652136290831515 -0.022513264974157409 -0.0123166306277193 0.020521917290280231 0.0032055913295024421 -0.016623385213623228 -0.018660225029035228 0.034416858085605705 -0.015093614391637124 -0.011415731528807522 0.0088958605979754489 -0.0056793994148710836
leaf_weight=896.70028256624937 130.85072107054293 250.1109524499625 145.59242691099644 81.155387617647648 394.80521693453193 181.49642773345113 45.626633139327168 42.753449928015471 548.12715300172567 388.13931524939835 114.62640246376395 476.59223719872534 82.956594550982118 441.9318048581481 441.35513032227755 58.103475378826261 626.5575891174376 246.58923006430268 395.10875758714974 231.39579320885241 58.585227102041245 599.46893015503883 89.001414006575942 155.00652423873544 292.30393816716969 59.296709414571524 373.10428859293461 228.02363063395023 45.070304069668055 62.950995981693268 1585.7291762325913 607.09825308062136 51.614592351019382 203.98499765247107 340.23728235438466 58.684527777135372 288.65342992171645 635.55432466045022 102.42990256287158 153.77185143344104 161.1089458335191 541.67712694779038 88.899022448807955 1211.559668444097 50.537628676742315 42.860102776437998 227.93650013394654 25.935129761695862 918.69167479127645 827.2435916364193 48.798936868086457 212.33010464534163 125.62865265272558 37.512035567313433 1256.9276845436543 237.13216156885028 72.339802414178848 69.493468835949898 48.179006367921829 49.697925329208374 218.49239006638527 78.456255447119474
leaf_count=5488 2324 1825 1057 382 2410 891 337 414 2402 4020 526 4305 781 2749 2474 486 5270 1340 5922 1442 335 3206 904 1387 1640 310 1871 993 255 281 10853 4445 260 1180 2258 1335 1889 4258 681 1441 872 3570 516 7348 271 236 1575 140 4843 9561 289 2191 1061 237 6603 1290 428 299 235 239 1049 508
internal_value=-0.000150584 -0.00605452 0.00126677 0.00319964 -0.00224222 0.00280172 -0.00716377 -0.0124186 0.00399576 -0.0137829 0.0225188 0.000446508 0.00196109 0.00401335 0.00327675 0.00463537 -0.00166103 -0.00161437 -0.0116885 -0.00158539 0.00747901 0.00512426 0.0110789 0.00274176 0.00394016 0.0106373 0.00259407 0.00594844 0.00909166 -0.00224135 -0.00373792 0.000236896 0.00382913 0.00449528 -0.00325628 -0.0140934 0.0175906 -0.00458148 -0.000419622 -0.00593729 0.0145784 -0.00583559 0.00933088 0.00178638 0.0208709 0.0192794 -0.00755326 -0.00736727 0.00793754 -0.0124681 0.0111476 -0.00851241 -0.0148008 -0.00468682 -0.000625496 -0.00634393 0.0020025 0.0166228 0.0075369 0.0109826 0.0151307 0.0109904
internal_weight=18762.6 3631.67 15130.9 9756.68 5374.24 9560.9 1898.14 974.308 7730.72 1315.5 195.782 3476.09 2999.5 2374.87 7182.59 5613.93 2316.16 923.836 1184.65 1568.66 389.318 5468.34 905.646 397.78 4562.7 762.445 3800.25 1860.75 1261.28 1830.18 1648.68 1389.27 427.281 529.03 947.336 928.682 507.866 1179.34 737.984 242.773 449.762 624.634 985.599 1461.67 157.922 335.164 854.494 789.545 1216.21 869.997 107.384 763.61 375.471 163.141 1939.5 610.236 1329.27 297.517 367.984 319.805 270.107 325.045
internal_count=129988 31913 98075 56878 41197 55970 17085 11647 43945 15895 908 24112 19807 15456 41543 31793 16018 5438 13571 9750 2337 30736 6979 3732 23757 3969 19788 9596 6390 12025 11134 9452 2093 3028 6703 11310 3247 7413 4939 2345 2761 4351 6004 9173 895 1876 6845 7649 6135 9975 624 7509 3489 1298 10192 3161 7031 1292 1783 1548 1309 1848
cat_boundaries=0 1
cat_threshold=4
is_linear=0
shrinkage=0.05


Tree=65
num_leaves=63
num_cat=2
split_feature=40 33 8 13 48 10 81 58 52 83 33 49 96 68 26 59 6 103 97 42 87 62 26 2 9 23 67 68 70 39 82 68 40 27 61 38 52 42 5 47 102 39 84 49 39 69 70 70 104 11 4 112 59 97 110 82 54 21 104 25 46 91
split_gain=53.6053 56.9021 49.6531 42.0857 36.3736 29.8666 25.6682 24.8193 18.8492 18.421 18.054 17.74 17.7155 22.2413 19.3668 17.1127 16.4403 15.4832 14.7205 14.0679 13.7788 13.7614 13.5487 15.3294 16.8925 12.5694 12.4462 12.0935 19.5613 16.4953 12.3858 13.184 12.0867 12.0396 11.9873 13.0357 11.9616 11.8907 11.8321 12.0048 11.8225 11.7527 11.5763 11.5572 11.4316 12.5671 11.4217 11.3041 11.2899 11.6482 19.8962 11.2279 11.0946 11.085 11.0068 13.0863 12.632 10.8974 10.6381 10.6316 10.5798 14.8944
threshold=11.500000000000002 433.00000000000006 0.83974358974358987 2.5000000000000004 0.19722222222222227 15.000000000000002 0.5601835503816236 1.0000000180025095e-35 0.41042780748663105 1.0000000180025095e-35 515.00000000000011 -0.58564600917215492 33.902941176470598 12.850000000000003 0.10631485188048059 0.45560676777350756 35.116666666666681 0.21321557592210624 1.5000000000000002 4.5000000000000009 0.49738948833971464 1.2038058912683092 0.1035404487520579 0.09232954545454547 20.500000000000004 0.37509018759018764 25.350000000000005 12.750000000000002 40.451923076923087 1350.0000000000002 0.032142857142857063 13.250000000000002 16.500000000000004 0.26792621723075233 0.9472222222222223 0.069047619047619066 0.17156862745098042 2.5000000000000004 0.77697389416139429 0.35000000000000003 0.2203844750962268 1750.0000000000002 0.13809523809523813 -0.69631874400443816 1550.0000000000002 -1.4245689655172418 -0.70000000000000007 -0.45232683982684113 39.612513982102918 1.0000000180025095e-35 0.67115800865800879 0 0.8872228022892702 6.5000000000000009 1 0.0068939393939394253 0.72474747474747481 0.29073258067990099 35.199773545168291 3.5000000000000004 1.2708333333333337 0.15587044534412958
decision_type=2 2 10 10 8 8 10 8 10 2 2 8 8 10 8 8 10 8 10 2 8 8 8 10 10 8 10 10 8 2 8 10 2 10 10 2 8 2 10 8 8 2 2 10 2 10 10 10 10 2 10 1 10 8 1 10 8 10 10 2 8 10
left_child=12 7 3 4 53 6 10 -2 -4 11 17 -7 13 21 -14 16 -8 34 25 -12 54 -1 -19 24 59 -11 58 29 30 57 31 -29 42 43 35 -6 -20 -36 -31 -40 -27 -35 47 -5 45 51 -22 -17 49 60 -51 -26 -25 -3 55 -21 -56 -13 -9 -24 61 -16
right_child=1 2 8 33 5 9 15 26 -10 18 19 27 14 -15 48 32 -18 22 36 20 46 -23 23 52 44 40 -28 28 -30 38 -32 -33 -34 41 37 -37 -38 -39 39 -41 -42 -43 -44 -45 -46 -47 -48 -49 -50 50 -52 -53 -54 -55 56 -57 -58 -59 -60 -61 -62 -63
leaf_value=0.033942301735015612 -0.027141739564177758 -0.0090045612434614449 -0.020676564678881106 -0.013814589608517482 -0.020555453868226964 -0.014724547579754253 0.0048102716359372903 -0.018555509170223264 -0.0061122271453112852 -0.013238709333241777 0.025914338680497598 0.020811984394370792 -0.015109295955240085 -0.01727471102982147 0.014526566508069043 0.0039772367543050701 -0.016888007483269983 -0.017513819091256173 -0.024165775540060531 0.024570551895933823 0.038640665734011981 0.011211305653501896 0.0030673901464071851 -0.0046625756928794062 0.013900826572701542 -0.017156727132459432 -0.012326079946351313 0.017877930017318449 0.013547742079043452 -0.00036188375272772988 -0.018128331499587112 -0.02245669871797434 -0.014840461727636057 0.012984145024027303 0.027590880215121974 -0.00097976253295411694 0.0021904260995925856 0.0032988927218166905 0.044170665166448735 0.0054198954628532818 0.0093833609280593675 0.049007988436102004 0.016296790860539104 0.014461799999724106 0.0071282562494918754 0.0086093532607042726 0.0068942296153765049 -0.0074183376947090851 0.017942765818224838 -0.018169808922481857 0.015367172723892562 0.032773436234074228 0.004647516993280104 -0.02597488832753167 0.036246181487437537 -0.0079805422628251785 -0.0023120460026871651 -0.0038384078184212989 0.0020201958512408159 -0.02037195131994118 0.0019989032173967553 0.0039148004123983416
leaf_weight=126.39574987068772 206.89623352512717 352.93801790103316 355.23864937573671 40.149568565189838 88.150633882731199 204.6846935544163 115.5773208886385 75.282849360257387 593.6913080252707 874.89926663599908 137.59169901907444 175.20193482190371 123.21336031891406 40.899695243686438 559.9157620575279 577.06163974665105 351.06637257523835 65.136043528094888 46.553733538836241 35.171781226992607 55.330033604055643 142.63639154285192 445.82769291289151 486.65912018716335 163.11368554830551 60.652862237766385 733.15222808159888 56.50686844997108 89.882621927186847 1798.6346889473498 253.66540857776999 30.29930092394352 124.72505715303123 45.304779740050435 66.253716215491295 1849.2622284144163 453.46120418421924 202.10837742313743 28.748455513268709 61.944100987166166 130.38608217425644 46.300710335373878 117.31056662835181 306.39748845435679 734.53516332618892 276.34156975895166 58.070892110466957 348.01590531505644 159.60330724157393 135.20990869775414 64.59005918353796 156.29732212238014 929.92832013219595 132.38194867037237 45.83599965646863 210.36528741195798 38.661726128309965 59.762800954282284 355.13688989169896 53.252589333802462 1327.4713573176414 808.1369895376265
leaf_count=651 3370 3760 6611 358 557 2080 850 459 6311 6486 769 1318 1162 219 3387 3451 3632 482 463 190 271 715 2408 2695 851 347 6644 413 697 11389 2434 223 823 250 293 11684 2954 898 220 476 633 235 732 1649 4090 1768 321 2395 992 768 716 852 4651 1798 254 1159 198 280 2044 274 7372 3856
internal_value=-0.000227337 -0.00150262 -0.000545813 0.000261706 -0.000270989 0.000269744 0.00213096 -0.01122 -0.0115805 -0.00305699 0.00362208 -0.000598122 0.00536528 0.0167582 0.00424932 -0.00343335 -0.011515 0.00273791 -0.00738657 0.0119982 0.0076316 0.0219769 0.00489936 0.00535438 0.00837682 -0.0107042 -0.00836807 0.000539042 -0.00709436 0.00208808 -0.0125675 0.00370389 -0.000194986 0.0154762 -0.000507404 -0.00188058 -0.000306796 0.00937631 0.000531073 0.0180512 0.000911699 0.0315245 0.00156994 0.0111555 0.0113178 0.0164628 0.0225862 -0.000313181 0.0050348 0.0043173 -0.00730565 0.0232092 0.00144806 -0.0136775 0.00244046 -0.00311085 0.0168164 0.0145525 -0.00161328 0.000530642 0.00518122 0.00826542
internal_weight=18787.9 15299.8 13929.3 12980.4 12542.3 12056.9 7731.65 1370.47 948.93 4325.28 6097.89 2759.33 3488.07 309.932 3178.14 1633.76 466.644 5516.87 1565.95 581.027 443.436 269.032 3311.09 3245.96 1829.37 1065.94 1163.57 2554.65 430.354 2124.29 340.472 86.8062 1167.11 438.153 2205.77 1937.41 500.015 268.362 1889.33 90.6926 191.039 91.6055 1042.39 346.547 1330.29 595.753 113.401 925.078 3054.93 2895.32 199.8 319.411 1416.59 485.32 330.035 245.537 84.4977 234.965 430.42 499.08 2695.52 1368.05
internal_count=130288 110450 97933 85011 82519 76961 46548 12517 12922 30413 34665 19530 19838 1585 18253 11883 4482 31503 10883 3162 2393 1366 18071 17589 10243 7466 9147 17450 3767 13683 3070 636 7401 2492 13432 12241 3417 1191 12085 696 980 485 6578 2007 7561 3471 592 5846 17091 16099 1484 1703 7346 5558 1801 1349 452 1598 2503 2682 14615 7243
cat_boundaries=0 1 2
cat_threshold=4 662
is_linear=0
shrinkage=0.05


Tree=66
num_leaves=63
num_cat=0
split_feature=72 26 58 71 56 96 40 96 71 80 23 12 26 67 61 9 12 40 40 61 8 10 103 106 93 87 83 60 46 97 52 101 39 68 96 58 102 87 40 39 9 42 35 8 59 54 68 67 70 26 19 88 82 93 52 21 61 104 23 38 67 57
split_gain=53.035 36.1049 34.3709 28.1794 26.0821 23.7813 22.762 22.5317 22.4436 21.4368 20.13 18.7575 18.3682 18.6121 18.2687 18.037 17.9361 17.0723 16.8092 16.7885 15.7551 15.3112 15.0884 15.0581 15.0114 14.6375 20.3587 22.8279 17.6863 16.0458 14.4832 14.1826 14.1617 14.0018 17.1899 13.9792 13.8746 13.4098 12.6946 15.8195 12.6777 12.6178 12.6061 12.4779 12.2557 12.1878 12.1027 11.9408 11.7209 11.505 11.3512 11.3079 11.2142 12.0753 11.1903 13.2286 12.5496 11.6449 11.0596 11.5399 11.0563 10.8283
threshold=1.0000000180025095e-35 0.20199750623441401 0.27820220747426028 2.5000000000000004 -0.32129786075764838 34.151190476190486 16.500000000000004 33.902941176470598 1.0000000180025095e-35 0.35504201680672276 0.27782855982124727 1.0000000180025095e-35 0.38046896363139193 24.950000000000003 0.22474747474747478 161.50000000000003 1.0000000180025095e-35 13.500000000000002 10.500000000000002 0.22474747474747478 0.34313725490196084 635.00000000000011 0.19048903965255828 0.42588071154516921 0.11882352941176472 0.14824989824989829 1.5000000000000002 -0.46454837721051073 2.3250000000000006 1.5000000000000002 0.18019480519480521 2.0499999999999976 1250.0000000000002 12.050000000000002 36.002941176470593 -0.53181319937834115 0.20931493719416841 0.057851239669421503 12.500000000000002 1250.0000000000002 28.500000000000004 7.5000000000000009 5.5000000000000009 0.14835164835164838 1.3287643778525375 0.13484848484848486 13.15 40.250000000000007 -0.3499999999999987 0.13239103652648757 0.67948717948717963 1.0000000180025095e-35 0.087500000000000064 0.30217391304347835 0.32843137254901966 0.15717195957988281 0.6132478632478634 38.496465382613231 0.50142857142857156 0.44097222222222227 28.550000000000004 0.055613246081959021
decision_type=10 10 10 10 8 8 2 8 10 10 8 10 10 8 8 10 10 2 2 10 8 10 10 10 8 8 2 10 8 10 10 10 2 8 10 10 10 10 2 2 10 2 2 10 10 10 10 10 8 10 8 2 10 8 8 8 10 8 8 2 8 10
left_child=1 4 8 6 5 -1 7 19 -2 10 -7 18 13 44 -10 21 17 30 -6 -3 24 25 -8 -13 42 28 27 58 35 -28 -4 46 47 34 40 36 -15 -19 39 -35 -16 -14 -20 49 -9 -11 -29 -22 -31 -26 52 -40 -32 -54 56 57 -34 -56 -27 -60 -50 -33
right_child=2 3 16 -5 11 9 22 12 14 45 -12 23 41 15 33 -17 -18 37 20 -21 32 -23 -24 -25 43 26 29 31 -30 48 50 61 54 38 -36 -37 -38 -39 51 -41 -42 -43 -44 -45 -46 -47 -48 -49 60 -51 -52 -53 53 -55 55 -57 -58 -59 59 -61 -62 -63
leaf_value=0.031265301478141959 -0.031650645920358517 0.0038710290060635006 -0.018671799166465046 0.021961681257447636 0.010229483942113024 -0.0064456872900690619 -0.014176637943347493 0.0093787172929094536 -0.024757480066474227 -0.034336219518170501 0.028682675533060028 -0.024378753375116139 0.021682114332871191 -0.0080900522366459792 0.00016113030681856299 -0.013302465161742445 -0.013542436469787495 -0.013548776633195632 0.020149334684572563 0.023838913436546844 0.0055718431106631296 -0.022422431789581566 -0.00060869917216433626 -0.0036321451672369984 0.032990672773533451 0.0014213286469405492 -0.008626972835230156 0.0095305435050186075 -0.012095842406526933 -0.011079788647892842 -0.0036937179480749046 0.0029511978479786587 -0.018213703210424963 0.029810305963195879 -0.022510781855249282 0.00021683024561153929 0.042467331258659653 -0.00073225811651119691 -0.0090384891357066979 -0.0067559358127608719 0.024660614546718779 0.0054965856556940763 -0.0031251209821489545 -0.001988635119078771 0.033895829578161236 -0.013728126615539307 -0.0076706561417068109 -0.023734290141189929 0.033693085856902123 0.0056555341793714034 0.017464024793638101 -0.024456272823953001 0.038094323466556917 0.00054910288912243279 -0.003003841749449062 -0.005138171340588805 -0.00019535226087636812 0.024690312717987925 -0.003909732524234987 0.025447035330168646 0.0060327593520220178 0.03021301310416338
leaf_weight=32.839581659063697 127.25783975236118 191.11988291330636 48.432710528373718 195.37504564598203 411.2097774464637 194.86736938171089 268.58990325778723 298.85349844768643 169.32608210295439 83.609013730660081 50.507162276655436 133.54096871800721 211.20969916135073 20.436569046229124 174.76162325963378 187.26128908619285 276.98488215915859 244.43093621172011 209.88777392730117 234.58344100229442 521.80198045447469 60.715853400528431 854.43306348100305 251.19228437915444 44.87205820530653 2180.6429852712899 502.21185105480254 1449.9334559682757 297.98486841097474 77.962605725973845 199.08966265805066 49.983188001438975 297.80617647618055 34.713209031149745 57.638707173988223 1851.5268594622612 37.806608058512211 1212.4200735930353 298.70871516503394 171.18820167891681 74.675081601366401 280.54789564572275 80.006419710814953 862.61638859659433 60.859491836279631 500.85305659286678 109.28380797430873 36.251121990382671 43.350092705339193 243.55296944081783 246.85919474810362 198.85488922148943 38.786595817655325 46.444720093160868 76.029617194086313 956.07493844814599 142.85978606343269 74.418285574764013 50.3108000010252 97.63577863201499 198.61977399326861 135.61702199280262
leaf_count=280 2329 971 480 901 2337 2115 1879 1801 3346 1398 350 1024 1059 249 1532 1237 1610 2205 1269 1161 4282 436 5404 1284 209 12769 2870 7710 2063 509 1303 367 3781 278 643 11237 338 8540 3497 1356 682 1436 497 4177 310 6514 704 420 266 1110 1350 2259 302 255 727 6613 1166 675 229 447 1066 641
internal_value=0.000143318 0.00144251 -0.00529252 0.00320795 -0.0019314 -0.00986688 0.00283 0.00370152 -0.0117703 -0.0115303 0.000872101 -0.000352896 0.00311837 0.00251992 -0.00960111 0.00197553 -0.00162897 -2.74039e-06 0.000672817 0.0149044 -0.000437932 0.00237668 -0.00386343 -0.0108778 0.003589 0.00259178 0.00411575 0.00556413 -0.000787865 -0.00305844 0.00724793 0.00988666 -0.00319457 -0.00703954 0.00186484 0.000981947 0.0248905 -0.00289044 -0.0109236 -0.000476897 0.00756484 0.0124782 0.0137373 0.00102341 0.0136092 -0.0167298 0.00832079 0.00362907 0.00568238 0.0100075 0.00964192 -0.015237 0.00281304 0.0178786 -0.00565653 -0.00296779 -0.012386 0.0107675 0.00232239 0.0155047 0.0111065 0.0229264
internal_weight=18772.2 15151.7 3620.57 9946.86 5204.8 862.676 9751.48 8628.46 1307.12 829.837 245.375 4342.12 8202.75 7711 1179.87 7351.28 2313.45 2036.46 3957.39 425.703 3546.18 7164.02 1123.02 384.733 1440.94 7103.31 4895.55 4073.41 2207.75 822.144 579.613 1744.82 2105.24 1010.54 307.075 1909.77 58.2432 1456.85 703.465 205.901 249.437 491.758 289.894 1151.04 359.713 584.462 1559.22 558.053 319.932 288.425 531.18 497.564 284.321 85.2313 1547.19 1106.52 440.666 150.448 2328.59 147.947 241.97 185.6
internal_count=130255 98288 31967 58060 40228 10657 57159 49876 15922 10377 2465 29571 47744 45249 13593 43138 16045 14435 27263 2132 24926 41901 7283 2308 7262 41465 27578 22867 13887 4711 3690 9422 17664 10247 2857 11824 587 10745 7390 1634 2214 2495 1766 5496 2111 7912 8414 4702 1841 1319 3210 5756 1860 557 12962 8015 4947 1402 13445 676 1332 1008
is_linear=0
shrinkage=0.05


Tree=67
num_leaves=63
num_cat=1
split_feature=68 9 100 64 13 51 12 110 23 23 51 26 40 26 91 68 66 82 17 73 63 46 0 97 9 81 80 27 23 61 10 79 92 41 99 39 27 57 51 10 7 99 9 22 62 55 10 40 33 95 2 56 68 68 95 48 81 55 26 104 69 69
split_gain=51.9309 38.0916 38.6548 33.4884 28.5036 26.3402 26.5671 23.7757 22.9675 18.9656 17.8285 17.1349 17.0888 16.9624 20.8737 25.9456 16.5492 15.8676 19.5591 15.3207 15.2688 15.2234 14.3377 17.8335 16.1254 14.056 14.0001 14.4065 13.7426 13.6583 13.6481 13.6262 13.252 12.9145 12.6862 12.6507 12.5513 17.5575 12.2939 12.2869 13.8892 21.4311 12.6258 17.9779 12.7072 12.2569 12.1239 12.0646 11.9789 12.9423 11.9684 11.7423 15.8049 11.6031 11.0954 11.0522 10.9961 10.993 10.965 10.9289 10.8733 11.9079
threshold=12.65 111.50000000000001 4.5000000000000009 -1.2581399333942274 1.0000000180025095e-35 -1.3718374653553558 1.0000000180025095e-35 0 0.10012224938875307 0.16069740750742645 0.25319911648103999 0.26899059080394044 16.500000000000004 0.10931824986656601 0.12771739130434787 11.65 3.5000000000000004 0.12500000000000011 0.76696832579185525 1.0000000180025095e-35 0.60912698412698429 1.0916666666666672 3.5000000000000004 7.5000000000000009 56.500000000000007 0.6101605463730676 0.82843137254901966 0.35719028647315504 0.54085967762089227 0.19375000000000003 145.00000000000003 0.65312500000000007 5.5000000000000009 1.0000000180025095e-35 35.550000000000004 2550.0000000000005 0.246115537232034 0.75298954245513128 -1.0176144962704263 195.00000000000003 1.5000000000000002 38.350000000000001 33.500000000000007 0.064274413509311748 0.69631609094735192 0.96988186277062471 -1.0000000180025095e-35 13.500000000000002 495.00000000000006 34.150000000000013 0.15587044534412958 1.1629478330431369 11.450000000000001 12.250000000000002 36.850000000000001 0.45993589743589752 -0.082789469922403366 0.48098276193270434 0.28209073491496567 35.448899650255591 -0.53333333333333666 -1.0881176470588263
decision_type=10 10 10 8 10 8 10 1 8 8 8 8 2 8 8 10 8 10 10 10 10 8 2 8 10 10 8 8 10 10 10 10 2 2 8 2 10 8 8 10 8 8 10 8 10 10 10 2 2 10 10 8 10 10 8 10 10 10 10 8 10 10
left_child=1 2 4 -2 5 21 7 13 -9 10 -5 -3 28 -7 15 45 30 18 29 -17 58 33 24 -24 38 36 47 -28 39 -6 -11 35 -31 -1 -8 -12 37 -23 -4 40 41 42 44 -44 -10 -15 56 -18 -43 -50 -16 54 -53 -26 -48 -25 -36 -57 -14 -40 61 -34
right_child=3 11 22 9 17 6 34 8 12 16 31 -13 20 14 50 19 26 -19 -20 -21 -22 25 23 55 53 -27 27 -29 -30 32 -32 -33 60 -35 46 -37 -38 -39 59 -41 -42 48 43 -45 -46 -47 51 -49 49 -51 -52 52 -54 -55 -56 57 -58 -59 -60 -61 -62 -63
leaf_value=0.025541849461319162 -0.025045237501036117 -0.012035292809136058 0.023534927489183826 -0.0044749684428093874 -0.0079483975138474969 -0.0072121753709755423 0.0031001900578396572 -0.010022430858491822 0.00051982998988528764 -0.0034936279603668911 -0.021532233840525817 0.00083767989813623859 -0.022911887336835995 0.019638439023862846 0.0056593940716295477 -0.0021268061739088419 0.014721635985979316 0.027897651392213146 0.03296977909197827 0.019033524900833629 0.002247395345847651 -0.010402559143228426 -0.0041868584899187418 -0.026358238421542158 0.020511663542596835 -0.020082251533397211 -0.0076396083905314041 0.027828311612841956 0.013969046027871648 0.016927007089735657 -0.016870321755276283 0.021679059962176318 0.0033484465841776968 0.0093827154436318585 0.017459450084238642 0.028198707286655484 0.01483420758167186 0.017618346072159247 0.010511134553639126 -0.0052302509367030039 -0.00035745477649949838 -0.0026459759092001241 0.042936317595645306 0.012690364602477725 0.017943182371853657 0.047507208417342822 -0.010851666927103494 0.0017953609940831649 0.034715612326918055 0.0039328600405562795 -0.0037280917271132214 0.016898780596496583 -0.01856014614091385 -0.0098658575491040214 -0.027834790779318067 -0.015368819847556475 -0.015779066373719709 0.018321528764337541 -0.0023684531516424863 -0.007910580412019837 0.015566354111457785 -0.021008855668717605
leaf_weight=207.36052022129297 202.33148668333888 743.73710485361516 40.843489825725555 606.5709883607924 136.42768882028759 247.11449512839317 230.54123129695654 509.17125529795885 242.88097286224365 1178.9083591680974 386.13011889718473 395.7419849075377 174.07752215862274 322.0066252425313 2164.1765073388815 266.5303064417094 270.28857721015811 119.04035593383014 75.319410853087902 124.8524283003062 223.76982243731618 168.96630203723907 1210.9035848770291 166.38450961373746 149.45008556544781 53.948187813162804 394.44329712167382 29.88885235413909 237.15283929556608 322.01286322437227 226.694778887555 19.911521261557937 268.85323480144143 309.03555170446634 64.974612534046173 12.395973350852726 236.60799047350883 82.30639261007309 97.321271197870374 560.18259558454156 1602.2231046576053 588.89006358012557 72.977366928011179 150.36478939652443 182.95041856914759 44.839231796562672 236.91837555356324 540.47345990128815 45.99289677105844 126.05684234388173 401.95557004213333 64.074713312089443 59.774306688457727 39.084894770756364 163.5485144071281 91.080098174512386 39.006841272115707 31.92030056938529 103.6649780459702 445.3673368897289 136.15176253952086 60.64376749843359
leaf_count=918 3646 5902 190 4536 941 2198 1198 4621 1331 7738 7009 2315 1431 1984 13598 2528 1469 649 328 1002 1207 734 8812 2080 1351 236 3194 192 1061 1689 1793 215 1361 1331 348 161 1033 359 756 3684 9721 3754 469 751 794 254 1260 3658 306 735 2285 304 293 475 950 641 248 204 622 4008 764 339
internal_value=-0.000132923 0.00121213 0.00194289 -0.00529201 0.00312725 0.00230414 0.00144879 0.0023062 9.55717e-06 -0.00419518 -0.00996439 -0.00756768 0.00119645 0.00538995 0.00634482 0.0136289 -0.00195289 0.0107051 0.00863149 0.00465472 -0.00747067 0.00977296 -0.00401183 -0.00685947 0.00152346 0.00390709 0.00226884 -0.00508179 0.00233907 0.00661427 -0.00566147 -0.0178923 0.00914349 0.0159083 -0.00692205 -0.0199187 0.0065954 -0.00119063 -0.00258801 0.00156335 0.00282803 0.00644517 0.0131113 0.0227206 0.00802994 0.0231647 -0.0105986 0.0061175 0.000748417 0.0123149 0.00418807 -0.0136875 -0.000226647 0.0141953 -0.0178395 -0.0179898 0.00495906 -0.00654846 -0.0152802 -0.00459373 0.00373617 -0.00118451
internal_weight=18707.2 14839.2 13699.7 3868.04 11427.3 10308.9 9250.67 8391.83 4820.36 3665.71 1025.01 1139.48 4311.18 3571.48 3324.36 758.229 2640.7 1118.45 999.409 391.383 501.512 1058.22 2272.36 1500.29 772.067 541.829 1235.09 424.332 3809.67 924.089 1405.6 418.438 787.662 516.396 858.839 398.526 487.881 251.273 583.532 3572.52 3012.34 1410.11 649.174 223.342 425.831 366.846 628.297 810.762 760.94 172.05 2566.13 524.316 123.849 188.535 400.467 289.385 103.981 123 277.743 542.689 465.649 329.497
internal_count=129964 96353 88136 33611 69619 63548 58937 54336 30487 29965 11921 8217 25866 23849 21651 5768 18044 6071 5422 3530 3260 4611 18517 11737 6780 2362 8513 3386 22606 5094 9531 7385 4153 2249 4601 7170 2126 1093 4954 21545 17861 8140 3345 1220 2125 2238 3403 5127 4795 1041 15883 2807 597 1826 2210 2925 596 845 2053 4764 2464 1700
cat_boundaries=0 1
cat_threshold=314
is_linear=0
shrinkage=0.05


Tree=68
num_leaves=63
num_cat=1
split_feature=51 71 31 40 55 67 58 54 55 54 54 71 68 21 68 45 68 107 94 6 57 31 58 87 87 26 55 3 100 47 17 97 9 47 91 16 54 50 27 110 6 104 61 26 59 70 99 53 57 103 58 10 49 3 107 5 10 58 21 20 28 80
split_gain=53.008 43.652 36.9083 36.2084 34.729 34.4613 30.3495 26.2056 24.2237 53.1699 27.797 21.7543 20.4011 19.3415 19.2743 18.5975 18.5974 18.1549 17.9223 17.6302 17.2502 16.9806 20.1723 17.7548 16.58 15.779 15.3472 16.1435 15.756 15.2769 17.0908 14.7039 14.0575 15.4687 15.4292 17.0447 14.0064 13.9016 13.7744 13.6452 13.1541 13.1012 12.8073 12.5552 12.5323 12.347 14.6646 12.2972 12.2513 11.8993 11.7901 11.681 15.8801 11.6186 11.4775 12.2207 11.2448 11.587 11.4623 11.1903 14.7055 11.1364
threshold=1.1714403783665654 2.5000000000000004 5.5000000000000009 17.500000000000004 0.26357258500618935 25.550000000000004 0.164244534360551 0.71651785714285732 1.1107444210849444 0.91987179487179505 0.87083333333333346 1.0000000180025095e-35 12.250000000000002 0.42699665958092931 11.950000000000001 13.500000000000002 11.450000000000001 36.898780487804892 10.500000000000002 35.258333333333347 -0.9546699001548532 3.5000000000000004 0.164244534360551 0.16408253205128207 0.6225297962322186 0.22485541403403206 0.58617098083917463 0.51142009032634039 2.5000000000000004 1.8750000000000002 inf 8.5000000000000018 90.500000000000014 1.3750000000000002 0.12771739130434787 0.14818289208533111 0.45993589743589752 0.43095238095238103 0.17259856849229993 0 34.283333333333346 35.402168037602827 0.9472222222222223 0.16467264673839574 1.5012533277048632 -0.6327956989247302 35.250000000000007 -0.44741595816129981 -0.6639765835371253 0.26847840532746786 0.22249622872455796 -144.99999999999997 -0.53447736623364361 0.34840306438157126 35.746976850441676 0.20000000000000007 -44.999999999999993 -0.32813589747131799 0.25443250366008674 727.50000000000011 0.22194499751119964 0.67708333333333337
decision_type=10 10 2 2 10 10 8 10 10 10 10 10 8 10 10 2 8 8 2 8 10 2 10 8 10 10 10 8 8 8 8 8 10 8 8 2 10 8 10 1 10 10 10 8 8 10 8 10 8 10 10 8 8 10 10 8 8 8 8 2 10 8
left_child=1 2 3 4 5 12 40 19 10 21 13 -8 17 26 39 25 -13 37 47 31 -16 22 -10 -23 -22 -4 28 50 49 30 36 -6 34 41 59 56 38 -1 -18 -2 -7 -34 -38 -29 -35 54 -47 -11 -21 -9 -28 -45 -53 -3 55 -5 58 -58 -36 -14 61 -61
right_child=14 53 15 45 7 6 11 8 9 18 -12 16 32 -15 20 -17 29 -19 -20 48 24 23 -24 -25 -26 -27 27 43 -30 -31 -32 -33 33 44 35 -37 42 -39 -40 -41 -42 -43 -44 51 -46 46 -48 -49 -50 -51 -52 52 -54 -55 -56 -57 57 -59 -60 60 -62 -63
leaf_value=0.011543986128601027 -0.011901311923126916 0.027114831160993093 -0.006241724367204631 0.021152290387578359 0.015607081264034898 0.011955381966832108 -0.025640343176527497 0.017276581358141089 0.011694985965409497 -0.0044515234579319786 -0.0067051019436315754 0.010925836187698167 0.014325089261711247 0.022391110650158731 -0.032691884548662113 -0.011505884345451238 -0.0036596303287269559 -0.00015207272701732636 -0.021831633444516559 0.035958543618939513 -0.015572453621897528 0.035785317922771127 0.046832421498716165 -0.0037742798772194305 0.025954921614172035 0.013349301396849915 -0.016109204534616974 -0.0045051403674927814 -0.0077803824168636865 -0.0063139027609351132 -0.0195467106745273 0.043311496610045727 -0.024933220871501585 -0.025181547570800922 0.016421493051004446 -0.020719132575511841 -0.0068038982734771984 0.037345289312774928 0.0083820578937249379 0.005927110837100325 -0.01592317797112976 0.0078522350939474808 0.014463156647184583 0.045591994463564739 0.0061354324233038665 -0.0020370981070701468 -0.017515995427230893 0.0066629163471183988 0.0060454919483592211 -0.013592918014634324 0.0038897179630094296 -0.014116501070666657 0.02109196314199192 -0.0013823803427354551 -0.015915919877157899 -0.0019381545603336236 -0.025079693438199602 0.00078159396299216509 -0.00040518831482071454 0.015463327236236399 -0.016889586844076054 -0.008744344250327175
leaf_weight=114.89196624606848 231.40424354933202 191.58170018345118 281.37432188168168 62.896938657388091 300.42490956000984 44.971473334357142 93.095843134447932 126.37565107643604 61.373100498691201 306.24147425591946 1040.6875512097031 285.95046552270651 430.48600813560188 124.52836711704731 152.44541651010513 956.84717179834843 331.46393544785678 131.88579307124019 66.005048561841249 34.574346726760268 298.18332515656948 44.635197039693594 126.28040152043104 74.498587906360626 25.238017927855253 160.60250710323453 81.274741172790527 66.669318677857518 542.88892333768308 1398.6087970137596 99.198599234223366 56.685250205919147 36.081919245421886 138.27649901248515 236.48413661308587 86.652519909664989 573.70277535542846 96.762137994170189 832.38276143558323 185.07029255479574 572.35437612421811 170.03905003145337 79.787093624472618 36.679105268791318 41.010339114814997 243.01637953147292 413.48760563135147 1313.5708030797541 945.89033430255949 40.526537463068962 706.53662322461605 37.50936359539628 196.14098219759762 43.81002151966095 128.70292062684894 554.22132807038724 43.221802525222301 2104.6951426044106 176.28897502273321 157.88515508361161 77.407966773957014 67.010284695774317
leaf_count=543 2936 851 2029 335 1518 338 1155 652 403 2277 6031 1699 2623 548 3649 7597 2553 838 359 380 5777 248 622 387 339 889 438 673 3489 10761 766 351 209 829 1390 507 3777 634 5598 2197 7284 1025 358 316 232 1625 3579 6676 5671 205 3556 393 1303 242 954 3431 304 11244 828 881 440 459
internal_value=-0.000112009 0.000484865 0.000197403 0.0008723 0.00160235 -0.000501187 -0.00362342 0.00440025 0.00273391 0.00700579 -0.000105038 -0.00190681 0.00277495 0.00340254 -0.0119968 -0.00759103 -0.0012863 0.014421 0.00351452 0.0106131 -0.0188615 0.0261168 0.0354634 0.0112218 -0.0122619 0.000891193 0.00210215 0.00573295 -0.00365159 -0.00234265 0.00055719 0.0201134 0.00170891 -0.0073264 0.00274099 0.000962358 0.0016647 0.0234597 0.00495238 -0.00412671 -0.0138762 0.0020204 -0.00418919 0.0148743 -0.0180238 -0.00680251 -0.011798 0.00456017 0.00713589 0.00974466 0.00180872 0.0196526 0.0154037 0.0218277 -0.00239532 0.000445646 0.00170385 0.000249767 0.00925147 0.00915656 0.0017735 0.00824358
internal_weight=18679.5 17787.1 17551.7 16152.9 14750.6 8420.6 4311.52 6330 4992.42 1992.6 2999.82 3694.19 4109.08 1959.13 892.341 1398.82 3601.09 343.54 1685.82 1337.57 475.867 306.787 187.654 119.134 323.421 441.977 1834.6 1124.81 709.791 3315.14 1916.54 357.11 3765.54 385.408 3380.13 2647.34 1817.34 211.654 1163.85 416.475 617.326 206.121 653.49 336.999 179.287 1402.33 656.504 1619.81 980.465 166.902 787.811 270.329 233.65 235.392 745.821 617.118 2560.69 2147.92 412.773 732.789 302.303 224.895
internal_count=130201 115303 114210 103695 93771 57275 34289 36496 28576 10972 17604 26667 22986 11573 14898 10515 25512 2015 9312 7920 9765 1660 1025 635 6116 2918 11025 6679 4346 23813 13052 1869 20971 2295 18676 14273 12286 1177 8151 5133 7622 1234 4135 2685 1061 9924 5204 8953 6051 857 3994 2012 1696 1093 4720 3766 13766 11548 2218 4403 1780 1340
cat_boundaries=0 1
cat_threshold=643
is_linear=0
shrinkage=0.05


Tree=69
num_leaves=63
num_cat=2
split_feature=100 40 53 13 71 9 64 110 26 3 48 68 99 50 16 104 36 104 18 105 33 33 62 110 26 67 0 66 71 99 39 26 26 40 26 46 32 5 67 54 10 67 103 40 9 57 10 107 30 26 71 56 33 53 68 95 55 61 47 5 40 21
split_gain=46.4428 38.3547 31.6757 30.4445 26.1984 25.8114 23.6809 21.5965 29.4888 20.8054 19.8989 19.6813 26.2111 19.2923 17.8126 17.9745 19.6444 16.5228 15.7065 15.3879 15.3203 15.0668 18.2145 15.6602 14.8097 14.3194 14.1897 14.4923 15.5484 13.0608 12.9174 12.8868 12.7859 12.7388 13.0749 16.3225 12.6473 16.7327 12.5034 12.4849 12.2048 12.1312 12.0641 12.0222 16.1935 11.9277 11.783 11.6913 11.6677 11.6132 11.3771 11.1777 11.1255 11.0704 10.8776 11.4236 10.7232 10.6687 10.4467 12.9414 10.951 11.7818
threshold=6.5000000000000009 8.5000000000000018 -0.8807132066569473 1.5000000000000002 2.5000000000000004 153.50000000000003 0.75212072971543575 0 0.29257941839819573 0.60959003603234374 0.19722222222222227 51.850000000000001 37.750000000000007 0.20710784313725492 1.0000000180025095e-35 37.951981873111791 3.5000000000000004 37.56141946517414 0.070197044334975381 0.20290816130396344 459.00000000000006 459.00000000000006 1.4073895656460078 1 0.12012499512499514 26.650000000000002 1.5000000000000002 5.5000000000000009 1.5000000000000002 35.550000000000004 1550.0000000000002 0.26095427812559291 0.25843426236684669 6.5000000000000009 0.24074999074999079 1.6250000000000007 51.750000000000007 0.3888951326451327 24.450000000000003 0.12132352941176472 105.00000000000001 39.050000000000004 0.16359143027370113 15.500000000000002 28.500000000000004 0.33227402676856493 -244.99999999999997 38.200240384615391 0.26470889770712475 0.080609294304005111 1.5000000000000002 -0.65837006452450009 515.00000000000011 1.2280413476241951 12.550000000000002 38.45000000000001 -0.46308074369268853 0.53229166666666672 0.35000000000000003 0.20936698717948724 15.500000000000002 0.19324377401753681
decision_type=10 2 8 10 10 10 10 1 10 10 10 8 8 10 2 10 2 10 10 10 2 2 10 1 8 8 2 10 8 10 2 10 10 2 10 8 2 8 8 8 10 10 8 2 10 8 10 8 10 10 10 10 2 10 10 8 10 8 8 10 2 8
left_child=1 33 21 4 5 6 7 24 11 14 -2 12 25 30 15 42 52 -11 -6 -10 40 23 39 51 41 -9 27 28 -12 47 48 -20 -7 -1 35 -35 37 -26 -38 -23 54 -4 -8 44 53 -34 -44 -5 -13 -28 -32 -3 -17 -22 -14 -56 -36 -25 59 -51 61 -60
right_child=10 2 3 29 18 32 9 8 19 17 26 13 20 -15 -16 16 -18 -19 31 -21 43 22 -24 57 36 -27 49 -29 -30 -31 50 -33 45 34 56 -37 38 -39 -40 -41 -42 -43 46 -45 -46 -47 -48 -49 -50 58 -52 -53 -54 -55 55 -57 -58 -59 60 -61 -62 -63
leaf_value=0.030183174906504903 -0.02367577178520262 -0.021216760301809721 -0.0037091042425400505 0.0079868436972107149 0.037579853073571257 -0.019415454139700319 -0.0098300463289045376 0.0048336453484519827 0.01236575849654814 0.0070244673565918085 -0.018164093200818295 0.018308593218938702 -0.0075503384440353261 -0.0053750694737354611 -0.010901781993312532 -0.003175821774728479 0.013211753579983665 0.058938606998734981 -0.013476418255272737 0.00040544028180919758 -0.013152602258606797 -0.021803469232233086 0.026988142993403647 -0.027616835058002775 0.055755897051408834 -0.0067506781928654341 -0.028334745432080578 0.047173429443486875 0.011000591395318796 0.02108694186896538 -0.0031973871123637736 0.019457222319956013 0.012587840324824968 0.013276033502580427 -0.001038232758693884 -0.010028175922027384 0.033825123118695663 0.00081988870656483329 0.0024132709645989692 -0.0025012800806965942 -0.032731176024271731 -0.030131281923951311 0.021527527588759861 -0.012934062973017538 0.0083748901889058227 -0.013494600631930812 0.0018131451732686717 -0.018126108422644307 -0.0052110456072002867 0.027338291235142909 0.019456303533334676 0.012821985565088432 0.022485978765808611 0.010998876032730222 -0.0064030478933806596 -0.031523926286151908 0.021913919755076922 -0.011596425642970721 0.0039774521553042324 -0.0030721667127438768 -0.015666776960846424 -0.011299375647836344
leaf_weight=85.852237811312079 174.69747659005225 31.687981272116303 217.0765677690506 785.20971127040684 68.353634051978588 246.3572499230504 214.16885321028531 514.14565473981202 374.42079563997686 31.402065929025412 65.840888628736138 244.11814524233341 267.78885103575885 897.91366545669734 201.56489752605557 355.92204016074538 870.55655765160918 29.525543972849846 44.814604319632053 948.29283477552235 287.54209860786796 90.431870745494962 48.199065662920475 153.32063071429729 25.275394653901458 552.30309083499014 64.854613490402699 18.210360476747155 143.52174017578363 190.05294946394861 388.05672391504049 83.937959738075733 78.821120802313089 157.55012921430171 64.675398144870996 141.85437648370862 31.00209329649806 29.401145027950406 3219.5780708007514 1005.8391421362758 109.93468190543354 53.429083604365587 78.532454155385494 552.64321298897266 210.76389722898602 96.242247767746449 1619.7877629026771 44.406069366261363 66.698640622198582 37.358707886189222 63.630637347698212 91.188258154317737 46.904987048357725 55.992814369499683 69.455993605777621 132.24043335393071 236.20116898790002 327.65906020626426 217.9758637547493 396.72705531306565 428.65665868110955 297.46800718456507
leaf_count=436 2702 456 1901 4123 328 1937 1083 3464 2405 266 1213 1250 2366 5153 1081 1683 4085 217 204 4899 2300 1158 230 2521 163 3849 973 256 1370 1030 1912 373 551 867 316 834 195 277 21765 9681 1212 588 399 5147 1572 464 7768 296 313 256 326 847 226 277 656 1575 1071 3008 2424 3449 4498 1905
internal_value=-0.000135915 0.000689755 0.000197398 0.000969233 0.000334182 6.29383e-05 0.000465455 -0.000845395 -0.00274382 0.0040044 -0.00766388 -0.00471109 -0.00730355 -0.000411232 0.00347826 0.0043912 0.00899137 0.0327276 0.0183818 0.00379783 -0.0111816 -0.00615594 -0.00277976 -0.0125395 0.00220133 -0.00116646 -0.00597634 0.00560845 0.00178606 0.00929295 0.0054335 0.00797857 -0.012097 0.0122591 0.00964968 0.00223814 0.00312878 0.0267605 0.00272317 -0.00411195 -0.0177662 -0.00901965 0.00132519 -0.00772205 -0.00251166 -0.00174636 0.00273689 0.00656898 0.013261 -0.00780592 2.98403e-05 0.00364892 -0.000139491 -0.00919565 -0.0141999 -0.0229476 0.0169931 -0.0164095 -0.00682003 -0.000398134 -0.00976919 -0.00484377
internal_weight=18678 16832.7 16146.6 14398.3 13378.6 13181.5 12760.1 9311.7 5735.94 3448.37 1845.31 4413.23 2752.81 1660.42 3387.44 3185.87 1273.38 60.9276 197.106 1322.71 1686.36 1748.33 1144.47 603.856 3575.76 1066.45 1670.61 227.573 209.363 1019.67 762.504 128.753 421.421 686.133 600.281 299.405 3305.26 54.6765 3250.58 1096.27 579.42 270.506 1912.49 1106.94 554.299 175.063 1698.32 829.616 310.817 1443.04 451.687 122.876 402.827 343.535 469.485 201.696 300.877 480.98 1378.19 434.086 944.101 515.444
internal_count=130150 111104 107580 89679 84230 83325 80373 63565 38676 16808 19046 31372 22418 8954 16325 15244 5994 483 905 7304 15105 17901 11069 6832 24889 7313 16344 2839 2583 5449 3801 577 2952 3524 3088 1701 22400 440 21960 10839 5809 2489 9250 9296 4149 1015 8167 4419 1563 13505 2238 1303 1909 2577 4597 2231 1387 5529 12532 3705 8827 4329
cat_boundaries=0 1 2
cat_threshold=362 328
is_linear=0
shrinkage=0.05


Tree=70
num_leaves=63
num_cat=4
split_feature=40 51 10 47 8 10 39 29 68 67 64 71 68 106 55 54 55 40 12 8 100 9 0 110 38 54 62 31 38 66 82 81 7 62 55 40 67 69 88 110 105 66 13 115 9 69 58 31 66 91 95 62 110 69 9 64 1 68 69 51 54 92
split_gain=45.602 35.4984 26.2715 22.6832 21.3578 24.5278 20.5043 20.1273 19.7513 18.9011 18.4859 17.4691 17.8079 17.5934 17.0975 26.3118 19.3767 19.0106 18.939 21.1322 19.8776 14.8168 26.6197 14.7158 14.3396 14.1581 13.8703 13.6707 13.3246 13.7451 13.1779 12.7843 12.6671 13.0045 12.2378 14.3156 12.0676 13.4118 12.0227 12.09 11.8794 11.7904 12.0853 11.7288 12.6176 13.8679 11.4974 19.1632 16.2413 11.4376 18.3383 17.2916 13.0615 17.0935 11.9453 11.7755 12.561 11.4974 12.2959 13.6842 12.2916 11.5751
threshold=14.500000000000002 0.98002756394984358 155.00000000000003 1.6250000000000002 0.44097222222222227 -1.0000000180025095e-35 1650.0000000000002 0.14835556739978997 12.450000000000001 25.450000000000003 -0.13402722976293763 1.0000000180025095e-35 52.550000000000004 0.19931851955047833 1.2974965063591226 0.90312500000000007 1.0558199893580129 6.5000000000000009 1.0000000180025095e-35 0.22649572649572652 2.5000000000000004 21.500000000000004 1.5000000000000002 0 0.88562091503267981 0.94281045751633996 0.67626078510046439 5.5000000000000009 0.19375000000000003 5.5000000000000009 0.11111607142857143 -0.40243773681687395 1.0000000180025095e-35 0.29932729963094828 -0.47284226141968955 11.500000000000002 25.550000000000004 -1.7374999999999987 1.0000000180025095e-35 1 0.27185613624365951 4.5000000000000009 2.5000000000000004 2 34.500000000000007 -2.300000000000002 0.25528759885796865 3.5000000000000004 4.5000000000000009 0.13188405797101452 36.850000000000001 1.4364321795204464 3 -1.3499999999999994 90.500000000000014 0.10930141546721685 0.36939571150097467 11.850000000000003 -1.4666666666666666 -1.2364744427626195 0.18990384615384617 5.5000000000000009
decision_type=2 10 10 8 10 10 2 10 10 10 8 10 10 10 10 8 10 2 10 8 10 10 2 1 2 10 8 2 2 10 10 10 10 10 10 2 10 8 2 1 8 10 10 9 10 8 10 2 10 10 10 10 1 10 10 10 10 10 8 8 8 2
left_child=2 3 14 4 49 -6 -4 -8 10 -3 -5 -10 13 -13 15 16 17 -1 19 -19 32 26 34 -24 -17 -16 -21 43 -12 38 -28 -11 -20 -34 -23 -36 -31 -38 -30 -40 -14 42 -9 44 -7 -46 -25 48 -48 50 52 55 53 -2 -54 -52 -57 58 -51 61 -61 -60
right_child=1 9 6 8 5 27 7 41 11 31 28 12 40 -15 25 24 -18 18 20 21 -22 22 23 46 -26 -27 30 -29 29 36 -32 -33 33 -35 35 -37 37 -39 39 -41 -42 -43 -44 -45 45 -47 47 -49 -50 57 51 -53 54 -55 -56 56 -58 -59 59 60 -62 -63
leaf_value=0.035452197275070978 0.011056946918925023 -0.0027028680723155986 -0.01390608690730305 -0.011328390848712296 0.0045098367052117446 -0.010418836894278445 -0.018680961186666598 -0.0026105924033196903 -0.038295917501107529 -0.0068230084820453153 -0.0083890438594645192 -0.020560588065287384 0.03963526529202438 -0.005937646479615262 0.027922501511878469 -0.009564550745004851 0.025081772450521251 0.012480152102472594 -0.0077185503907548567 -0.004836735901714892 -0.025108685373842518 0.0051637142433741574 0.0098050523798703815 -0.010988530225628158 0.010802282776000706 0.008522953713849965 0.0024941437567697032 -0.021864082265663484 0.0030152750480058593 0.030524712699240786 0.02590465701382666 -0.025915590706654942 -0.009324228800353402 0.016923614615582751 0.049687174663603631 0.017125090140481025 -0.016186241988688548 0.011932239701758003 0.00031270873799740546 -0.012894590979417031 -0.0012540472054050709 0.010766634687601376 0.019238957513273203 -0.010445410453207614 0.039456489512758625 0.0019125742726238027 0.0070439502455662585 -0.0022490901533844818 0.035654998924538224 0.022897675629720785 -0.014113740831895561 0.022765099756991439 0.014438493052912544 -0.010782674899110225 -0.0037638725318453903 0.0063927188145766617 -0.0081250117980181807 -0.0048402033528816332 0.020697741322391668 0.019858720951618815 -0.0054472213228875478 -0.0062387428966881571
leaf_weight=47.038863399997354 191.58792980015278 261.52865041233599 332.14353985153139 450.06290090456605 672.94854512065649 223.51568377763033 128.15200112946332 781.71104230731726 50.457466783002019 128.85628755763173 423.41000952385366 289.09343297593296 28.866180740296841 711.73911074176431 115.10330788232386 525.76140301115811 111.8055212572217 768.70276992022991 268.19804077781737 779.09125245921314 97.690835356712341 62.197186622768641 742.31037093512714 176.83270381391048 102.51891039125621 505.24201271496713 1112.9252121932805 140.08264098130167 1037.870960989967 61.998959120362997 62.570279456675053 279.50319498963654 68.653929436579347 146.3365093767643 61.845325209200382 76.525368953123689 52.783551290631294 200.52511627972126 405.27076010592282 296.18547459878027 43.686622034758329 293.31372501142323 67.855657611042261 606.69621996581554 25.189446393400431 406.76764401048422 212.56450367160141 569.73901771008968 63.998615559190512 76.028151147067547 168.01623811200261 73.654220141470432 813.24589966610074 166.53921094164252 100.94074492529035 382.91393091529608 242.49650898575783 725.76641979068518 138.48804479837418 52.950154080986977 433.85727668181062 55.308311685919762
leaf_count=241 1027 3216 2357 3585 5701 1942 1270 5412 806 2181 2620 3626 262 4973 619 3044 589 3401 1350 6375 646 512 5062 1444 581 2616 6542 1460 6056 369 311 6791 398 669 355 606 413 1393 2469 1811 269 1841 386 5777 204 3218 1136 3711 349 363 1203 335 4694 1040 609 2070 1058 3714 595 278 2096 241
internal_value=0.000112414 -0.00208877 0.00288183 -0.00132304 0.000710995 -0.00333246 -0.00286457 2.94461e-05 -0.00418235 -0.0132138 -0.00201818 -0.00981415 -0.00844089 -0.0101778 0.00426165 0.00345072 0.0045719 0.004136 0.00384981 0.00490478 -0.00466045 0.00341669 0.00648034 0.00451208 -0.00622933 0.0121616 0.000333384 -0.00709655 -0.000323372 0.00134204 0.00376122 -0.0199224 -0.000482914 0.0085374 0.0236971 0.0319309 0.0109296 0.0060324 -0.000401291 -0.00545352 0.015332 0.00214195 -0.000844882 -0.00544155 -0.000801195 0.00418801 0.00056482 0.00299565 0.0137693 0.00302807 0.00536612 -0.000242027 0.00918525 0.000874803 0.0122924 -0.00240376 0.000759633 -0.000347526 0.00396258 0.00181691 -0.00265962 0.0130177
internal_weight=18699.7 10418.8 8280.83 9748.94 5696.99 2075.2 1603.18 1271.03 4051.95 669.888 2928.11 1123.84 1073.39 1000.83 6677.65 6057.31 5429.03 5317.22 5270.18 4689.3 580.879 3920.6 1966.01 1765.45 628.28 620.345 1954.59 1402.25 2478.04 2054.63 1175.5 408.359 483.188 214.99 200.568 138.371 315.308 253.309 1739.33 701.456 72.5528 1142.88 849.567 1262.17 655.473 431.957 1023.13 846.302 276.563 3621.79 2139.39 867.081 1272.31 358.127 914.187 793.427 625.41 1482.4 756.632 680.604 486.807 193.796
internal_count=130288 78465 51823 66277 37625 18302 11266 8909 28652 12188 18716 9936 9130 8599 40557 37322 33697 33108 32867 29804 3063 26403 13175 11702 3625 3235 13228 12601 15131 12511 6853 8972 2417 1067 1473 961 2175 1806 10336 4280 531 7639 5798 11141 5364 3422 6640 5196 1485 19323 12036 4666 7370 2067 5303 4331 3128 7287 3573 3210 2374 836
cat_boundaries=0 1 2 3 4
cat_threshold=872 433 4 588
is_linear=0
shrinkage=0.05


Tree=71
num_leaves=63
num_cat=4
split_feature=48 40 33 26 54 55 55 9 96 3 58 54 55 101 46 43 54 64 110 31 42 54 8 110 53 64 56 69 8 40 53 10 22 5 9 62 91 50 91 101 31 58 68 92 115 93 57 1 3 46 4 105 5 33 91 69 20 96 38 101 115 59
split_gain=44.3166 39.1954 34.0555 24.643 23.8485 43.9891 28.7212 24.2935 20.3272 20.011 19.1236 18.7616 23.0386 21.0077 19.5042 17.8733 17.1221 15.7346 15.404 15.0652 16.0939 15.0249 14.7426 14.6818 13.9542 15.0262 13.7449 15.7167 12.8578 12.6734 15.471 14.0708 14.9272 17.898 13.0664 24.9565 16.9337 12.7751 13.0616 14.6032 12.2234 13.7542 12.0884 12.0193 11.8492 12.3933 11.7613 15.6885 11.6667 11.4242 12.9695 14.1374 11.4227 12.309 11.3816 14.5853 13.0715 13.2269 11.1504 13.0951 11.1009 10.9077
threshold=0.19722222222222227 9.5000000000000018 433.00000000000006 0.12308668488871537 0.93541666666666679 1.1107444210849444 1.7803491081704799 111.50000000000001 34.060769230769239 0.68088268394640961 0.85080425596152254 0.87083333333333346 0.58617098083917463 0.40000000000000219 2.6083333333333338 2.5000000000000004 0.87867647058823539 0.52998695692811071 0 3.5000000000000004 10.500000000000002 0.6972222222222223 0.72474747474747481 1 -0.8916486924900634 1.2642724900028195 0.50043795063832852 -2.036363636363633 0.80625000000000013 14.500000000000002 1.3093593913078805 45.000000000000007 0.053205565466820585 0.74554563492063497 21.500000000000004 0.14676746451610465 0.10818713450292398 0.82843137254901966 0.15894736842105264 1.7500000000000002 4.5000000000000009 0.27277522807094307 12.850000000000003 6.5000000000000009 2 0.30602006688963218 0.76729845334632796 0.39208074534161497 0.11766067538126364 1.1208333333333338 0.50003885003885029 0.64852941176470602 0.31612363331113341 491.00000000000006 0.27888888888888896 -0.089736842105262213 1697.5000000000002 35.703125000000007 0.70294117647058829 0.80000000000000082 3 0.9010303235206415
decision_type=8 2 2 10 8 10 10 10 8 10 8 10 8 8 8 2 10 8 1 2 2 10 10 1 8 10 8 8 10 2 10 10 10 10 10 10 10 10 8 8 2 8 10 2 9 10 10 10 8 8 10 10 8 2 8 10 2 8 2 10 9 10
left_child=28 49 9 15 5 7 18 8 10 23 43 12 14 21 29 22 -7 -13 -6 20 -9 -14 52 -3 -25 -26 27 -16 44 34 31 32 33 -31 35 -10 46 -36 -39 -40 41 -8 48 -5 -1 -46 47 -37 -28 50 51 -2 -4 -54 55 56 57 -34 -21 -60 -53 -12
right_child=1 2 3 4 6 16 40 19 11 -11 61 17 13 -15 26 -17 -18 -19 -20 58 -22 -23 -24 24 25 -27 42 -29 -30 30 -32 -33 54 -35 37 36 -38 38 39 -41 -42 -43 -44 -45 45 -47 -48 -49 -50 -51 -52 60 53 -55 -56 -57 -58 -59 59 -61 -62 -63
leaf_value=-0.015924970907566321 0.0026816280733466583 0.0049134297444572775 0.017648934387245626 0.027079912518856289 -0.0024332917287714808 0.029859363162355403 -0.012582582942256164 -0.0033240154723486385 -0.010515546565270324 -0.027106770545275757 -0.005099544248352534 -0.014903467320710193 0.022387022374940991 0.015396744537207475 0.019936336229253518 -0.017068740987415013 0.010043166275741131 0.00057953755982251558 -0.013646519513293681 -0.016865507257754191 0.024903272012377364 -0.00042475430952339574 -0.022081997731124226 -0.023584978425715091 -0.0080913435093488903 0.013676900778192495 -0.020838462470654528 -0.013274062734757059 -0.024534030806551865 0.0079157275705293382 0.0077402543276261591 -0.0064687906192097203 -0.0038215675986081501 -0.013587921164228835 0.0066146782514027906 0.016088991327112404 -0.0048663916286125607 0.042061077784399936 0.023091647114700263 -0.021755063457699578 -0.011311272230071071 0.010489560093464266 -0.012899642244970772 0.0036287794629900694 -0.0056724097411315838 0.023097109144360008 0.037045257387647142 -0.0063312763518609694 0.0020706855441791914 0.0049597367598908579 0.026858000229723886 0.031842843249470253 -0.0074935250695492301 0.011086064478493566 -0.0051993644332498897 -0.014386470020146225 -0.014962774489877047 0.017883392699799751 -0.0080243362442555671 0.027079829048162859 0.0019184683286799708 0.013066841193253255
leaf_weight=280.60993972793221 260.57992293313146 263.46451503783464 82.992961121723056 198.69791216775775 594.69836157001555 161.60830955393612 73.774817498400807 315.95876005664468 328.99218369275331 116.77023247629404 188.30997452139854 307.52205629087985 81.263006938621402 574.99951940774918 37.830981260165572 308.25128678418696 336.16548477858305 350.36401583626866 658.63995165005326 361.13104779087007 59.06863602437079 588.80002308450639 80.745448626577854 129.00770965218544 866.53646348789334 86.343921177089214 57.411439530551434 446.00702123530209 154.09527427516878 934.40790204517543 643.09818168729544 806.55911188386381 97.484323682263494 107.01805579103529 1387.5355498790741 262.32115694880486 216.74022012203932 52.044075841084123 62.92039935477078 24.456017185002565 102.77627553418279 479.0568921584636 180.04839500412345 75.688554421067238 289.21329812332988 41.983202967792749 42.332197524607182 110.24075642228127 1143.6732478048652 789.34629617631435 149.91630017384887 96.024870567023754 326.50200942903757 121.51507407054305 987.56928192079067 86.045489326119423 51.939949885010719 246.89875269494951 138.38047826103866 31.824552288278937 45.735115021467209 145.70652158558369
leaf_count=3205 1172 1956 511 1085 3694 930 543 2482 2829 2722 1019 2101 448 3587 401 3105 1852 1825 4018 2504 348 3332 1467 1513 6432 438 268 4304 3018 7269 3071 6477 690 1191 7543 1470 1024 622 612 277 574 2396 1726 439 3088 314 189 489 7670 4260 1013 422 2811 926 5697 666 333 1650 911 222 206 757
internal_value=0.000108003 0.000613294 -5.44017e-05 0.000653177 0.00116935 0.00198074 -0.00402693 0.00136231 0.00202087 -0.00733703 0.0108921 0.00149156 0.00205389 0.00839414 0.00110347 -0.00727159 0.0165237 -0.00666947 -0.00846031 -0.00649657 0.00117632 0.00237102 -0.0023152 -0.00560225 -0.00813548 -0.00610657 -0.00339869 -0.0106416 -0.0116614 0.00240584 0.000648864 -0.000727546 0.00111817 0.00569507 0.00520212 0.000632128 0.00644593 0.00807486 0.0224563 0.0104353 0.00444844 0.00739345 -0.000855493 0.0206477 -0.00838446 -0.00196697 0.012353 0.00945566 0.000959212 0.00882904 0.0143405 0.00962133 0.000726399 -0.00244074 -0.00212615 0.00416349 0.00821694 0.0117461 -0.0119043 -0.0013408 0.0222696 0.00284045
internal_weight=18627.6 17861.7 16520.1 15058 14138 12229.1 1908.95 11731.3 10824.9 1462.12 608.403 10216.5 9558.64 1245.06 8313.57 920.007 497.774 657.886 1253.34 906.363 375.027 670.063 611.755 1345.35 1081.89 952.88 1864.97 483.838 765.902 6448.6 3961.02 3317.92 2511.36 1041.43 2487.58 960.627 631.634 1526.96 139.42 87.3764 655.608 552.832 1381.13 274.386 611.806 331.197 414.894 372.562 1201.08 1341.6 552.256 402.34 531.01 448.017 1469.94 482.369 396.323 344.383 531.336 170.205 141.76 334.016
internal_count=130114 120489 113416 100355 91535 80310 11225 77528 71061 13061 3300 67761 63835 7367 56468 8820 2782 3926 7712 6467 2830 3780 5715 10339 8383 6870 14369 4705 9625 42099 27044 23973 17496 8460 15055 6001 3172 9054 1511 889 3513 2939 9664 1524 6607 3402 2148 1959 7938 7073 2813 1800 4248 3737 9036 3339 2673 2340 3637 1133 628 1776
cat_boundaries=0 1 2 3 4
cat_threshold=402 328 8 4
is_linear=0
shrinkage=0.05


Tree=72
num_leaves=63
num_cat=3
split_feature=26 71 40 50 70 20 2 29 64 59 62 10 13 51 67 27 21 21 22 40 23 9 38 53 101 72 80 39 110 55 110 69 101 101 54 90 100 58 104 27 46 18 67 9 56 38 51 110 55 20 54 95 55 47 102 3 51 50 49 53 4 56
split_gain=42.611 37.5104 33.0343 35.5584 25.3037 28.6752 24.7196 19.5282 19.4138 19.0899 18.8424 16.0218 14.9009 17.6064 29.7853 14.6189 14.5322 14.0324 16.3712 15.9275 13.9661 14.4799 13.4956 13.4567 12.9981 12.6233 12.5914 15.8349 15.6521 12.3601 12.1411 12.2707 11.9251 11.8624 11.5122 11.4524 11.3666 11.1962 11.0855 14.0773 12.9463 10.9243 10.8488 10.763 18.7051 13.768 12.5531 15.354 13.5275 12.9394 11.7132 12.8625 12.0685 13.3625 11.459 11.3545 11.3008 10.736 10.5268 11.9463 10.4938 11.9489
threshold=0.13560854507003403 2.5000000000000004 11.500000000000002 0.92582417582417598 -1.0542997542997543 831.50000000000011 0.063508064516129045 0.18185628286215047 -0.018520136263737452 0.70142233828475875 1.0551549696702363 -54.999999999999993 1.0000000180025095e-35 -0.86048871800759053 37.95000000000001 0.29070348256394773 0.2554843275574733 0.27839489416308333 0.16698352344740178 7.5000000000000009 0.55937385188684208 182.50000000000003 0.97222222222222232 -0.080538297131930656 3.8000000000000012 1.0000000180025095e-35 0.26969696969696971 1750.0000000000002 0 0.46081503937290919 1 1.6333333333333366 0.30000000000000077 1.8500000000000016 0.1408730158730159 0.61250000000000016 4.5000000000000009 1.4886573095705398 35.166684511063529 0.21376116146666427 1.8166666666666671 0.25462962962962971 26.350000000000005 17.500000000000004 0.54048169634821341 0.56696428571428581 0.69469193557808639 2 0.16430250540511757 621.50000000000011 0.9076704545454547 38.650000000000013 0.58617098083917463 1.6250000000000002 0.22809562626844102 0.31249745624745634 -0.58275121030657517 0.48611111111111116 0.42735081009641007 -0.77088259494858169 0.20524891774891776 0.59827981945731756
decision_type=8 10 2 10 10 2 8 8 8 10 10 10 10 10 8 8 10 8 10 2 10 10 2 10 10 10 8 2 1 10 1 10 8 8 10 8 10 10 10 10 10 8 8 10 8 2 8 1 10 2 8 10 10 8 10 10 10 10 10 8 8 8
left_child=10 2 17 4 6 7 43 24 20 -3 11 25 13 34 -15 16 26 19 36 29 21 42 30 60 -6 -1 27 57 -28 -2 58 -32 -13 -5 -8 -14 -19 -18 -25 40 -40 -38 -7 44 45 -4 47 54 -48 -50 51 52 53 55 -45 -49 -57 -10 59 -9 61 -21
right_child=1 9 3 33 5 8 12 22 15 -11 -12 32 35 14 -16 -17 37 18 -20 23 -22 -23 -24 38 -26 -27 28 -29 -30 -31 31 -33 -34 -35 -36 -37 41 -39 39 -41 -42 -43 -44 46 -46 -47 48 50 49 -51 -52 -53 -54 -55 -56 56 -58 -59 -60 -61 -62 -63
leaf_value=0.000372319648226048 0.013871091522505206 0.033605003027208667 -0.01699634065869508 -0.0073210544702666212 -0.013485561532393987 0.0017423680574512473 -0.011161240308190894 -0.0095371952906378576 0.016544871128887154 0.0056011765314716092 0.0075920465765729724 -0.0097741598759971647 0.028545294216208446 0.014882812871560151 -0.010856613852155928 0.01115356991053148 -0.00036320374416041795 0.00018332748050958473 0.013363067798894922 -0.029717544409622845 0.02945573443591383 -0.030967629895195328 0.0090946953211190808 -0.0046869557050840428 0.024169821573754888 -0.017241729381364933 0.009058328495514854 -0.00042509080911491313 -0.0049729133462954704 0.047058499755378499 -0.0089467033871660512 0.018297509881759974 -0.021986391817200617 -0.02257413097910646 0.0025001064101834759 0.0045077190909986751 0.0021532772683967101 -0.013574062681742719 0.030852835738665714 0.0081781300379600349 -0.00090781570133463367 -0.026544139388656948 -0.0086422304875539806 0.005274769448695627 0.011466506737244713 0.0029897457140089009 0.0086002149991079319 -0.0081423090726649699 0.055320772471873163 0.0076396446103230986 -0.012414052352889353 -0.017547274470489052 0.020567434331234095 -0.011822309759546529 0.015795020201016523 0.024896391748698635 0.0046535807532762765 0.045683094587328589 -0.0067274423825934952 0.0050033128822488263 0.0044925355764396779 0.0042564285728817781
leaf_weight=458.59192021004856 93.072792349383235 123.12023949250579 181.93607871048152 307.82868728227913 774.91919942386448 422.36766539514065 172.72612339258194 175.45651814900339 158.04085556790233 120.3385537751019 171.12705086544156 553.06331224925816 57.575848449021578 128.1245013512671 871.6165909729898 452.42014995589852 1027.0424722842872 930.36986372619867 212.42521061003208 49.265515550971031 27.933408830314875 53.141384772956371 195.75673854164779 83.555239956825972 22.729698929935694 129.69410034455359 385.91936223581433 120.35339521989226 388.89542276598513 40.052342142909765 1237.9940626136959 41.849041296169162 315.05914130806923 218.39428118057549 1372.1015293486416 325.5684327557683 54.724335357546806 189.07196967676282 170.06385801360011 316.98372066393495 39.423671316355467 82.621696136891842 619.65208148211241 535.67281079664826 204.3894359394908 162.41917517781258 90.484272325411439 92.89565809071064 40.46549266949296 22.21043061837554 133.05631407722831 63.516158148646355 113.72791842743754 121.28850211203098 502.63036244735122 105.52791941910982 197.16168186627328 39.387841232120991 544.13757912069559 707.67767670750618 1003.6577151287347 52.89936862885952
leaf_count=4433 543 592 1104 4821 7734 3340 1053 2220 783 547 869 5281 319 855 5155 2376 5254 4179 963 225 126 431 1465 423 244 2017 2844 705 2881 200 9761 335 4000 4092 7080 1626 279 937 871 1563 230 389 5142 2948 941 1016 996 410 381 231 670 358 573 649 2506 487 1274 325 2704 5855 7130 232
internal_value=-0.000342783 0.000398227 0.000114187 -0.000951212 -0.000438016 -0.00230977 0.00214547 -0.00545888 0.000691036 0.0198426 -0.00806859 -0.00991265 -0.000994936 -0.00237983 -0.00754633 0.00294532 0.00133268 0.0047456 0.000720518 0.00753047 -0.00484882 -0.00574987 -0.00355249 0.0062291 -0.0123836 -0.00353356 0.00551533 0.0138802 0.00207109 0.0241323 -0.00447006 -0.00797996 -0.0142264 -0.0136822 0.000966408 0.0081848 -0.0018049 -0.00242659 0.0121849 0.0148664 0.0248998 -0.015177 -0.00443535 0.00572562 -0.000483066 -0.00758831 0.00741279 0.00627553 0.0211339 0.0388094 0.00110652 0.00372834 0.00589568 0.00263397 0.0102789 0.00708497 0.0117697 0.022559 -0.00125466 0.00210696 0.00293553 -0.0122556
internal_weight=18606.2 16978.6 16735.2 13606.1 13079.8 7584.75 5495.1 3700.52 3884.23 243.459 1627.54 1456.41 2927.71 2544.57 999.741 2761.13 2308.71 3129.12 1280.14 1848.97 1123.09 1095.16 2902.87 1715.85 797.649 588.286 1092.6 317.782 774.815 133.125 2707.11 1279.84 868.122 526.223 1544.83 383.144 1067.72 1216.11 610.026 526.471 209.488 137.346 1042.02 2567.38 548.745 344.355 2018.64 1865.48 153.16 62.6759 827.174 694.118 630.602 516.874 1038.3 395.585 302.69 197.429 1427.27 883.134 1105.82 102.165
internal_count=129973 113373 112234 95007 86094 55462 30632 30318 25144 1139 16600 15731 16088 14143 6010 16105 13729 17227 5810 11417 9039 8913 22340 10674 7978 6450 7538 1813 5725 743 20875 10096 9281 8913 8133 1945 4847 6191 3087 2664 1101 668 8482 14544 3061 2120 11483 9875 1608 612 4421 3751 3393 2820 5454 2171 1761 1108 10779 8075 7587 457
cat_boundaries=0 1 2 3
cat_threshold=278 426 419
is_linear=0
shrinkage=0.05


Tree=73
num_leaves=63
num_cat=3
split_feature=52 100 3 71 9 63 12 60 33 40 68 102 99 63 8 26 61 20 96 33 30 96 5 60 21 69 92 6 20 47 110 55 54 20 29 33 95 2 9 58 69 96 81 8 30 87 110 96 40 110 54 47 102 81 92 66 21 18 28 23 49 56
split_gain=42.0502 28.8583 25.8124 23.3725 24.2584 23.6018 22.2585 20.7705 19.5966 21.5954 19.8624 17.9926 17.7116 16.4626 16.0468 15.7919 17.3299 15.0872 14.6491 14.5656 14.4476 14.2726 14.0744 14.4153 16.4816 16.4533 13.9922 13.9136 13.806 13.7713 14.0358 13.5504 16.4582 13.5147 13.4524 12.9294 12.8001 13.9294 14.3476 13.2323 14.6557 14.1106 18.4085 14.3807 13.1993 13.4351 12.5947 16.1908 12.1618 12.1752 12.0635 13.2834 14.4705 14.2439 16.0125 14.3107 12.0517 12.0185 12.0129 11.7149 11.5829 11.3102
threshold=0.24264705882352944 6.5000000000000009 0.59440605350531828 2.5000000000000004 111.50000000000001 0.9104278074866311 -1.0000000180025095e-35 -0.32403323661938122 495.00000000000006 15.500000000000002 11.65 0.28574357172143156 13.750000000000002 0.35912698412698418 0.087121212121212141 0.26489127541310581 0.69615384615384623 1284.5000000000002 35.202500000000008 465.00000000000006 0.23002694355156647 34.70277777777779 0.69842712842712851 -1.3968514048651446 0.18574559520743308 -0.94428104575163363 4.5000000000000009 35.883333333333347 807.50000000000011 0.87500000000000011 0 0.051535341649091994 0.34495192307692313 142.50000000000003 0.2653102620358489 485.00000000000006 37.250000000000007 0.13188405797101452 17.500000000000004 1.061688615896496 -1.3363636363636322 34.251666666666672 -0.34542979782310296 0.20714285714285716 0.18352255197166215 0.62546296296296311 1 35.867948717948728 8.5000000000000018 2 0.87083333333333346 0.075000000000000025 0.14513884728441423 -0.082789469922403366 7.5000000000000009 2.5000000000000004 0.16599326324496108 0.14642857142857144 0.25533337125952899 0.27473465101451455 -0.81068950631817061 -0.057766212916307624
decision_type=10 10 10 10 10 10 8 8 2 2 10 10 8 8 8 10 10 2 8 2 10 10 8 8 10 10 2 10 2 8 1 8 10 2 10 2 8 10 8 8 8 10 10 8 8 10 1 10 2 1 10 10 8 8 2 8 10 8 10 10 10 10
left_child=2 3 12 4 5 6 18 57 9 14 31 -6 -1 -12 59 27 -17 -15 -2 -20 35 48 23 -10 25 -25 -5 -13 -29 30 -4 32 -11 -24 -31 -19 39 38 -38 41 -41 42 -16 -44 -40 -46 47 -43 -14 -50 51 -23 -53 56 -55 -56 -54 -7 -27 -8 -26 -49
right_child=1 -3 29 26 11 7 8 -9 22 10 13 15 21 17 36 16 -18 20 19 -21 -22 50 33 24 60 58 -28 28 -30 34 -32 -33 -34 -35 -36 -37 37 -39 44 40 -42 46 43 -45 45 -47 -48 61 49 -51 -52 52 53 54 55 -57 -58 -59 -60 -61 -62 -63
leaf_value=0.03798191110896984 0.03512378589518883 -0.0056331861546249926 0.021178730633664489 0.026853351766980685 -0.009395885567739376 0.016645755490222274 0.00083748815788553662 0.011764885921126031 -0.0067628311167946022 0.0026061074901067623 -0.015949712633573858 -0.02784724239698539 0.019855820719885009 -0.007526687438631087 0.00038451271164571213 0.038447875154560419 0.0010467770605333696 -0.0089700255843524045 -0.019580751468216639 0.018684393587818846 0.010531295487465953 -0.010379729427055232 0.009448072819462635 0.027546705007049161 0.021749947498062677 -0.0076872967476722181 0.0001740768451693071 0.03128605610232487 -0.011722433361886631 -0.029879304956207688 -0.012180617510932239 0.0051911624140988741 -0.012469086753879685 -0.0053199914063367451 -5.6593212177730475e-05 0.019997503017455474 -0.010237906642632638 -0.013328697337808896 -0.0043860105277876323 0.016924585871466055 -0.0043492602954979262 -0.0080374677452623618 0.054505508232726055 0.019872878036208325 0.0042666231753354916 0.02777703138206751 0.0093432450698050507 -0.006384078602463321 -0.017799895059495845 -0.0042534689363367814 -0.01249484585961462 -0.013097185844944528 0.016305612492570006 -0.0099872076976959285 0.028643024647359062 -0.0035543869045884685 -0.015864641248409316 0.00036684873045828421 0.024535384341219865 -0.018469356736996664 0.0045615899980830299 0.019670720058105308
leaf_weight=24.298227913677692 74.62183747254312 1494.7883736863732 28.234758991748095 144.50047304108739 820.43983246944845 126.03188104741275 153.78183452412486 1056.2087657898664 174.05768359452486 412.32249866053462 366.91801845654845 46.753942873328924 32.510704206302762 1227.0885559096932 91.35752983763814 57.225729590281844 66.291945606470108 280.13341676257551 35.44740436412394 77.58147163130343 275.98381005600095 190.70766368508339 214.60435681790113 195.10110528580844 105.48964915797114 77.943322336301208 74.22993516176939 31.521185552701354 42.908363685011864 208.79117703251541 173.9718968719244 879.6860708873719 321.3937398660928 549.44735014811158 46.132369862869382 43.677008720114827 240.67916437238455 180.40948208421469 464.97679935954511 95.427324298769236 503.68960399180651 297.73138432577252 39.193045109510422 127.85970393009484 1167.0869274195284 63.161307085305452 831.95455912873149 62.639357825741172 331.49185689352453 365.64197851903737 182.79794118739665 103.50460011325777 338.9889435954392 192.49991359934211 66.993419706821442 69.684325041249394 31.051223747432232 1055.5612778980285 44.691648533567786 159.47163566946983 1249.4120386634022 120.99610998295248
leaf_count=152 379 13821 486 656 5868 760 790 4779 1352 2479 4424 289 202 9942 432 349 302 1872 225 462 1633 1360 1393 1276 803 657 343 224 283 4702 3291 4629 1812 3731 882 276 1683 1041 3185 520 2640 1651 175 734 7455 354 4931 497 3329 3731 1283 958 2463 1586 567 759 205 5238 318 724 6267 646
internal_value=7.21419e-05 0.000984007 -0.00612209 0.00165596 0.00141074 0.00198634 0.00104986 0.00667325 0.000758224 -0.000416928 -0.00320203 -0.00584925 -0.00358756 -0.00629805 0.00188816 0.00603182 0.0185443 -0.00435191 0.0180795 0.00661744 0.00214492 -0.00413718 0.00454138 0.00690171 0.00832686 0.0185613 0.0178413 -0.00676907 0.00666512 -0.0167926 -0.00699844 0.00100904 -0.00400535 -0.00116506 -0.0245037 -0.00501322 0.00268702 -8.03011e-05 0.00116058 0.00538361 -0.000938207 0.00779245 0.0184537 0.0282742 0.00278396 0.00549523 0.00568229 -0.00082778 -0.00962571 -0.011027 -0.000727213 0.0014485 0.00426802 0.00685361 -0.000715451 0.0123208 0.0135706 0.00211581 0.00415903 -0.00901877 0.00591489 0.0107968
internal_weight=18609.8 16222.5 2387.3 14727.7 14509 13443.8 11206 2237.8 11018.4 8407.62 3807.2 1065.14 1930.17 2193.8 4600.42 244.701 123.518 1826.88 187.651 113.029 599.794 1905.87 2610.75 1846.7 1672.64 317.736 218.73 121.183 74.4295 457.13 202.207 1613.4 733.716 764.052 254.924 323.81 4287.16 2116.31 1935.9 2170.85 599.117 1571.73 258.41 167.053 1695.23 1230.25 1313.32 481.367 729.645 697.134 1176.23 993.43 802.722 699.218 329.178 136.678 370.04 1181.59 122.635 313.253 1354.9 183.635
internal_count=130256 104300 25956 90479 89480 82165 71388 10777 70322 54525 27067 7315 16595 18147 27458 1447 651 13723 1066 687 3781 16443 15797 10673 9321 2251 999 796 507 9361 3777 8920 4291 5124 5584 2148 25944 13718 12677 12226 3160 9066 1341 909 10994 7809 7725 2794 7262 7060 9181 7898 6538 5580 2912 1326 2668 5998 975 1514 7070 1143
cat_boundaries=0 1 2 3
cat_threshold=80 134 652
is_linear=0
shrinkage=0.05


Tree=74
num_leaves=63
num_cat=0
split_feature=10 72 88 30 26 52 23 56 67 33 60 102 49 71 47 5 51 47 38 70 102 41 48 65 46 47 80 48 33 26 58 70 23 4 8 91 82 3 55 81 56 30 107 9 47 20 10 32 99 51 55 67 106 33 101 96 55 80 58 84 70 8
split_gain=46.219 33.706 29.4807 25.2631 28.5789 23.4416 22.4548 21.5253 17.968 17.454 17.123 14.7222 14.4707 14.254 14.0272 13.7354 19.381 13.4692 16.3525 13.7973 13.2729 13.2062 13.7922 12.9498 12.942 12.4186 12.006 11.8929 11.6872 11.6569 12.211 12.1879 15.8234 12.1682 17.1547 17.9537 14.0852 15.3497 15.0899 12.1381 12.1061 12.0525 11.6821 11.6109 11.7737 12.8312 11.6748 11.558 11.7358 12.0578 11.5406 11.4758 11.4206 14.6479 11.3181 10.9493 13.0849 13.6403 11.0084 10.9171 12.1805 11.5808
threshold=135.00000000000003 1.0000000180025095e-35 1.0000000180025095e-35 0.21204330086492226 0.12308668488871537 0.17752100840336138 0.47072012661566875 0.20458541919940523 27.350000000000005 481.00000000000006 -1.3728220379997185 0.18081686296315022 -0.89676653985439347 1.0000000180025095e-35 1.3750000000000002 0.25851461038961043 1.2603528218239961 0.87500000000000011 0.88562091503267981 -0.37777777777777727 0.26747340957792137 2.5000000000000004 0.71651785714285732 5.5000000000000009 0.71666666666666712 0.15000000000000005 0.93541666666666679 0.45993589743589752 427.00000000000006 0.28716560246600986 0.25528759885796865 -0.46666666666666762 0.12514236902050116 0.39905626780626785 0.45804195804195807 0.097619047619047633 0.055086580086580163 0.75893608706108717 0.25444236493192912 -0.54021136536788561 0.26233745251554935 0.26176854716145531 36.898780487804892 21.500000000000004 2.2500000000000004 374.50000000000006 -84.999999999999986 52.250000000000007 33.95000000000001 -1.4550120496734584 -1.4879391086698532 39.850000000000001 0.35232683982683993 467.00000000000006 1.0000000180025095e-35 37.57817460317461 0.96988186277062471 0.87083333333333346 0.88963907450738056 1.0000000180025095e-35 -0.42709790209790194 0.80625000000000013
decision_type=10 10 2 10 8 8 8 8 10 2 8 10 8 10 8 8 10 8 2 8 8 2 10 10 8 10 10 10 2 8 8 8 10 10 8 10 10 10 10 10 8 10 10 10 8 2 10 2 8 10 8 8 8 2 10 8 10 8 8 2 8 10
left_child=1 3 7 8 24 27 10 20 9 -1 26 -7 25 -9 51 -13 -17 18 19 -11 -3 -8 -23 28 -5 -12 -6 -2 -10 33 -31 -32 -33 47 35 40 37 43 -39 -38 -35 -37 -42 46 45 -45 -36 -14 -49 -50 -51 -4 -52 54 -54 58 -57 -58 -15 61 -61 -30
right_child=5 2 14 4 6 11 21 13 23 17 12 15 29 55 -16 16 -18 -19 -20 -21 -22 22 -24 -25 -26 -27 -28 -29 59 30 31 32 -34 34 36 41 39 38 -40 -41 42 -43 -44 44 -46 -47 -48 48 49 50 52 -53 53 -55 -56 56 57 -59 -60 60 -62 -63
leaf_value=-0.00099754299323396244 -0.026871380126189538 -0.010585244275528594 -0.0023843288176917921 0.0073079142522090336 -0.0018771847783623731 -0.011273367311677922 0.01888629294769319 -0.019598602555229355 -0.018281495699932964 0.026677351124751048 -0.026212849082439683 -0.010690595863940793 0.018471246193875062 0.00029032201356745215 -0.01568404036491669 0.00046872865765299149 -0.021627137291669148 0.0023923663169841927 0.035531085040807535 0.0044547017114555899 0.0056083242813123307 0.022296487429980447 -0.01050953263722073 -0.025324846709104461 -0.014974524218828434 -0.00039620534571995782 -0.030873320734316007 -0.0074632678030295448 0.0028505137603860799 0.023355065224508875 0.017130388315745346 0.025498578132366296 0.0027301928720046636 0.0078213920487351252 0.014237599729722864 -0.007320053125140908 0.0088315670838112082 0.013452904582963575 0.079834247056255414 -0.013106262777203493 0.037053323768851856 0.015142303661087262 0.015956474631846213 0.035179604594191782 -0.011679895751330993 0.0084223137812421932 -0.020826269419454112 0.013545479786589676 0.0053786162046296371 -0.027222112647294586 0.0054805676483857839 -0.030051106844134506 -0.016272597817359884 0.00064356798232864101 0.0028047378526086636 -0.00031007241405755424 0.0055042233427224961 0.038715110669126154 0.021107808118384454 -0.015945685632109109 -0.0024588873045772227 -0.018276244930862839
leaf_weight=2061.7920774202794 176.6228649225086 525.85465093515813 508.59771788306534 85.175271462649107 625.11423060297966 565.17764859832823 422.23404751718044 57.13411626778543 122.86910838261247 88.103915369138122 60.917192062363029 408.32567223720253 104.57864870876074 95.135322855785489 560.54840365797281 1945.8198960162699 103.57336810603738 777.53401415795088 68.287105694413185 325.89535069279373 165.83179560676217 48.522597739472985 89.752158313989639 69.315032314509153 269.43313742242754 188.19694794528186 36.874498436227441 143.93359569460154 863.34164057672024 144.21416920423508 271.97685646265745 83.727876890450716 771.82347103208303 126.99166389927268 35.436983609572053 126.61968534439802 93.255327308550477 22.839087022468448 13.20740927569568 190.11939305067062 133.9484041146934 111.31098768115044 132.88597306609154 59.937556944787502 47.565379710868001 173.05817302130163 67.632553648203611 189.15066536515951 857.98295767605305 43.131332613527775 439.52424722164869 39.485737554728985 307.02154315263033 635.39671907573938 103.64031362533569 634.62412500008941 93.460504945367575 45.509635053575039 190.17765856906772 245.38176569156349 523.78369914926589 69.132452961057425
leaf_count=13021 2968 6539 3981 681 4305 5122 2003 708 1325 597 532 2376 626 602 5303 12852 1629 4627 413 1893 1610 236 386 703 2363 1886 325 1215 6099 892 1372 484 3707 845 301 686 677 399 200 1854 717 564 687 510 417 1368 556 869 4884 224 2209 348 1425 2937 479 4686 458 354 997 1973 4241 1062
internal_value=-4.78773e-05 0.0011198 -0.00371326 0.00226327 0.00420113 -0.00537081 0.00492744 0.000224541 -0.000380018 0.00183589 0.00405927 -0.00400402 0.00496802 0.00451852 -0.0101286 -0.00232846 -0.000657968 0.00647012 0.0130257 0.00923683 -0.00670035 0.0145033 0.00108 -0.00426545 -0.00961689 -0.00678885 -0.00353648 -0.0182072 -0.00345195 0.00552317 0.00969409 0.00792767 0.00498557 0.00420003 0.0080989 0.014072 0.00271914 0.00852637 0.0392734 -0.00588111 0.0206109 0.00320789 0.0266457 0.00554274 0.0108058 0.0154265 -0.00874977 0.00225615 0.00159091 0.000638212 -0.00202409 -0.00442863 -0.00127469 -0.00411558 -0.0114629 0.00583704 0.00274139 0.0165789 0.0141916 -0.00237105 -0.00677661 0.0012663
internal_weight=18588.4 15245 2916.36 12328.6 7113.2 3343.45 6758.59 1807.73 5215.44 3321.61 6198.08 3022.9 5536.09 1116.04 1108.63 2457.72 2049.39 1259.82 482.286 413.999 691.686 560.509 138.275 1893.82 354.608 249.114 661.989 320.556 1824.51 5286.98 1271.74 1127.53 855.551 4015.24 1334.81 631.757 703.052 419.677 36.0465 283.375 393.826 237.931 266.834 383.631 280.561 232.996 103.07 2680.43 2575.85 2386.7 1528.71 548.083 1485.58 1046.06 410.662 1058.91 773.594 138.97 285.313 1701.64 769.165 932.474
internal_count=130308 104146 25586 78560 42606 26162 39562 15954 35954 20551 36937 21979 32307 7805 9632 16857 14481 7530 2903 2490 8149 2625 622 15403 3044 2418 4630 4183 14700 29889 6455 5563 4191 23434 9781 3499 6282 3751 599 2531 2249 1250 1404 3152 2295 1878 857 13653 13027 12158 7274 4329 7050 4841 1904 7097 5498 812 1599 13375 6214 7161
is_linear=0
shrinkage=0.05


Tree=75
num_leaves=63
num_cat=3
split_feature=33 48 26 31 12 56 52 51 3 40 2 20 109 22 68 68 17 53 96 10 62 81 17 110 39 94 96 59 38 81 66 62 52 48 20 38 105 6 68 3 56 55 29 70 110 87 28 34 63 3 68 103 53 55 67 1 96 40 3 95 54 52
split_gain=40.768 33.282 28.3693 26.7004 23.1339 28.4096 22.0307 21.9267 21.0677 20.1921 18.5211 17.2946 30.5478 22.5372 22.3088 18.6611 17.3984 16.6524 17.5405 19.2629 18.3164 17.5424 16.3739 15.9422 15.693 14.9313 15.8816 17.402 13.6447 12.911 12.8346 12.54 12.4979 13.8465 12.4633 12.1503 12.954 12.1137 11.8145 15.3649 16.1701 14.7119 12.9663 11.802 11.7385 11.69 12.2564 11.674 11.6683 12.0284 11.6595 16.8736 12.0799 14.9469 12.6188 15.1255 14.8974 12.0399 11.7513 11.8131 11.6573 11.6055
threshold=431.00000000000006 0.18990384615384617 0.26582994444126246 2.5000000000000004 1.0000000180025095e-35 0.052793063596154023 0.19722222222222227 -1.3166516341311751 0.71726440226440247 6.5000000000000009 0.24404761904761907 404.50000000000006 0 0.035278980016968907 11.450000000000001 12.65 0.43614130434782611 1.4994315758992875 34.060769230769239 -1.0000000180025095e-35 0.88588355793288565 -0.79555542414971248 0.35388994307400384 1 1350.0000000000002 6.5000000000000009 39.495000000000005 0.60053025028012363 0.89444444444444449 0.70248159748055128 1.0000000180025095e-35 0.87451678869318372 0.27951388888888895 0.98611111111111127 1613.5000000000002 0.93095238095238109 0.29414443372977611 35.316666666666677 12.450000000000001 0.47135179635179641 -0.64744881842356172 -0.45338994735222876 0.26900996623012935 -0.37777777777777727 2 0.37553418803418814 0.24616365777080065 2.5000000000000004 0.55718954248366026 0.39770665842094416 11.450000000000001 0.26847840532746786 -0.42061531873008545 1.1107444210849444 25.950000000000003 0.36515151515151517 37.951315789473689 14.500000000000002 0.35053021208483398 34.150000000000013 0.93541666666666679 0.3623737373737374
decision_type=2 8 10 2 10 10 8 8 10 2 10 2 1 10 10 8 8 8 8 10 8 8 10 1 2 2 8 10 2 10 8 10 10 8 2 2 10 10 10 10 10 8 8 8 1 10 10 2 8 10 8 10 10 10 10 10 10 2 10 10 10 10
left_child=8 47 4 -4 5 6 22 34 23 -8 -9 12 15 29 28 -7 37 18 20 21 -11 24 30 32 -20 26 50 38 31 -13 -3 -14 -1 -34 -6 36 -19 -16 39 -28 -41 -42 -43 -39 -12 46 -17 -2 49 -24 51 -5 -52 54 -54 57 58 -56 59 -57 -55 -47
right_child=1 2 3 25 7 11 9 10 -10 17 44 13 14 -15 16 45 -18 35 19 -21 -22 -23 48 -25 -26 -27 27 -29 -30 -31 -32 -33 33 -35 -36 -37 -38 43 -40 40 41 42 -44 -45 -46 61 -48 -49 -50 -51 52 -53 53 60 55 56 -58 -59 -60 -61 -62 -63
leaf_value=-0.027914607128901051 -0.005754901970335206 -0.0027143956825994454 0.013238705114145722 0.030309441017628572 -0.00044869150605363105 -0.0054412320237385448 0.037224453538824254 -0.020758960499135781 -0.031390798519734857 0.021753886364988637 -0.017805814787655326 0.02261562285808047 0.012092778856188724 0.0035309628460366777 0.004609581030038756 -0.0015223957437134669 -0.038263973203042506 0.013602383118591979 0.030694869574499902 -0.0070061135180287384 -0.00084288552729672281 -0.001645343617700848 -0.035654166809844672 -0.0016605416677908725 0.0034669799447598253 -0.0044614498332948655 0.00044637627973971258 -0.019752881563790587 -0.027070040376728562 -0.0020251883265098337 -0.019727611060546824 -0.011895800405204224 -0.014646881870615467 0.0041562326124739901 0.027501769697156415 0.032736685475526509 -0.0051042367323632168 -0.001679218754618786 -0.0077644538975025811 -0.007099866523502963 0.055933341421478391 0.002778685843713621 0.040490236255043582 -0.035452473698402237 0.00045806356007922549 0.042367020025765201 0.016023078327936278 -0.019642512269252888 0.019954948093649658 0.011893565855656801 -0.0032517874732935314 -0.0018577471264915057 0.0083087786039167371 0.03193277445683828 0.020700020260865322 0.016026160312613946 -0.026548221923802618 -0.00096723873460743352 -0.018770535329591425 -0.0051005007274837928 0.010713296764681565 0.012083138455389254
leaf_weight=111.94240590929985 467.02309079281986 158.0475522056222 679.10066651180387 109.87537486292422 200.77932094782591 333.31731406599283 33.074195865541697 333.43301627971232 91.74342711828649 145.62608649395406 113.86306602880359 251.68796758167446 153.70322866365314 3287.0406580436975 68.889527382329106 262.37734884023666 95.25843208655715 203.62816665880382 80.255958065390587 1863.0459234938025 230.71462224796414 1734.9828157573938 25.246907345950603 733.44968612678349 152.61560639739037 640.06682385876775 654.40574455633759 110.10819627530873 41.602550148963928 67.127299947664142 373.05133737623692 83.14688117057085 349.51396981067955 135.3385950718075 48.760818257927895 43.804791193455458 168.20893931761384 42.833193141967058 285.64245828799903 49.913866680115461 30.788128538057208 63.073548449203372 34.836066398769617 64.707487879320979 304.39782370999455 44.938290908932686 159.22042962536216 223.82302811183035 64.874630007892847 26.211529871448874 364.51313508674502 64.300974830985069 981.95071303844452 86.221462603658438 118.60717800632119 105.0904133617878 73.541629977524281 138.00756163150072 79.904034841805696 174.95964796841145 258.78763683140278 105.87586484476924
leaf_count=1339 5911 1206 3432 561 931 2099 180 2203 2359 923 614 1632 802 17341 520 1530 507 1173 677 16783 1203 14523 194 5856 1202 3505 3452 616 201 539 6938 370 2469 942 216 227 789 353 2321 515 261 482 248 552 1605 249 828 2917 481 250 2454 325 4733 403 655 477 351 955 414 787 1209 504
internal_value=-0.000207211 0.000467123 0.000918353 0.00401477 -0.000472225 0.000229148 -0.00232798 -0.00772606 -0.00833985 -0.0011252 -0.0119853 0.00290829 -0.00169047 0.004765 -0.0109729 0.00395358 -0.0211383 -0.00140756 -0.00235132 -0.00336368 0.00793548 8.65656e-05 -0.0109626 -0.0067277 0.0129418 0.00259638 0.00379092 -0.000879992 -0.00101432 0.0174373 -0.0146793 0.00365691 -0.0127017 -0.00940055 0.00510087 0.0081281 0.00514903 -0.0117282 0.000993624 0.00400249 0.0169565 0.0262693 0.0164701 -0.0221401 -0.00495829 0.00942416 0.00512606 -0.0102762 0.005986 -0.0116696 0.00603608 0.0184914 0.00511779 0.00663115 0.00467031 -0.000511355 -0.00620218 0.00908883 -0.00198328 0.00285622 0.0160932 0.0213265
internal_weight=18582.9 17160.9 16470 5103.7 11366.3 10365.1 5303.39 1001.23 1421.99 4655.96 751.694 5061.73 1455.87 3605.86 550.141 905.729 271.689 4622.88 4207.24 3830.9 376.341 1967.85 647.432 1330.24 232.872 4424.59 3784.53 1228.77 278.453 318.815 531.099 236.85 596.795 484.853 249.54 415.642 371.837 176.43 1118.66 833.017 178.612 128.698 97.9096 107.541 418.261 572.412 421.598 690.846 116.333 51.4584 2555.76 174.176 2381.58 2017.07 1672.06 690.11 433.496 256.615 359.954 280.05 345.009 150.814
internal_count=130294 117329 108501 28156 80345 74776 46749 5569 12965 37680 4422 28027 8515 19512 3305 5210 1932 37500 35311 33185 2126 16402 9069 10606 1879 24724 21219 7895 1373 2171 8144 1172 4750 3411 1147 2189 1962 1425 7279 4958 1506 991 730 905 2219 3111 2358 8828 925 444 13324 886 12438 9984 8372 3639 2029 1610 1678 1264 1612 753
cat_boundaries=0 1 2 3
cat_threshold=1 645 200
is_linear=0
shrinkage=0.05


Tree=76
num_leaves=63
num_cat=5
split_feature=72 10 40 33 41 103 58 39 71 61 67 38 6 95 46 6 110 30 62 104 40 68 110 62 68 87 99 59 104 69 104 95 31 64 58 91 67 3 0 68 20 20 3 110 42 104 110 110 99 21 93 23 33 20 55 19 99 103 23 48 64 38
split_gain=37.6609 26.8703 25.5131 25.1831 28.1049 25.4949 25.036 21.1505 20.2958 20.2038 19.5774 18.195 17.4001 17.92 14.8571 18.2318 18.1943 14.6222 13.7647 17.8255 13.6496 13.626 13.3576 13.3234 14.2517 14.4231 13.2552 13.4263 13.2222 12.8026 12.7924 12.7594 13.7138 15.6449 14.5343 12.6362 12.6004 12.4908 12.3676 12.1962 12.8446 12.1541 13.8633 12.876 12.4769 12.1323 12.7181 12.1321 18.4027 12.0669 11.8844 11.8142 14.6947 11.8419 11.6832 12.3311 11.3885 12.5024 11.1915 11.1426 11.1272 11.1124
threshold=1.0000000180025095e-35 145.00000000000003 10.500000000000002 489.00000000000006 1.0000000180025095e-35 0.22716888427575202 0.27820220747426028 1650.0000000000002 1.0000000180025095e-35 0.20416666666666669 36.850000000000001 0.93095238095238109 35.458333333333343 37.350000000000001 1.6250000000000007 34.383333333333347 0 0.21154491915069487 0.60812407951543135 36.025754324359475 6.5000000000000009 12.050000000000002 1 0.63632525662107298 11.750000000000002 0.18374849939975993 36.850000000000001 1.3154232969987925 37.599771646646651 -0.79999999999999971 35.174859704674425 39.350000000000001 4.5000000000000009 -0.037354631832314279 0.57524707418458731 0.43875000000000003 26.250000000000004 0.75001313025210092 13.500000000000002 12.550000000000002 1342.5000000000002 332.50000000000006 0.35287087912087917 2 7.5000000000000009 35.255865843670726 3 4 38.250000000000007 0.36471950472772846 0.39642857142857152 0.17779902273210116 471.00000000000006 314.50000000000006 2.4392241621407424 0.28991596638655465 33.95000000000001 0.23438003058596268 0.069818218746826463 0.37867647058823534 0.42831947490263544 0.18465909090909094
decision_type=10 10 2 2 2 8 10 2 10 8 8 2 10 8 10 8 1 10 8 10 2 8 1 10 10 8 8 8 8 10 8 10 2 8 8 8 10 8 2 10 2 2 10 1 2 10 1 1 8 10 10 10 2 2 8 10 10 8 10 10 10 2
left_child=1 2 20 4 5 23 8 36 37 -10 17 31 22 -14 15 -7 -16 50 -15 -20 -1 29 51 24 49 30 27 -19 -23 -11 -26 32 34 -34 58 -29 38 -2 -3 -22 -41 -8 56 44 -44 -28 -47 -12 59 -4 -6 52 -9 -53 55 -36 57 -43 -5 -49 -58 -18
right_child=6 7 3 11 10 14 41 12 9 21 47 -13 13 18 16 -17 61 26 19 -21 39 28 -24 -25 25 -27 45 35 -30 -31 -32 -33 33 -35 54 -37 -38 -39 -40 40 -42 42 43 -45 -46 46 -48 48 -50 -51 -52 53 -54 -55 -56 -57 60 -59 -60 -61 -62 -63
leaf_value=0.03309172189854534 -0.0077706615392074078 -0.0029120279316624401 0.0044634753338150595 0.04322180564531701 -0.012204009318663807 0.037025051391728701 -0.0090257103942086858 0.013240447352736818 -0.025876696292718333 0.010750823010663157 -0.0013250240816789138 0.015319562797773318 0.0036394942273342869 -0.015168662431501967 0.014126012536238259 0.0086240239479159677 -0.03454089944706222 0.0071604800458545774 -0.024524581261108583 0.0074125723043943232 0.0094982042407763343 -0.016712829805329947 0.00027471593078302111 0.0049721089091692705 0.0087781256588497 -0.0034900747092050802 -0.020260456475504 0.047954622384807029 -0.0028307741811771751 -0.010345295267626106 -0.022794334615742172 -0.014814574156458815 -0.010118586874163775 0.0039724401685118692 -0.00035163892745011978 0.012945962935304093 -0.018226375487655527 -0.042597750736598702 -0.030774743690420936 -0.0095406597566909737 0.01220711656619387 -0.013022940060303641 -0.001174286738685019 0.0027164564136774399 -0.01546688448798374 -0.0076712604918966814 0.013715777618130821 -0.014285674963590109 -0.014523392718379761 -0.017337937362367665 0.0056133227577980704 -0.011523270049156348 0.061535901738818712 0.015670636710431281 0.023136368358714361 0.0089553600754843088 0.00084778197894637582 0.007762016106877251 0.012238898460164113 -0.0016184880264886764 0.016885279051601587 -0.004929666962734368
leaf_weight=51.765278466045856 40.117441525682807 454.32654814235866 533.46569594554603 30.793720694258809 236.57218145392835 58.440991282463074 444.29405955597758 40.611734542995691 143.32946590892971 192.6471489649266 1115.8871281854808 363.60754193551838 392.40372332185507 428.24840611964464 115.22158666327596 1196.6255034077913 36.410611353814602 235.26869288273156 56.345540005713701 182.48814037814736 1153.2363874297589 341.35621728748083 543.475701039657 626.41385450959206 37.117584811523557 499.64578868448734 60.52524258941412 46.215691782534122 344.74449958279729 113.45401350408792 215.52340346574783 91.417178086936474 313.59965810552239 525.94008347764611 942.18748838454485 59.075492713600397 308.80692492052913 73.578672451898456 42.689005635678768 191.61691089347005 103.87079678662121 138.91497708857059 307.99887818843126 483.99225716292858 302.17070125602186 117.0432656314224 145.06666974537075 214.47327249869704 680.0992021150887 71.032353401184082 153.65703779459 54.488619521260262 25.519224682822824 143.89411640353501 75.985658790916204 570.86187585815787 180.86169988289475 148.87225699424744 384.08033350482583 895.26050118170679 268.45834778994322 210.35183464549482
leaf_count=250 638 2974 3267 290 2307 308 3274 325 3151 1846 7243 2266 2813 4430 761 7645 248 1595 316 911 5725 3503 3250 2978 342 4839 413 293 4084 1050 2778 742 2719 3218 5256 294 2890 1636 335 1274 530 688 2323 4020 2733 813 994 2042 4325 310 832 310 199 786 395 2775 994 720 2615 4767 1244 1365
internal_value=-8.99152e-05 0.00100091 0.00198414 0.00113925 -0.000451474 0.00274519 -0.00474078 -0.00354349 -0.0104252 -0.0083917 -0.00335832 0.00478389 -0.000620426 -0.00483325 0.00740278 0.00997492 -0.0015182 0.0024794 -0.00981523 -0.000192868 0.00809313 -0.00584238 0.00490283 -0.0010543 -0.00383825 -0.00842733 0.00699423 0.0138592 -0.0097518 0.00292349 -0.0181394 0.00347383 0.0040668 -0.00129686 0.00631344 0.028619 -0.0103085 -0.030484 -0.00536217 0.00717768 -0.00188042 -0.00161698 0.000184433 -0.00338519 -0.00813298 -0.000272551 0.00440243 -0.00547483 -0.00800776 0.00187727 -0.00519182 0.0138433 0.0325162 0.00818111 0.00413245 0.00316342 0.00548059 -0.00228124 0.014637 -0.00407728 0.010446 -0.0090552
internal_weight=18556.4 15031.7 12358.4 10857.9 7559.39 3600.25 3524.79 2673.3 1249.23 1135.53 3959.14 3298.47 1867.48 1059.49 1617.05 1255.07 361.984 1053.42 667.082 238.834 1500.49 992.202 807.989 1983.2 1356.78 752.287 663.195 340.56 686.101 306.101 252.641 2934.87 2843.45 839.54 2003.91 105.291 805.822 113.696 497.016 1448.72 295.488 2275.56 1831.27 1094.16 610.17 322.635 262.11 2905.72 1789.83 604.498 390.229 264.514 66.131 198.383 1589.04 1513.05 737.107 287.787 414.874 1109.73 449.32 246.762
internal_count=130257 98353 78814 71035 50759 24841 31904 19539 15908 13634 25918 20276 13340 8470 10327 7953 2374 7541 5657 1227 7779 10483 4870 14514 11536 7959 4402 2182 7587 2896 3120 18010 17268 5937 11331 587 6199 2274 3309 7529 1804 15996 12722 9076 5056 2220 1807 18377 11134 3577 3139 1620 524 1096 8426 8031 3646 1408 2905 6809 2238 1613
cat_boundaries=0 1 2 3 4 5
cat_threshold=456 313 645 180 376
is_linear=0
shrinkage=0.05


Tree=77
num_leaves=63
num_cat=0
split_feature=52 48 33 64 9 71 29 54 55 55 94 62 8 6 87 52 1 44 50 65 42 39 33 48 17 39 38 21 82 63 55 54 82 67 80 59 64 51 51 70 87 8 0 97 46 46 67 67 99 60 89 107 57 27 64 54 55 33 20 91 80 57
split_gain=42.2941 31.7896 27.7738 24.8958 21.798 19.1045 17.6695 20.6564 33.2333 18.0861 24.5883 16.0614 20.589 18.8904 27.2621 18.9662 17.8578 17.9511 16.3208 15.4444 17.0745 15.3645 15.6792 19.1033 15.2829 15.2877 15.0876 14.8651 14.2969 13.9813 13.3415 16.9688 15.0696 12.7315 12.6812 13.8894 11.9085 13.7874 11.8958 11.8712 11.8291 11.6571 11.5963 12.2826 11.5242 11.6042 11.4783 11.3217 11.2718 11.726 11.262 11.1317 11.1691 10.787 10.6741 10.6599 11.5092 10.6102 10.6072 10.5782 12.2384 10.5053
threshold=0.12916666666666668 0.19722222222222227 441.00000000000006 0.31282315121848164 218.50000000000003 2.5000000000000004 0.26683773232120406 0.87867647058823539 1.0736250723834104 1.1313821971699098 11.500000000000002 1.1508354811294754 0.087121212121212141 37.741666666666681 0.17555296266233769 0.98611111111111127 0.21583850931677021 1.5000000000000002 0.1408730158730159 2.5000000000000004 2.5000000000000004 1175.0000000000002 465.00000000000006 0.45993589743589752 0.35388994307400384 2855.0000000000005 0.35504201680672276 0.19324377401753681 0.074603174603174657 0.71130952380952395 0.56407726395161784 0.7834821428571429 0.20235840548340547 25.750000000000004 0.67708333333333337 1.2949428835679571 0.59820832648903355 1.4831782385093191 -0.99259008367694679 0.29999999999999988 0.039139093137254909 0.83974358974358987 5.5000000000000009 6.5000000000000009 0.66666666666666685 0.4750000000000002 25.250000000000004 38.45000000000001 37.350000000000001 -0.61339315425997187 2.5000000000000004 33.250000000000007 -0.25997895436581714 0.19512901266823904 -0.046523617976858243 0.64495798319327746 -0.041914103678779548 413.00000000000006 71.500000000000014 0.267948717948718 0.41421568627450983 0.54481955551945482
decision_type=8 8 2 8 10 10 10 8 8 10 2 10 8 10 10 8 8 2 10 10 2 2 2 10 10 2 2 10 10 10 10 10 10 8 10 8 10 10 8 10 8 10 2 8 10 10 10 8 8 10 10 10 8 10 10 10 10 2 2 10 10 10
left_child=19 42 3 47 5 6 11 8 30 40 -11 12 -4 15 29 16 21 51 -16 20 -1 -14 38 36 25 44 -10 34 46 48 32 33 55 -32 41 53 37 -24 -23 -13 -9 -19 -2 -44 45 -21 -5 -3 49 -15 -49 -18 -53 -36 -47 56 59 -48 -58 -8 -61 -54
right_child=1 2 4 28 -6 -7 7 9 26 10 -12 39 13 14 18 -17 17 27 -20 24 -22 22 23 -25 -26 -27 -28 -29 -30 -31 31 -33 -34 -35 35 -37 -38 -39 -40 -41 -42 -43 43 -45 -46 54 57 50 -50 -51 -52 52 61 -55 -56 -57 58 -59 -60 60 -62 -63
leaf_value=0.029292485784892061 -0.0011232190224896188 -0.016762707089611459 -0.011149925847198138 0.0036182891763483251 -0.015263959242621942 0.016952403370440763 0.0051299652787330612 -0.028324280165771973 0.052857006412944413 0.0048622660037333735 -0.030891846994448802 0.0072154755401211239 0.027217255210070002 -0.020189289302119166 -0.017455228176234291 0.010115735022656717 0.031117217893192176 0.00094994050399299494 0.0024240525897270705 -0.016886959820986234 -0.0049943076727014552 0.021873069380627583 0.0088522513101851434 0.020810923773619774 -0.0020135072552865964 0.027528774970650868 0.018808785654604171 -0.0048268346203678113 0.010371835220558255 -0.0020710168011455051 -0.00075961382093410771 0.005427570044152146 0.032248741651558575 0.024125721687541832 -0.011913043205653688 0.035583815749084875 -0.010352733409202836 -0.027728391766990407 -0.0050806301894305806 -0.011765398279031404 -0.0044774225846957371 -0.027214088652768732 -0.011055533774711562 -0.032877333001548846 -0.026086914510980538 -0.013999604045213427 -0.020300040650202113 -0.0072842686387999418 -0.018970131448407233 0.016062217305091265 0.026311876066467829 -0.01929303237113297 0.01109387153812043 0.015063474266438443 0.032472006205050689 -0.0024830791109567174 0.038086314520926527 -0.0037761071594196432 0.009289146426865371 0.0051532147437625721 -0.028186113387054249 -0.018056704420393848
leaf_weight=40.51616838388145 224.98562097549438 417.65350062027574 413.49529421329498 467.93057512491941 185.09697511978447 208.38478332012892 258.61073669604957 56.529016504064202 48.011541243642569 1348.8804608117789 48.872818984091282 1136.7047984115779 75.633921500295401 38.054864935576916 111.86731018871069 609.64819829165936 46.744025900959969 787.50463612936437 1210.6149529628456 178.21722138673067 288.61456883326173 43.848187893629074 523.65984917245805 224.34908344224095 203.49187840893865 16.930365789681673 102.91335455328226 2124.2421605363488 263.47196345217526 292.27973605878651 63.164101917296648 596.63970105163753 41.530862865969539 273.47808538377285 54.937891321256757 51.648922050371766 118.45837291330099 26.129562275484204 469.52188345789909 87.916872467845678 549.17448009736836 37.535894734784961 348.35543520376086 78.804238030686975 297.40242063999176 22.571050746366382 114.79482663422823 426.60282470472157 440.57774219475687 51.018419101834297 25.518248716369271 39.758439846336842 324.59042456001043 109.22312841564417 25.200931150466204 688.07366932556033 34.097509687766433 608.17161795496941 380.85505053214729 49.28973950818181 60.590331748127937 33.248123086988926
leaf_count=294 2651 4859 2229 2377 1230 951 1630 373 263 7263 273 5105 620 392 495 2878 288 6169 9222 2845 2132 228 4798 1556 1419 187 569 11747 1495 1755 361 3377 230 1479 389 378 813 483 4483 399 3019 388 3955 1241 5346 439 1027 3766 4956 449 195 270 2042 730 276 3896 201 4422 2195 257 328 151
internal_value=-8.91556e-05 0.000503397 0.000924058 -0.00414854 0.00173862 0.00195987 0.00173686 0.00427914 0.00722077 0.000463958 0.00359092 0.000503162 -0.000289463 0.000284313 -0.00371501 0.00178912 0.00079022 -0.00110721 0.000730568 -0.00971975 -0.00069764 0.00541032 0.00421871 0.00821977 -0.0137057 -0.0180972 0.0299167 -0.00242901 -0.000145084 -0.0108601 0.00580891 0.0105075 0.00290568 0.0194681 0.00246457 0.0132254 0.0039678 0.00706652 -0.0027404 0.00584433 -0.00674602 -0.000362799 -0.0103191 -0.0151487 -0.0196228 -0.0110385 -0.00247858 -0.0108349 -0.0156972 0.000522255 -0.00533418 0.00829243 0.00553766 0.00601808 0.0106785 0.00205619 0.00604097 -0.00642424 0.0117413 -0.000392552 -0.0133192 0.00834261
internal_weight=18526.6 17453.7 16801.5 2324.14 14477.4 14292.3 14083.9 4600.71 2597.25 2003.46 1397.75 9483.21 8258.59 7845.1 2144.41 5700.68 5091.03 3609.43 1322.48 1072.94 329.131 1481.6 1405.97 892.597 743.814 540.322 150.925 3165.09 1454.37 821.931 2446.33 933.282 1513.05 336.642 1040.85 215.81 668.248 549.789 513.37 1224.62 605.703 825.041 652.145 427.16 523.392 225.989 1190.9 869.775 529.651 89.0733 452.121 444.341 397.597 164.161 47.772 1471.52 783.443 722.966 414.953 368.491 109.88 357.839
internal_count=130234 117296 109449 18141 91308 90078 89127 25714 14786 10928 7536 63413 57909 55680 17269 38411 35533 22552 9717 12938 2426 12981 12361 7650 10512 9093 832 19801 9321 7552 13954 5217 8737 1840 8054 1497 6094 5281 4711 5504 3392 6557 7847 5196 8906 3560 7826 8820 5797 841 3961 2751 2463 1119 715 8507 4611 5449 2396 2215 585 2193
is_linear=0
shrinkage=0.05


Tree=78
num_leaves=63
num_cat=0
split_feature=13 72 100 31 33 61 71 67 103 10 23 9 96 104 26 52 33 96 1 40 104 95 63 20 40 32 95 26 1 9 67 41 6 70 103 29 82 23 54 93 19 2 24 1 70 35 48 6 6 64 53 27 4 49 21 106 95 55 54 17 100 1
split_gain=33.9315 30.2461 28.867 26.538 24.3201 22.8836 22.7998 18.8721 17.0928 16.5163 15.2028 14.9491 19.8319 14.4639 14.1985 15.895 14.0352 13.9099 12.979 22.9814 15.6393 14.8047 12.8083 12.8266 12.6408 12.2183 12.1269 15.4871 13.1178 16.4351 19.1415 12.0361 15.9901 14.1389 16.826 12.4392 11.9631 13.4544 14.0708 11.7851 16.9105 11.919 11.6505 19.1028 15.2188 11.5218 11.4489 10.8558 10.8977 10.7439 10.4907 14.5364 10.5964 10.2404 11.9028 13.9991 11.5823 11.1867 11.9331 10.4913 11.0017 10.7502
threshold=1.5000000000000002 1.0000000180025095e-35 6.5000000000000009 5.5000000000000009 469.00000000000006 0.53229166666666672 1.0000000180025095e-35 25.850000000000005 0.23490373267100004 -174.99999999999997 0.57164700742682406 20.500000000000004 39.805000000000007 37.951981873111791 0.16380373482472113 0.24264705882352944 403.00000000000006 39.103333333333346 0.067816091954023008 13.500000000000002 35.688516483516487 38.250000000000007 0.87083333333333346 935.50000000000011 7.5000000000000009 60.250000000000007 38.850000000000001 0.17950129899469111 1.0000000180025095e-35 21.500000000000004 38.550000000000004 1.0000000180025095e-35 34.841666666666676 -0.48550420168067182 0.17414989179093418 0.23531055798507219 0.053333333333333378 0.2934526186862636 0.69337606837606847 0.63961038961038974 0.65476190476190488 0.24404761904761907 0.38675213675213682 0.27429467084639503 0.10000000000000055 8.5000000000000018 0.22048611111111113 35.758333333333347 39.916666666666679 -0.066307690773692224 0.99529505465873469 0.20779553950410803 0.31868409368409373 1.259086763621809 0.093485907110719649 0.26256345501390277 34.150000000000013 1.9390821524327211 0.94281045751633996 0.10620300751879701 7.5000000000000009 0.52277432712215333
decision_type=10 10 8 2 2 8 10 10 8 8 10 10 8 10 10 10 2 10 10 2 10 8 10 2 2 2 10 10 8 10 10 2 8 10 8 10 10 10 8 8 10 10 10 8 10 2 10 8 10 8 10 8 10 8 8 8 8 8 10 10 10 10
left_child=1 3 49 4 5 7 -4 39 13 11 26 -6 17 -8 -10 -16 -7 -13 19 -2 36 -22 -9 -24 -18 -5 28 -28 29 -11 46 32 -26 35 -35 50 -20 -38 -39 -1 41 -41 43 -33 -44 -45 -31 -14 -49 -3 51 -34 -52 59 55 -55 -56 58 -58 -30 61 -61
right_child=18 2 6 25 9 16 8 22 14 10 -12 12 47 -15 15 -17 24 -19 20 -21 21 -23 23 -25 31 -27 27 -29 53 30 -32 42 33 34 -36 -37 37 38 -40 40 -42 -43 44 45 -46 -47 -48 48 -50 -51 52 -53 -54 54 56 -57 57 -59 -60 60 -62 -63
leaf_value=-0.0043068878469282234 0.047784516124000004 -0.0063720837478146945 -0.027925396501286899 -0.0076097179857856322 -0.0037539751170876652 -0.019061189614764003 -0.015923456524809056 -0.013989382889441786 -0.018507881804286846 -0.00086510653299038006 0.015911790317447536 0.00834228782803988 0.036429814331613651 -0.0044304168104906056 -0.020920919939196599 0.0046258375937007316 0.020274958118791601 -0.024608938122334209 -0.0043023052268809656 -0.0030108485287704688 0.015870843711569382 -0.0039457045969626264 0.038164649602078951 -0.011072449160577914 0.014955124407252782 0.026934182736139508 -0.026270911357204094 -0.0010407755744613546 -0.014520581348695894 -0.001661062098506264 -0.0088896540270004647 0.0041612809835931295 0.0026541445904936741 -0.017518930843142773 0.000116655355674399 0.0096347069667322444 -0.00024895351350024628 0.038010635336186108 0.0023028670795018995 0.0099946423521283037 0.036425509198133046 -0.024131419286707666 0.00038942678325935696 -0.0073929595850163099 0.02585126790203697 -0.02494937283907828 0.021877694887417115 0.0092460293637848089 0.037225192089479962 0.003753141542435313 0.020859872623482503 -0.013381937080354692 -0.0053267056206411211 -0.0010558711905993626 0.016001012930073149 0.040992932403252892 0.0018674276750876243 0.014297822871767852 -0.015289387844798902 0.0028544980899936831 -0.013263023258220562 -0.0051719361735581134
leaf_weight=584.8107453212142 51.077149381861091 357.00312185846269 139.22485259734094 1068.4095657821745 190.32506201788783 86.329727932810783 623.01534921117127 672.8210826292634 98.635071514174342 299.22792824916542 196.57065880298615 587.31164559535682 92.963425789028406 489.54880055226386 67.404841801151633 553.47034567780793 84.012968018651009 32.915448481217027 398.45774211362004 38.704417293891311 507.2602212112397 115.27787229977548 23.517996558919549 27.985546927899122 251.04191686958075 25.266438938677311 82.162176778540015 226.76383150555193 130.71335301920772 60.579132257029414 75.960018035024405 351.03453617356718 444.67665632069111 171.07675793394446 631.93701416254044 667.1947411634028 153.37515496835113 62.649990562349558 48.936932630836964 98.973859403282404 45.162616103887558 33.389371562749147 573.04503784328699 651.43792805075645 64.386824324727058 108.51127358525991 344.54270412772894 154.62041437253356 44.344138968735933 976.08613452129066 107.69322405010462 205.98547923564911 59.400946937501431 34.665274035185575 161.11400960385799 44.987946111708879 1337.7040799185634 164.35270841047168 108.6518127322197 1671.0818141307682 146.16675014607608 554.8656919002533
leaf_count=4730 402 3150 2578 8805 1289 688 6765 9224 1325 2492 906 3569 540 5472 970 4307 390 244 2210 404 2739 758 228 216 1300 131 767 1543 1034 667 924 2419 2736 1370 4250 3436 911 297 226 777 227 188 2753 3426 326 618 2596 1183 485 5945 486 1232 279 357 699 292 6921 828 513 9676 1008 2690
internal_value=0.00026 -0.000348467 -0.00464392 0.000681776 0.00132617 -0.00100524 -0.00848547 -0.00637494 -0.00699374 0.00338144 0.00228646 0.00897605 0.0116334 -0.0108748 -0.000985741 0.00182319 0.000786577 0.00655677 0.00781122 0.0260949 0.00651542 0.0122009 -0.0121484 0.0117093 0.00118281 -0.0067878 0.0017916 -0.00781411 0.00237094 0.00833666 0.01405 0.000804057 0.00300197 0.00168448 -0.00365761 0.00457382 0.00116997 0.00938458 0.0225104 -0.000880589 0.0103673 0.00126975 -0.00238759 -0.00547739 0.00299778 -0.00992929 0.0183624 0.0223601 0.0156368 0.00103885 0.000437996 -0.00243527 0.0115744 0.00130019 0.00411834 0.022907 0.00326124 0.00197778 0.000568916 -0.000785349 -2.26806e-05 0.000852311
internal_weight=18460.8 17085.1 3304.39 13780.7 12687 5944.43 1971.3 1486.66 1832.07 6742.59 5640.11 1102.48 912.155 1112.56 719.51 620.875 4457.77 620.227 1375.74 89.7816 1285.96 622.538 724.325 51.5035 4371.44 1093.68 5443.54 308.926 5134.61 780.31 481.082 4287.42 2539.01 2287.96 803.014 1484.95 663.42 264.962 111.587 762.337 177.526 132.363 1748.42 1110.98 637.432 759.949 405.122 291.928 198.965 1333.09 817.756 650.662 167.094 4354.3 1851.48 79.6532 1771.82 1610.71 1446.36 2502.83 2372.11 2225.95
internal_count=129917 121970 30512 91458 82522 41299 21417 15590 18839 41223 33913 7310 6021 12237 6602 5277 25709 3813 7947 806 7141 3497 9668 444 25021 8936 33007 2310 30697 6679 4187 24631 15089 13789 5620 8169 3644 1434 523 5922 1192 965 9542 6463 3079 4044 3263 2208 1668 9095 4733 3968 765 24018 9610 649 8961 8262 7434 14408 13374 12366
is_linear=0
shrinkage=0.05


Tree=79
num_leaves=63
num_cat=0
split_feature=40 51 101 0 17 100 12 35 40 12 67 54 55 54 59 31 60 38 64 59 103 104 44 21 47 81 101 6 27 6 66 39 47 33 35 38 67 61 27 4 51 9 59 57 9 0 51 34 41 49 104 46 40 104 30 90 55 1 4 18 60 51
split_gain=35.9919 25.495 25.2502 31.947 25.2235 20.9846 18.7969 16.9202 17.3938 18.1309 16.4972 17.6954 20.8004 20.3735 16.0784 15.7644 14.654 14.5793 14.0471 13.2122 13.1707 12.9132 13.0725 13.0488 12.8165 12.4971 13.3183 13.4017 12.4654 12.1722 17.0813 12.6688 12.3948 12.0992 11.9115 15.7967 12.6155 11.8443 11.3557 11.3033 16.7442 11.25 14.9103 13.6323 14.3066 11.2151 11.0515 11.0289 10.8288 11.5309 12.443 10.7605 17.258 10.7336 10.6874 10.6639 10.6619 10.8538 10.4567 10.1791 10.179 13.522
threshold=15.500000000000002 1.1714403783665654 2.7500000000000004 2.5000000000000004 0.061553030303030311 6.5000000000000009 -1.4999999999999998 2.5000000000000004 7.5000000000000009 1.0000000180025095e-35 37.95000000000001 0.93933823529411775 0.81177910563378941 0.82843137254901966 -0.09168438667842839 6.5000000000000009 -0.7722667955641721 0.080128205128205135 0.95824153535835765 1.3479648444738215 0.21108616285151066 38.670054347826095 3.5000000000000004 0.19261309249731087 7.5000000000000009 0.79458631422764958 1.5999999999999981 34.383333333333347 0.31828985998193321 35.51666666666668 3.5000000000000004 1350.0000000000002 1.1250000000000002 525.00000000000011 1.5000000000000002 0.17914438502673799 39.050000000000004 0.55718954248366026 0.28750605033881899 0.46668447293447307 -1.1785726606132887 15.500000000000002 0.93433751648921826 0.41036271374591521 62.500000000000007 10.500000000000002 -0.89649860688845118 5.5000000000000009 2.5000000000000004 1.2333449738773925 37.544461460346589 0.61666666666666703 12.500000000000002 38.766637220259135 0.30008576329331055 0.15476190476190479 1.152098564033939 0.45080645161290328 0.18747294372294382 0.68990384615384626 -0.46454837721051073 -0.10462894696028337
decision_type=2 10 8 2 10 10 10 2 2 10 10 8 10 10 8 2 10 2 10 8 10 10 2 8 8 8 10 10 10 8 10 2 8 2 2 2 10 8 10 10 10 10 10 8 10 2 10 2 2 10 8 8 2 8 8 8 10 10 10 10 10 10
left_child=2 5 6 20 -5 10 -1 19 -9 15 11 12 33 -14 -12 17 -6 -10 24 25 29 22 -21 -24 -18 26 27 -8 -13 30 32 -31 -4 55 35 -33 -37 -36 46 40 -15 42 47 -43 45 -45 -11 -19 49 50 -30 52 -27 -16 56 -2 58 -58 -29 -55 -7 -62
right_child=1 -3 3 4 16 60 7 8 9 38 14 28 13 39 53 -17 18 41 -20 21 -22 -23 23 -25 -26 51 -28 54 48 31 -32 34 -34 -35 37 36 -38 -39 -40 -41 -42 43 -44 44 -46 -47 -48 -49 -50 -51 -52 -53 -54 59 -56 -57 57 -59 -60 -61 61 -63
leaf_value=0.020969672690886013 0.010921164900434571 -0.015737563925959232 0.017925788583929004 -0.016497811373418849 -0.010688838090174388 -0.017045363230725554 0.017524233248727272 0.02291582413107978 -0.014525411182298215 -0.0037443087417280401 -0.025151160900456965 -0.012507691407639708 0.024822955252784825 0.011413513575061011 -0.0064949657357064872 -0.013708803186299579 0.0039239127827052469 -0.0047792420258621141 0.020932903780903945 -0.0014454417470143065 0.0059673494300412008 0.034269644445746698 0.036552839223585924 0.010534221509548806 -0.022250425647057797 0.025752998965276261 0.019581567420939666 -0.0098374839018463365 -0.018574169223682695 0.0084435087763640535 0.041762466356051915 -0.038845994229005879 -0.021934736925027086 0.012652117654644102 -0.015926826762054772 -0.0053436547641114353 -0.035376972989663288 0.0050494059897676809 0.0067591850771230276 0.019570051531856453 -0.007788876291901831 0.0072856713397934066 0.0094451317385197998 0.0086581533960471361 -0.0098720607247923409 -0.0089052441648123544 -0.019855292584431177 -0.027126035877641692 -0.021083973794094643 0.027330983495482561 0.015670800415630577 -0.0080977964642153528 -0.0085238718113485202 -0.00046503171481064392 -0.0064994861354846977 -0.001320493303282329 0.028725415581131342 0.0038800577268166374 0.0050990128906923948 0.022049264528579703 0.0046836568795467683 -0.013076908116115511
leaf_weight=150.76597391813993 185.4779632370919 351.79388321191072 42.692744873464108 522.754529658705 277.20179182291031 303.74376905150712 190.69192338176072 87.23939073830843 117.53228068724275 216.20334635674953 97.217396013438702 431.86884346604347 157.76529675535858 210.84191954322159 1237.2021548803896 153.43781378120184 247.48019774630666 267.86622818186879 94.95840946957469 148.78908705152571 1037.8329340480268 64.899882558733225 64.061758693307638 191.4326743632555 56.615349419414997 71.117668457329273 170.76204719394445 130.09342785924673 51.205082314088941 168.83304550312459 35.266297914087772 49.4489486515522 34.225951662287116 174.48472764156759 88.274926882237196 303.88554544560611 38.604548454284668 272.36151488497853 102.7265462949872 100.67442162521183 243.62984255701303 1668.3647529445589 151.13462684117258 369.49439638480544 275.33919275179505 119.54639310017228 209.77366638742387 68.761330613866448 37.457029081881046 52.690694600343704 52.931427102535963 312.91027654521167 74.064797090366483 294.78703187406063 227.11834829114377 3868.488966120407 89.717317048460245 85.978406049311161 1107.5887698940933 59.498633071780205 194.13479739055037 237.13448749668896
leaf_count=778 1362 7295 302 5191 1916 2983 939 442 815 1008 1268 2613 875 1111 9675 1209 1376 1957 424 787 6980 315 408 949 320 436 1041 584 295 1290 263 353 238 1114 1184 1972 332 1744 501 831 1231 11633 814 1716 1319 576 1307 467 201 230 311 2491 596 2521 1164 25437 519 388 7018 289 1266 3188
internal_value=-0.000149962 -0.00258321 0.00184861 -0.00176868 -0.00826053 -0.00200222 0.00356626 0.00317372 0.000975303 0.000454771 -0.00118608 0.000127202 0.00113113 0.0090253 -0.00551337 0.00187611 -0.00187805 0.00266748 0.00425377 0.00602992 0.0019912 0.013712 0.0103355 0.0171751 -0.00100608 0.00455979 0.00626397 0.00501207 -0.00778457 -0.00200318 0.0134746 -0.00390022 0.000135461 -0.000201639 -0.00667695 -0.0126993 -0.00882207 -0.000114903 -0.00811235 0.00449925 0.00112514 0.00336412 -0.00356082 0.00475346 -0.000775739 0.00435536 -0.0117061 -0.00941074 0.00272462 0.00850869 -0.00118434 -0.00288521 0.00832797 -0.00429873 0.00354786 -0.000757855 0.00516584 0.0166579 0.00352236 0.00336743 -0.0100468 -0.00508969
internal_weight=18500.9 8343.03 10157.8 3270.44 1199.01 7991.23 6887.41 6736.65 3807.42 3720.18 7256.22 5567.52 4941.36 712.911 1688.71 3191.48 676.256 3038.04 399.054 2929.23 2071.43 469.183 404.284 255.494 304.096 2460.04 2001.95 1831.19 626.153 1033.59 112.185 921.409 76.9187 4228.45 752.575 391.939 342.49 360.636 528.704 555.146 454.472 2920.51 487.762 2432.74 764.38 489.041 425.977 336.628 194.284 156.827 104.137 458.093 145.182 1591.49 1640.5 4053.97 1413.38 175.696 1237.68 354.286 735.013 431.269
internal_count=130158 64096 66062 23885 9227 56801 42177 41399 23764 23322 49364 35611 31961 4048 13753 20506 4036 19297 2120 17635 14658 2459 2144 1357 1696 15176 11653 10612 3650 7678 803 6875 540 27913 5585 2657 2304 2928 2816 3173 2342 18482 3238 15244 3611 2292 2315 2424 1037 836 606 3523 1032 12485 9673 26799 8509 907 7602 2810 7437 4454
is_linear=0
shrinkage=0.05


Tree=80
num_leaves=63
num_cat=6
split_feature=33 53 31 6 37 10 64 1 70 26 9 110 26 51 85 66 110 26 110 33 42 110 49 51 81 31 23 103 110 45 26 35 51 81 115 4 95 49 46 87 33 27 27 31 9 55 43 4 38 65 66 21 3 69 2 9 96 102 65 2 26 63
split_gain=33.2194 30.1701 26.7962 27.0998 23.369 21.6537 20.5237 25.3107 20.638 21.0319 18.8676 17.9956 17.5428 15.0377 14.863 14.7249 18.2889 13.839 13.8085 15.1459 13.0642 16.6324 12.7806 12.7735 13.0859 12.7318 16.1502 12.6868 12.3612 12.1327 12.4776 11.6042 11.5205 18.6072 11.5465 16.4399 16.8453 19.5871 11.5001 11.3634 16.4515 11.6502 12.9072 11.1568 13.567 13.1256 12.4638 17.8694 12.1387 11.272 11.0893 11.8372 10.967 10.9408 10.8535 12.656 10.802 10.6555 10.5825 11.3491 12.9521 11.4759
threshold=417.00000000000006 -0.90281873749579644 4.5000000000000009 35.141666666666673 8.5000000000000018 45.000000000000007 1.107910202838325 0.8973684210526317 -1.0542997542997543 0.20608503702766001 216.50000000000003 0 0.1123724358313576 -1.3718374653553558 1.0000000180025095e-35 3.5000000000000004 1 1.0000000180025095e-35 2 495.00000000000006 3.5000000000000004 3 1.6165100220960251 -1.4550120496734584 -0.41400367404251209 3.5000000000000004 0.2858212147134303 0.40070422535211275 4 12.500000000000002 0.27629373427692761 2.5000000000000004 -1.3718374653553558 -0.21933807432960548 5 0.43748638344226587 34.650000000000013 -0.60540007882554681 0.11666666666666674 0.1735824150596878 511.00000000000006 0.25549599271545315 0.14118784844692231 2.5000000000000004 63.500000000000007 0.21799520268196174 1.5000000000000002 0.44418498168498177 0.56696428571428581 3.5000000000000004 3.5000000000000004 0.26266779279279284 0.35461137655707803 -2.27142857142857 0.04819976771196284 106.50000000000001 33.902941176470598 0.18415684717404932 5.5000000000000009 0.096006144393241177 0.22819192866822227 0.51388888888888895
decision_type=2 8 2 8 2 10 10 10 10 8 10 1 10 8 10 10 1 10 1 2 2 1 10 8 10 2 10 8 1 2 10 2 8 10 9 10 10 10 8 10 2 10 8 2 8 8 2 10 2 10 10 8 10 10 10 10 8 10 10 8 10 8
left_child=28 12 3 4 25 6 7 8 39 13 14 43 -2 -10 15 -4 -17 -15 -6 29 21 -8 31 -9 -25 38 -27 52 -1 30 -20 58 33 -7 35 -34 -37 -38 -3 41 -41 42 -5 45 -45 -11 49 -48 -49 -46 51 53 -18 -39 55 -54 -40 -22 59 -14 -61 -62
right_child=1 2 10 5 18 32 20 23 9 11 -12 -13 22 17 -16 16 27 -19 19 -21 57 -23 -24 24 -26 26 -28 -29 -30 -31 -32 -33 34 -35 -36 36 37 50 56 40 -42 -43 -44 44 46 -47 47 48 -50 -51 -52 -53 54 -55 -56 -57 -58 -59 -60 60 61 -63
leaf_value=0.0036604122638287206 -0.018949722657399942 0.034941665533338835 -0.0056090432532512474 0.012757167898703917 0.011856528086429785 -0.0013105608103235003 0.022488348706284137 0.00246620231443997 0.017816483414658465 0.0037774917254905435 -0.027028601813073195 -0.0011342225170780276 0.0072981222500768834 0.031866780759689017 0.029645708067896698 0.0099162127125028299 0.005448312395119146 -0.0078169249402724652 -0.0037433661368531015 0.012956715682195714 -0.0095406838796839363 4.9928099787711555e-05 0.014940031821308979 -0.025131065435495811 -0.0027429073064812208 0.012929294309795737 -0.0039282365917518453 -0.023378964075629536 -0.015873323281483404 -0.010582817951918597 0.020971796013365518 -0.0087199864011495553 -0.0073088730480472281 0.032346196243673145 -0.0086822987768092105 -0.0028057600409240962 -0.00826101844830676 0.047042277790744706 0.028318783037463182 0.0070502392682080563 0.027080418161111949 0.0080968326004194572 -0.0022181923206829996 0.010787660972347318 0.022724744715698457 0.028502252044816608 -0.021152400145976274 -0.0079201465432538372 0.03766291646994778 -0.0071377331477655084 0.043709150011615183 -0.0078625627065071393 0.0080840074372556438 0.0071613584877773919 -0.011260411224869891 -0.023646498288905672 0.010905369913657956 0.0074141527414988339 -0.032173367040605687 -0.01361632252733814 -0.017751211281241571 0.012421439574597534
leaf_weight=101.56652312912047 209.81915306858718 62.153797144070268 1716.0015702582896 165.62259016372263 217.13691744022071 151.50854067504406 274.0615180619061 125.77651399374008 63.191837400197983 96.196784988045692 76.888496715575457 1498.8054636921734 356.56263382360339 21.434939561411738 35.411699179559946 417.52366655319929 394.42302127927542 1136.8600505590439 174.15743309259415 136.63812281005085 111.09791121631861 126.40445552766323 86.757570192217827 172.79208961129189 104.95507403463125 294.53590695001185 272.92729584127665 66.345907339826226 412.4346681823954 406.6841567158699 71.123168036341667 835.06432510539889 480.3661442771554 55.297843806445599 898.50076363794506 259.5101087000221 59.585358154028654 34.327524865046144 99.518715254962444 1091.4815807100385 112.37005077861249 653.04753682017326 1053.4348043724895 404.46381937339902 68.340730782598257 121.44447084516287 132.4192983917892 32.95387657918036 24.839253952726722 57.374455457553267 53.075577849522233 35.314162112772465 191.73954804241657 34.334715861827135 327.57158727757633 36.559632366523147 823.80675581842661 535.96409920975566 23.965153146535158 203.85444076173007 40.757008658722043 127.93246921151876
leaf_count=974 3333 330 11923 1048 1193 668 1273 548 281 716 606 10261 4092 238 210 3102 2249 11269 1081 697 567 585 416 782 480 1701 1277 394 4324 2192 364 9126 2418 244 7059 2543 701 208 484 5848 566 3315 6142 2561 537 706 829 336 248 458 453 201 1920 372 2617 382 4322 2523 354 2138 348 1040
internal_value=0.000269504 0.000628633 0.00133071 0.0023613 0.00696328 0.00121163 0.00236518 0.00140543 0.00213483 -0.00040338 -0.00271403 0.00228065 -0.00535452 -0.00575545 -0.00211887 -0.00248524 0.00125376 -0.0070557 0.00102378 -0.00209383 0.0088973 0.015985 -0.00364111 -0.0107424 -0.0167112 0.0108068 0.00482884 -0.00238409 -0.012251 -0.00529519 0.00347926 -0.00466494 -0.00336687 0.00780125 -0.00461548 -0.000790237 0.00578769 0.0160474 0.0142406 0.00515274 0.00894082 0.00271336 -0.000174833 0.00766288 0.00473421 0.0176412 -0.00302526 -0.011076 0.0119786 0.0091472 0.0252639 0.0155217 -0.000920335 0.0274888 -0.00544093 0.00292175 0.0128108 0.00449285 -0.000162786 0.000932002 -0.00516425 0.00506979
internal_weight=18467 17953 16068.3 12805.8 2558.68 10247.2 8185.33 7137.81 6734.28 3658.32 3262.47 2436.84 1884.71 1221.49 3185.58 3150.16 1434.16 1158.29 1005.74 788.603 1047.53 400.466 1674.89 403.524 277.747 1552.94 567.463 1016.64 514.001 651.965 245.281 1588.14 2061.82 206.806 1855.01 956.514 476.147 216.637 985.479 3075.96 1203.85 1872.1 1219.06 938.033 720.391 217.641 315.928 190.212 57.7931 125.715 157.052 103.976 950.294 68.6622 555.871 228.299 923.325 647.062 753.072 729.107 372.544 168.689
internal_count=130173 124875 104028 80625 13641 66984 52117 47169 45359 28440 23403 16652 20847 11788 22797 22587 10664 11507 5527 4334 4948 1858 17514 1810 1262 8114 2978 7562 5298 3637 1445 17098 14867 912 13955 6896 4478 1935 5136 16919 6414 10505 7190 6391 4969 1422 2408 1413 584 995 1234 781 7168 580 4919 2302 4806 3090 7972 7618 3526 1388
cat_boundaries=0 1 2 3 4 5 6
cat_threshold=450 312 120 662 328 4
is_linear=0
shrinkage=0.05


Tree=81
num_leaves=63
num_cat=4
split_feature=40 100 12 67 68 91 27 64 4 23 24 110 96 46 31 6 64 95 78 35 72 2 68 7 9 64 58 17 56 70 6 4 80 80 91 44 38 58 66 110 49 81 21 96 62 110 82 63 56 91 24 9 104 71 51 65 110 56 69 95 9 62
split_gain=32.9947 28.2083 25.6658 24.7385 26.8291 26.211 21.0406 20.7554 19.1707 18.7259 16.5027 15.4552 17.0778 15.2941 15.0677 14.653 14.3725 13.9249 13.2082 15.6592 12.9894 17.545 15.7117 13.096 13.0769 13.2558 18.0725 12.842 12.654 14.2432 14.3866 14.3044 12.2867 12.8288 12.5261 12.1841 12.1435 12.7894 12.1099 12.9 12.0828 12.0364 18.9837 11.7247 11.7 11.6619 15.1971 13.1247 12.3905 13.0115 11.7716 12.6947 11.3284 11.2528 11.1285 11.0912 11.0849 12.1413 11.9345 11.004 11.5555 10.9219
threshold=16.500000000000004 2.5000000000000004 1.0000000180025095e-35 38.250000000000007 12.65 0.097619047619047633 0.17259856849229993 0.45537109597961062 0.38888888888888901 0.25026539278131638 0.38675213675213682 0 38.60208333333334 1.2416666666666671 4.5000000000000009 38.916666666666679 0.99891948721335722 38.050000000000004 42.500000000000007 1.0000000180025095e-35 1.0000000180025095e-35 0.11651583710407241 12.15 3.5000000000000004 104.50000000000001 -0.6771343863068896 0.21145561019375142 0.68990384615384626 -1.0889359079570726 -0.79912280701754301 35.283333333333346 0.16400081400081404 0.080128205128205135 0.83974358974358987 0.58578431372549034 7.5000000000000009 0.48529411764705888 -0.32813589747131799 3.5000000000000004 1 2.4730911044211115 -1.2105408564029083 0.24339691500768668 34.54058823529413 1.0417595645498754 2 0.15575396825396837 0.33854166666666669 0.64251710936644257 0.43167701863354041 inf 42.500000000000007 37.869131025828722 1.5000000000000002 0.80138571258076408 4.5000000000000009 3 0.3502777995176371 -2.1111111111111085 33.750000000000007 56.500000000000007 -1.6147516769799688
decision_type=2 8 10 10 10 8 8 10 10 8 10 1 10 8 2 8 10 8 8 2 8 10 10 10 10 8 10 8 8 10 8 8 10 10 8 2 2 8 10 1 10 8 10 8 10 1 10 8 10 8 8 10 8 8 10 10 1 10 10 8 10 10
left_child=1 10 3 4 5 11 9 18 -9 54 40 13 27 -3 20 53 17 45 19 -6 24 22 44 -23 25 26 52 -13 -2 31 43 -30 -12 59 -35 36 -29 -38 -19 -40 -1 42 -16 -31 -22 47 61 -8 49 50 -49 -52 -7 -4 -5 56 57 58 -27 60 -34 -47
right_child=28 2 15 6 7 14 16 8 -10 -11 32 12 -14 -15 41 -17 -18 38 -20 -21 21 23 -24 -25 -26 55 -28 35 29 30 -32 -33 33 34 -36 -37 37 -39 39 -41 -42 -43 -44 -45 -46 46 -48 48 -50 -51 51 -53 -54 -55 -56 -57 -58 -59 -60 -61 -62 -63
leaf_value=0.00093836000021165844 -0.028509088209181955 0.025959691470716154 -0.022128266922568487 -0.016057378472304554 0.015050986001794428 0.026975654834414105 -0.0064888001854975456 -0.0044346943296422166 0.013579585238479429 0.00086994731445725498 -0.0070556361686732391 0.0053717230949305956 -0.0083600044387389019 0.0055000736230068148 0.032149661685956822 -0.030652308330891134 -0.012287392633145025 -0.011536605804560281 -0.0096808123706434018 -0.018219783771601158 0.0026686660748591468 -0.012575236119938969 -0.0091398050548621209 0.0027203809186175216 -0.0098615996255142016 0.0083336677757674827 0.046587695505268485 0.008996353874062387 -0.02174579579291442 -0.013013688610909555 -0.015102595989393517 0.0012527906107611952 0.028228974685535813 -0.015841688929808036 0.0080591481132936457 -0.0076981109268465589 0.061517443336480342 0.023333453607170093 0.010200492461636089 -0.0056070118970127144 0.029522918588646918 -0.005685551361586179 -0.010931670530517905 0.0033788361378420464 0.013679507314609757 -0.020401349526163261 0.027547735275810822 0.049715119362803019 -0.0064672020391283976 0.0098302994796053561 -0.0094283966994052493 0.04088549094832078 -0.017453032361932685 -0.0043879008784194406 -0.041733879489945593 -0.015801393117335562 0.0055731951068773815 -0.00093381271657745591 0.046100568291457117 0.0086567600566408252 0.0070904542011659428 0.00028845316316814852
leaf_weight=2002.8584116902202 59.512645744718611 225.16297263652086 99.752983024343848 275.35324910283089 120.15997883304954 28.214725276455283 77.035257156938314 320.10906052589417 272.61755201034248 158.04520873166621 127.12811653316021 937.2403195425868 183.85133492574096 154.33298606239259 54.498894328251481 65.869586350396276 279.41484075970948 372.72864686511457 1034.6018538326025 48.996003296226263 1916.360245404765 373.28937753289938 250.46362508833408 223.01851204037666 108.35400438122451 33.406387753784657 49.922199919819832 85.05142412148416 72.747290655970573 176.6237576957792 519.90111256297678 811.43270509503782 160.9819208085537 95.497556809335947 125.96848959103227 36.993777373805642 30.367006158456206 81.449966095387936 192.840206829831 340.84811900369823 36.667160056531429 972.27430883236229 46.699126780033112 281.8938442338258 275.16562857478857 71.450123073533177 45.255137648433447 56.867886753752828 46.283828105777502 111.13006159290671 24.458692220970988 24.080552885308862 27.246476270258427 801.61739310063422 49.657270424067974 51.815338170155883 947.24956441856921 38.661512654274702 57.381459381431341 1304.2103830203414 109.02720373123884 533.15778472460806
leaf_count=12246 956 1515 909 3061 881 288 871 1475 2055 1196 619 7123 1427 1162 408 563 1532 4208 12675 435 10305 1985 2067 1139 735 216 375 646 339 1159 5200 5297 762 540 652 279 316 540 1909 3116 167 6962 243 1986 1203 594 364 411 250 702 215 217 409 4346 1421 320 5652 179 383 6389 521 4244
internal_value=0.000202031 0.000921345 -0.000235021 0.000415383 0.00166908 0.00303492 -0.0038206 -0.00379487 0.00385968 -0.013249 0.00460081 0.00838699 0.00573207 0.0172229 0.00133167 -0.00805689 -0.001722 -0.000159427 -0.00756402 0.00536367 0.00263264 0.000822201 0.00270008 -0.00685971 0.00672704 0.00819057 0.0250739 0.00799853 -0.00599741 -0.00526322 -0.00941645 -0.000661883 0.00792289 0.00898665 -0.00227193 0.0184582 0.0233873 0.0341567 -0.00463415 0.000199095 0.00146648 -0.00397475 0.0123568 -0.00295024 0.00405678 0.00393921 -7.53204e-05 0.0112651 0.0169008 0.0219024 0.0344179 0.015854 0.00522659 -0.00637354 -0.0200964 0.00659316 0.00768454 0.0209407 0.032446 0.010571 0.0197511 -0.00218623
internal_weight=18495.3 16573.1 12610.8 11643.6 8984.96 7188.47 2658.61 1796.48 592.727 483.056 3962.34 1734.45 1354.95 379.496 5454.02 967.24 2175.55 1896.14 1203.76 169.156 4380.55 3038.3 2441.99 596.308 1342.25 1233.9 105.383 1171.1 1922.11 1862.6 978.419 884.18 1922.81 1795.69 221.466 233.862 196.868 111.817 906.417 533.688 2039.53 1073.47 101.198 458.518 2191.53 989.719 649.863 339.856 262.821 216.537 105.407 48.5392 55.4612 901.37 325.011 1128.51 1076.7 129.449 90.7878 1574.22 270.009 604.608
internal_count=130360 115423 93527 87709 63398 45877 24311 17521 3530 5678 21896 13008 10331 2677 32869 5818 18633 17101 13991 1316 25256 16699 13575 3124 8557 7822 1072 8904 14937 13981 8345 5636 9483 8864 1192 1781 1502 856 9233 5025 12413 7613 651 3145 11508 7868 5202 2666 1795 1545 843 432 697 5255 4482 6750 6430 778 599 7672 1283 4838
cat_boundaries=0 1 2 3 4
cat_threshold=56 27 352 328
is_linear=0
shrinkage=0.05


Tree=82
num_leaves=63
num_cat=0
split_feature=40 51 9 10 56 88 26 64 9 55 107 7 12 7 87 69 7 67 0 15 9 1 91 102 33 61 37 0 33 94 62 6 96 2 60 96 83 93 87 29 21 16 58 104 59 49 26 46 42 44 82 46 51 26 63 64 23 56 1 56 22 57
split_gain=33.5958 32.1594 25.5671 26.9562 23.0694 22.9514 30.6905 21.719 19.9547 22.4634 18.5276 17.7285 17.0896 16.5809 14.8871 14.7129 20.9146 14.6001 14.3771 14.2485 17.3861 15.2369 14.63 17.4888 13.9265 13.8342 13.619 15.3464 13.0889 12.8712 12.6137 12.6107 17.5913 13.3539 12.4836 11.9873 13.445 17.8434 12.1102 13.1323 12.0259 11.9663 12.7972 11.6331 11.1946 11.1451 11.1283 11.0132 10.9963 11.2108 11.1634 10.9555 10.901 10.824 10.7781 10.7608 10.7391 14.4184 10.6423 10.6396 14.8375 14.5592
threshold=11.500000000000002 1.1714403783665654 329.50000000000006 -14.999999999999998 -1.1698604250026953e-14 1.0000000180025095e-35 0.27954073580407862 1.1254793246521002 24.500000000000004 0.54275609575037664 35.290640531809153 3.5000000000000004 1.0000000180025095e-35 1.0000000180025095e-35 0.49738948833971464 -0.58937969924812339 1.0000000180025095e-35 25.150000000000002 8.5000000000000018 1.0000000180025095e-35 15.500000000000002 0.23205128205128209 0.093073593073593086 0.2365181309760058 511.00000000000006 0.18465909090909094 3.5000000000000004 8.5000000000000018 465.00000000000006 5.5000000000000009 0.65554750532972772 35.041666666666679 34.875961538461546 0.20416666666666669 -0.61339315425997187 36.651315789473692 1.0000000180025095e-35 0.78174603174603186 0.39897959183673476 0.25748745424131497 0.058863819500402904 0.2455419902262686 0.26514770402734483 38.843757951653949 0.59494859984776804 1.6473192106405941 0.32337632489725293 0.86666666666666703 11.500000000000002 3.5000000000000004 0.058745421245421321 1.2083333333333337 0.24118829644432829 0.14591511004536226 0.72048611111111127 1.2227535909405118 0.26671634376552417 0.45725313370715398 0.44222222222222224 0.028040507205630952 0.10333401948675726 -0.55134709347136479
decision_type=2 10 10 8 8 2 10 10 10 8 8 10 10 10 10 10 8 8 2 2 10 8 8 8 2 10 2 2 2 2 10 8 8 10 8 8 2 8 8 8 10 2 10 10 8 8 10 10 2 2 8 10 10 10 8 10 10 8 10 10 10 10
left_child=19 2 3 24 8 7 10 11 -5 28 15 12 35 -14 59 16 44 -18 -8 21 -21 47 23 25 31 -22 -9 -28 53 -24 -15 32 -2 -33 43 52 38 -38 -37 40 -40 -11 -43 -13 -7 -46 -30 -1 49 50 -26 -36 54 -10 -6 -23 57 -49 -29 60 -3 -61
right_child=1 14 -4 4 5 6 18 26 9 41 -12 34 13 30 -16 -17 17 -19 -20 20 22 55 29 -25 48 -27 27 58 46 -31 -32 33 -34 -35 51 36 37 -39 39 -41 -42 42 -44 -45 45 -47 -48 56 -50 -51 -52 -53 -54 -55 -56 -57 -58 -59 -60 61 -62 -63
leaf_value=0.026752885809039118 0.0018188123281253903 -0.021259938560365354 -0.032465305918013269 -0.013360136691758255 0.022527235640252975 0.019353378206788091 0.0056439152464233498 -0.0039670955096292463 -0.033894848470595935 0.0032272706820308697 -0.011579199766366859 -0.011792566374194973 -0.021175652952056992 -0.015636039928034352 0.0062833998966973911 -0.010659034522579275 0.012725946706627437 -0.0070119452988354706 -0.0095002325645251635 -0.010158622670772466 -0.0076305704486412445 0.0035734752134911198 0.0035197316098153153 -6.2268024859830104e-05 0.0083739431139614341 0.030780407333431337 0.01784470322513652 0.012049630508676752 -0.0046805078981465879 -0.0095736655107375099 0.0081156095520356405 0.0021275018590838695 0.019391477252792406 -0.0095880841540069862 0.026309496106679153 -0.0022379565943569696 -0.00046662781018656405 -0.013159934203658028 -0.028463160734395324 0.013100529393986045 0.0030619196370381247 0.055263669423400157 0.0031676580364439749 0.020280049645003951 -0.0035961036912745751 0.02310077982192266 0.017884461852036945 0.0068880977738097014 0.035067923988463444 0.016858964949164924 -0.024948822329673593 0.0050030179212043162 -0.014254896074215262 -0.010675278647297733 0.0016282803948805592 0.018998695875540216 -0.0064347163717197566 0.038985394140897106 -0.014607317186863408 0.04332287494577533 0.0085346578541069251 -0.0084201362109271923
leaf_weight=148.26841555349529 356.91205329634249 416.18960559740663 62.072239523753524 681.62905494496226 148.85603303834796 161.09506363421679 1009.7217229790986 145.69332908838987 57.250505276024342 439.34724391438067 1035.1657072491944 90.180676314979792 188.09265183098614 91.121598981320858 94.952301675453782 471.02321657538414 105.75937545672059 767.98416751436889 184.54437569528818 291.75567466020584 27.963116351515055 1306.2005047723651 814.55365288257599 138.34314380213618 70.589088264852762 133.56918777711689 432.97762212902308 76.729206837713718 589.86506674066186 242.80911052413285 141.1726980432868 1877.9053861852735 236.2367109823972 278.40534682944417 141.28657808154821 809.18647737428546 924.97658713161945 394.18591313809156 30.829418933019042 393.58346440456808 610.14008561894298 23.070730715990067 23.354884458705783 39.986048061400652 180.25167571380734 48.854399271309376 59.222068455070257 119.73182124085724 47.937100257724524 184.34016861021519 37.755363864824176 105.72919981554151 38.856111353263259 380.89945195429027 105.14504047483206 122.89032506197691 73.731174627318978 48.778582476079464 71.24141838401556 15.049344839528201 45.901355901733041 87.898669308051467
leaf_count=1032 2053 9503 464 6504 823 977 5318 675 869 3396 7928 501 1143 584 1341 3131 636 4582 987 2098 308 6604 4291 895 453 959 1979 407 5444 1324 691 14083 1525 1564 766 4995 5626 2793 416 2461 4568 225 189 229 935 216 386 1146 306 1175 246 569 352 3692 497 558 404 302 319 224 471 1159
internal_value=-0.00017312 -0.00119796 -0.00070125 -0.000561004 -0.00170178 -0.000562146 -0.00340043 0.00169755 -0.00622054 -0.00312023 -0.00628832 0.000331863 -0.000676154 -0.0101825 -0.0119812 -0.00312668 -0.000313451 -0.00461102 0.00329777 0.00426117 0.000893822 0.00731063 0.00327542 0.0130034 0.00357257 0.024125 0.00968005 0.0131035 -0.00711222 0.000506805 -0.00122849 0.0023886 0.00883843 0.000611137 0.0106652 0.000482883 -0.000414463 -0.00426668 0.00234255 0.00592393 0.00150365 0.00581073 0.0296756 -0.00186065 0.00929691 0.00217237 -0.00259736 0.0160526 0.0130944 0.00938839 -0.00336019 0.0172467 0.0101428 -0.0137795 0.0139163 0.00491228 0.00942017 0.0163545 -0.000796433 -0.0150562 -0.0182883 -0.000512132
internal_weight=18479.7 15011.2 14351.2 14289.1 11199 8944.37 3964.4 4979.97 2254.64 1573.01 2770.13 4253.33 3876.15 420.387 659.991 1734.97 1263.94 873.744 1194.27 3468.59 1648.99 1819.6 1357.24 299.875 3090.08 161.532 726.642 580.948 1087.24 1057.36 232.294 2749.46 593.149 2156.31 377.183 3455.76 3162.9 1319.16 1843.74 1034.55 640.97 485.773 46.4256 130.167 390.201 229.106 649.087 390.51 340.622 292.685 108.344 247.016 292.857 438.15 254.001 1429.09 242.242 168.51 147.971 565.039 462.091 102.948
internal_count=130297 110376 97678 97214 75809 55104 24710 30394 20705 14201 18405 27014 24949 2418 12698 10477 7346 5218 6305 19921 9875 10046 7777 2162 21405 1267 3380 2705 10391 5615 1275 19225 3578 15647 2065 22531 20859 8419 12440 7445 4984 3810 414 730 2128 1151 5830 2884 2180 1874 699 1335 1672 4561 1320 7162 1852 1448 726 11357 9974 1383
is_linear=0
shrinkage=0.05


Tree=83
num_leaves=63
num_cat=2
split_feature=33 51 67 68 91 35 69 20 107 6 10 88 3 64 70 9 87 4 104 64 66 0 2 19 29 5 97 5 81 22 61 0 100 38 39 6 22 61 87 28 59 8 33 19 4 110 5 92 87 110 107 105 69 69 5 66 47 56 80 9 46 87
split_gain=26.8426 20.7042 21.4667 21.2928 20.7203 19.5019 18.7737 17.5613 16.915 17.8251 16.3451 14.5328 14.3611 13.9715 13.8925 14.2971 13.6505 14.4941 16.0338 17.2817 15.47 13.385 14.2053 24.2241 13.1375 13.1346 13.2305 13.0294 12.6829 12.3704 12.1517 12.1013 12.0915 11.8984 11.811 11.7311 12.3332 11.6339 11.5301 11.4801 11.3986 11.3457 11.2811 11.2626 11.2485 11.2473 11.1778 11.1331 14.3937 13.9843 11.4097 11.0244 11.7473 11.0175 10.9968 10.8681 14.1035 12.3965 10.5125 10.4781 10.4173 10.3546
threshold=431.00000000000006 -1.6987761799723742 38.250000000000007 12.65 0.053342816500711245 4.5000000000000009 -0.51111111111110741 1077.5000000000002 40.500458715596338 37.51666666666668 315.00000000000006 1.0000000180025095e-35 0.68088268394640961 -1.4961928407916336 0.14045454545454653 84.500000000000014 0.16637831603229533 0.42950812803753985 36.764611005692608 0.90542145062416768 4.5000000000000009 16.500000000000004 0.13188405797101452 0.27922077922077926 0.20499554367201428 0.42646761734997035 6.5000000000000009 0.34268453768453772 1.0000000180025095e-35 0.13776183678935103 0.45993589743589752 9.5000000000000018 6.5000000000000009 0.48529411764705888 1950.0000000000002 35.283333333333346 0.040610630917559752 0.39087301587301593 0.49738948833971464 0.20570524412296567 0.73560126331789766 0.39444444444444454 511.00000000000006 0.86607142857142871 0.21635662812133405 0 0.41661227661227668 14.500000000000002 0.1242603550295858 1 35.599839743589747 0.36212422634836433 0.79999999999999905 -1.8499999999999994 0.39763611388611392 3.5000000000000004 3.7500000000000004 0.49203104499304301 0.35504201680672276 21.500000000000004 0.75000000000000033 0.39897959183673476
decision_type=2 8 10 10 8 2 10 2 10 10 10 2 10 8 8 10 10 10 10 10 10 2 10 10 8 10 10 8 10 10 10 2 10 2 2 10 8 8 10 10 8 10 2 10 8 1 8 2 8 1 10 10 8 10 10 10 8 8 10 10 10 10
left_child=12 33 3 4 8 7 21 11 9 25 27 14 29 -5 15 55 24 -18 -19 20 38 22 -6 42 -15 34 31 43 -11 -1 -22 -27 47 54 -3 36 -7 -16 51 -14 -35 -36 -24 -8 -39 -44 -29 48 59 50 -50 52 -20 -33 -2 -4 57 58 -57 -9 -41 -46
right_child=1 2 5 13 6 35 10 32 -10 28 -12 -13 39 16 37 -17 17 18 19 -21 30 -23 23 -25 -26 26 -28 46 -30 -31 -32 53 -34 40 41 -37 -38 44 -40 60 -42 -43 45 -45 61 -47 -48 -49 49 -51 -52 -53 -54 -55 -56 56 -58 -59 -60 -61 -62 -63
leaf_value=-0.0070033820444131718 -0.0072505312388564773 0.0060645672080935423 -0.0086625675762695732 -0.023284746636869053 0.0020383371574525075 -0.022824102272905034 -0.0050301858985171907 0.0049712861215501451 0.040481163237579942 0.0037314735302406941 -0.020440709516557718 -0.01037653676792254 -0.039911971011147483 -0.013619713260482169 -0.013875008744685528 -0.029400258290749961 -0.0029928627350195463 -0.002672879376264389 -0.017194174472841332 0.045961545473410921 0.012396498158067896 -0.01115372062054508 -0.00927767437746186 0.0026895919516887259 -0.002539139168608243 0.018106866724354447 -0.00049171870088501911 0.028137413497976813 -0.011026352088130695 0.0088691170235149046 0.059160425445610745 -0.012462989918264842 -0.014665205803282145 0.0014204776176215891 -0.034704557932115139 -0.012085432030411479 0.002158373193539244 -0.015266708832303209 0.024560375555835866 0.024410754077454164 0.024740903004142358 0.00077170584279808384 -0.010015371157992878 0.018220320908045224 0.010118866692591426 0.015445043326936095 0.010054226335482967 -0.01094758107109272 0.0064909223515818839 0.0086853996050861824 -0.023396677568623132 0.025932803583088217 0.026987278757127742 0.016907739320898417 0.016299360565050314 0.035218535516509671 -0.0082423240048479073 0.039384147185067053 -0.0072953166368747921 0.02925379385061538 -0.022409994498278185 0.034874483630680207
leaf_weight=1145.4712806344032 126.41107188165188 479.37786723859608 278.44854409992695 81.426404408179224 4773.4929073043168 56.887070044875145 227.4482036549598 71.021340334787965 34.806728474795818 456.53563415072858 48.888519886881113 560.10558373108506 55.39035914093256 391.62315526232123 50.842092969454825 53.19450457021594 743.77372099086642 200.39280455932021 95.94885590672493 39.766588814556599 32.061271468177438 255.52740382403135 1091.7333264946938 1103.4128800872713 841.36330979503691 634.2321244943887 160.64356677420437 101.74219185858965 212.53507602401078 136.61236049234867 24.482540065422654 67.899495791643858 72.07579137198627 73.608437426388264 36.364037085324526 786.71636844798923 336.2024286556989 32.806142024695873 47.556668868288398 16.722506310790777 181.94389566779137 56.686577659100294 66.764943458139896 66.467320676892996 196.02869868651032 90.836060892790556 525.81553924269974 80.859600348398089 56.001124043017626 418.57181185670197 72.231990125030279 24.577939180657268 16.886062098667026 58.510962242260575 80.157510481774807 19.507261924445629 88.469065330922604 42.240022851154208 49.145862119272351 119.80073425360024 35.249137595295906 53.404581967741251
leaf_count=9481 559 2978 2410 1633 28097 714 1361 429 336 3055 350 5281 1567 4452 814 514 3782 1995 1213 267 406 1812 6034 5618 6924 4436 1631 609 1942 659 202 492 723 326 178 7297 2188 146 475 348 818 397 363 328 1592 485 3579 582 318 2546 451 193 220 476 358 169 871 230 570 798 877 312
internal_value=-0.000108469 0.000436389 0.000145193 0.0010747 0.00206419 -0.00333579 0.000927223 -0.000668098 0.00638292 0.00581571 0.00746169 -0.00411091 -0.00678851 -0.00303447 -4.22031e-05 -0.00506034 -0.00235456 0.00138238 0.0081306 0.0158095 0.0106758 6.73467e-05 0.000471212 -0.00270785 -0.00606675 0.00885198 0.012545 0.0089626 -0.000965914 -0.00530649 0.0333207 0.0152953 0.00483611 0.0108637 0.00289678 -0.00856475 -0.00150578 0.00794902 0.00361144 -0.0242739 0.0180555 -0.013314 -0.00747321 0.000271736 0.0119155 0.00500638 0.013026 0.00656919 0.00850162 0.0043585 -0.00964853 -0.00376375 -0.0104033 0.00115769 0.00192234 -0.00229485 0.00659777 0.0184049 0.00511687 0.0202892 -0.00716842 0.0155372
internal_weight=18435.7 17046.3 16584.1 13089.6 10549.7 3494.56 8352.13 2314.75 2197.59 2162.79 970.362 1424.19 1389.45 2539.86 864.087 531.005 2458.43 1225.45 481.673 281.28 241.513 7381.77 7126.24 2352.75 1232.99 1493.71 921.286 921.473 669.071 1282.08 56.5438 760.643 890.562 462.121 572.428 1179.81 393.089 333.082 184.97 107.362 255.552 93.0506 1249.33 293.916 282.239 157.601 627.558 818.487 737.627 546.805 128.233 137.413 112.835 126.41 206.569 477.811 199.362 110.893 68.6531 190.822 51.9716 249.433
internal_count=130267 117335 115274 86319 64557 28955 48636 18756 15921 15585 6227 12909 12932 21762 7628 4764 20129 8753 4971 2976 2709 42409 40597 12500 11376 10588 7035 5877 4997 10140 608 5404 5847 2061 3553 10199 2902 2864 2101 2792 1144 575 6882 1689 2050 848 4188 5124 4542 3315 769 1626 1433 968 917 4250 1840 969 739 1227 1225 1904
cat_boundaries=0 1 2
cat_threshold=156 816
is_linear=0
shrinkage=0.05


Tree=84
num_leaves=63
num_cat=2
split_feature=62 13 31 26 40 68 26 110 56 68 31 101 55 54 20 105 17 33 43 102 2 40 1 9 10 56 67 88 54 70 63 103 55 54 68 90 26 80 22 55 2 107 55 38 28 63 9 29 4 64 33 103 110 63 53 64 30 33 102 58 82 38
split_gain=27.5929 22.5626 23.9457 21.0919 18.7328 18.3646 18.0265 24.21 19.2298 17.479 17.4455 15.6823 15.2664 15.1942 14.8472 14.7027 14.0948 13.8957 13.6305 17.3467 12.653 16.6336 12.5082 13.6556 14.256 15.8387 14.5161 13.6655 14.295 13.5193 12.2332 12.1366 11.8887 20.5954 12.0574 12.6216 11.8428 11.7619 11.687 14.0483 11.3876 13.5127 13.7171 11.2734 14.2589 10.793 10.7713 10.6905 10.687 10.5655 10.4601 10.4406 10.7391 13.2218 12.8058 10.8829 14.1582 11.5241 10.7771 10.5018 10.3034 10.2558
threshold=-1.5056677340958124 1.0000000180025095e-35 6.5000000000000009 0.1123724358313576 12.500000000000002 11.950000000000001 0.28986350829241964 0 0.7653592746107537 11.850000000000003 2.5000000000000004 3.6999999999999997 -2.0388140832194339 0.39642857142857152 67.500000000000014 0.43813775510204084 0.72474747474747481 457.00000000000006 2.5000000000000004 0.27373840774096286 0.11651583710407241 7.5000000000000009 0.46291208791208799 91.500000000000014 -194.99999999999997 -0.75975355639692055 25.050000000000004 1.0000000180025095e-35 0.88348416289592768 -0.50999999999999879 0.54356060606060608 0.17414989179093418 0.016790081627937211 0.43541666666666673 51.350000000000001 0.40833333333333338 0.22607870319668857 0.62019230769230782 0.038470674218892754 0.68402419180714669 0.067816091954023008 34.701282051282057 0.9394712035698739 0.97222222222222232 0.23027620742943217 0.57417582417582425 40.500000000000007 0.19149631483799198 0.82357026143790868 0.89249262103825788 467.00000000000006 0.19048903965255828 1 0.58012820512820518 -1.0562392527570081 0.29485101202900726 0.19574656540338845 453.00000000000006 0.29214071415965653 0.88963907450738056 0.19540979853479853 0.13809523809523813
decision_type=8 10 2 8 2 10 8 1 10 8 2 10 10 10 2 8 10 2 2 10 8 2 10 10 8 8 8 2 8 8 10 10 10 8 10 10 10 8 8 8 8 10 8 2 8 8 10 8 10 10 2 8 1 10 8 8 8 2 10 8 10 2
left_child=5 2 3 14 12 18 7 22 32 15 13 16 -5 -8 17 -4 43 -2 19 -1 21 -14 23 24 26 29 -6 36 -29 -26 -7 38 33 48 35 -34 -27 -16 39 -12 41 42 45 60 -45 -33 -43 -42 -9 61 -35 59 53 -53 -54 57 -57 -56 -59 -22 -3 -10
right_child=1 11 9 4 6 30 10 8 49 -11 31 -13 20 -15 37 -17 -18 -19 -20 -21 51 -23 -24 -25 25 27 -28 28 -30 -31 -32 40 34 50 -36 -37 -38 -39 -40 -41 47 46 -44 44 -46 -47 -48 -49 -50 -51 -52 52 54 -55 55 56 -58 58 -60 -61 -62 -63
leaf_value=-0.0018152389089233015 -0.016004779657763216 0.0028464463979482216 -0.0078061891701817557 -0.013572750180297109 0.045270606634932403 -0.026287813629485693 0.038103726498326961 -0.0044218604387271637 -0.025980298242397188 -0.017177501715830577 -0.0084725061389895537 -0.02326223196727388 0.029212856001842365 0.0088582571821444692 -0.0040191064830347265 0.034855194179989585 0.019998284071019931 0.013500851376683318 -0.015099007910034152 0.038303228322007853 -0.021562831480810007 0.0059533017084250003 -0.0033941223275251067 -0.0076026504236765798 0.016226310143488437 0.0031308540425957613 0.0097099303102334764 0.0014085678711130913 -0.015088872380028769 -0.028578899828578183 0.00093999489255781074 -0.0067729638122416185 -0.0027761285260290308 -0.024640191263041483 0.0220224484457123 -0.026134367222337834 0.0134618440205393 -0.018170599027154798 -0.010599770316866364 0.042543279516001287 -0.013418999000268215 -0.0024209908007128828 0.043614167000542367 -0.00044157891768484709 0.033706567967278535 0.022740979780130843 0.011604345941580656 0.0019966393096835541 -0.03644768413595989 0.0088020810804218773 -0.010669078437490338 0.01727707230680121 -0.021662559781365977 -0.00055142805477866117 -0.026043655205904605 0.032845270875849507 0.0033337853512194399 -0.0078196676002071381 0.015796966204659157 -0.0018069092445304625 0.027942220179353567 4.4185525834922057e-05
leaf_weight=106.76385947875679 57.011496656574309 1406.4591250624508 53.427797179669142 126.52032271027565 30.134239818900824 207.185547394678 57.408551510423422 1335.4919448941946 41.692197401076555 338.15647927299142 29.199334284290671 45.05990176834166 79.555651497095823 189.49480803124607 264.58881343901157 31.202524356544018 168.78509157150984 127.05474501475692 109.54382790531963 35.002863155677915 85.039604932069778 1720.3892533294857 1120.9249890074134 284.98243528138846 21.382304362952709 802.75850521028042 386.5313080418855 830.85166405793279 154.92797859571874 69.614414065144956 51.363243948668242 48.558458518236876 1934.1668722871691 229.56956566683948 46.478947389870882 58.638066191226244 423.58285064995289 330.91460375208408 296.57209992408752 23.664145866408944 127.65387581661344 283.06871654838324 45.504566600546241 53.036230228841305 71.083012007176876 82.761938776820898 263.5801844522357 892.70564702711999 25.592877159826458 393.87944569438696 326.79676136374474 247.45599380321801 61.967294849455357 178.74700059741735 57.74618249386549 42.75373125448823 577.00509357824922 174.75558589398861 65.622235246002674 309.33600972034037 41.145109139382839 334.21089394390583
leaf_count=1297 698 8358 508 847 218 4687 327 11510 226 3129 267 341 449 953 2328 171 747 1115 1267 311 461 10522 5425 2834 364 6418 3341 6645 1131 936 647 323 13856 1962 333 353 2782 4046 1821 191 808 1585 241 328 379 410 1722 4814 647 1834 2534 1291 433 847 302 210 2802 885 315 1667 242 1778
internal_value=-0.000109178 0.000217686 -0.000373096 -5.64956e-05 0.000362671 -0.0115672 -0.000659751 -0.00169149 -0.00412905 -0.0121012 0.00324207 0.00554899 0.0034325 0.0157845 -0.00806863 0.00814608 0.00630781 0.00432487 -0.00192498 0.00828911 0.00403369 0.006997 0.0011087 0.00279273 0.00388437 0.00234196 0.012384 0.00318603 -0.00119688 -0.0179887 -0.020896 0.00175585 -0.0055443 -0.00837008 -0.00288454 -0.00347621 0.00670728 -0.0119002 -0.00673666 0.0147304 0.00346049 0.00825424 0.0202302 0.00482583 0.0192281 0.0118589 0.00435051 5.67886e-05 -0.00505037 0.00308961 -0.0164677 0.00106893 0.0030856 0.0095916 0.000149497 0.00164565 0.00541925 -0.00619103 -0.00133368 -0.00611066 0.00357854 -0.00290352
internal_weight=18417.1 17907.2 16121.6 15698.8 14919.3 509.859 11192.4 8852.21 4726.52 422.787 2340.17 1785.57 3726.89 246.903 779.57 84.6303 1740.51 184.066 251.311 141.767 3600.37 1799.94 4125.69 3004.77 2719.78 2303.12 416.666 2212.12 985.78 90.9967 258.549 2093.27 3956.74 1917.45 2039.28 1992.8 1226.34 595.503 349.436 52.8635 1743.83 723.474 176.825 1571.72 124.119 131.32 546.649 1020.36 1361.08 769.783 556.366 1800.43 1406.05 426.203 979.85 917.883 619.759 298.124 240.378 394.376 1447.6 375.903
internal_count=130219 122010 111615 107807 99620 8209 78589 65127 35033 3808 13462 10395 21031 1280 8187 679 10054 1813 2875 1608 20184 10971 30094 24669 21835 18276 3559 16976 7776 1300 5334 12182 31195 16653 14542 14209 9200 6374 2279 458 9903 4281 974 9307 707 733 3307 5622 12157 3838 4496 9213 7085 2138 4947 4514 3012 1502 1200 2128 8600 2004
cat_boundaries=0 1 2
cat_threshold=370 267
is_linear=0
shrinkage=0.05


Tree=85
num_leaves=63
num_cat=3
split_feature=40 51 66 9 53 99 71 109 107 48 0 22 94 62 53 6 110 95 9 13 61 26 13 5 22 58 33 100 5 11 31 29 4 61 56 66 5 100 46 24 2 27 22 82 110 48 64 53 9 29 46 46 55 40 4 81 92 96 49 61 102 28
split_gain=30.4028 24.1931 21.894 22.3834 19.9948 19.7632 17.9776 17.4892 23.9593 21.7811 16.1458 15.9734 20.8559 21.1674 19.3374 16.0053 15.1033 14.6792 17.5563 15.6851 18.0074 14.1065 14.6656 13.6865 13.5722 13.3242 13.2002 13.3461 13.0242 12.7958 12.7276 13.3523 16.0261 16.5892 12.7035 17.6609 12.9288 12.6302 12.4952 12.2436 16.1734 13.8235 12.6221 12.022 11.5815 12.7344 11.5487 12.1716 11.5135 11.4561 11.3747 11.3594 11.1788 11.0925 10.9121 14.0033 12.7033 12.1691 11.712 17.652 11.2387 12.4335
threshold=15.500000000000002 1.1714403783665654 3.5000000000000004 148.50000000000003 -0.65758106107634051 38.050000000000004 1.0000000180025095e-35 0 36.090851370851375 0.92582417582417598 16.500000000000004 0.054078420474416737 6.5000000000000009 1.612659571678781 1.2568343296216919 34.141666666666673 1 37.150000000000013 17.500000000000004 1.0000000180025095e-35 0.085784313725490211 0.26182125307125315 1.0000000180025095e-35 0.76050671550671556 0.054078420474416737 0.94360690505384126 511.00000000000006 1.5000000000000002 0.34268453768453772 1.0000000180025095e-35 4.5000000000000009 0.20788802410516641 0.45288299663299664 0.81009615384615397 -0.094375912760204642 2.5000000000000004 0.29413414404223232 7.5000000000000009 1.6583333333333339 0.38278388278388281 0.09232954545454547 0.27917575711904191 0.14288573716115752 0.10984848484848493 2 0.97140522875817004 0.23388327576839449 0.062561272172874591 17.500000000000004 0.13892673327278235 0.48333333333333361 1.0916666666666672 -0.83408684242528286 9.5000000000000018 0.39905626780626785 0.62284324339218122 1.5000000000000002 33.902941176470598 0.92018999015614644 0.53229166666666672 0.27712008523367554 0.30147421037380473
decision_type=2 10 10 10 8 8 10 1 8 8 2 10 2 10 10 8 1 8 8 10 10 10 10 10 8 10 2 10 10 2 2 10 8 10 10 10 10 10 8 10 10 10 10 10 1 8 10 10 10 10 8 8 8 2 10 10 2 8 10 10 10 10
left_child=2 4 7 5 37 39 -7 8 9 10 54 23 13 14 15 -13 -8 19 34 49 -21 22 -17 38 -22 -24 -23 -28 -3 50 31 51 33 -33 -19 36 -36 52 -6 40 41 -4 -42 -5 -16 48 -34 -48 -46 -9 -10 -20 -2 -51 57 58 -57 -1 59 60 -56 -62
right_child=1 28 3 43 11 6 16 17 29 -11 -12 12 -14 -15 44 21 -18 18 30 20 24 26 25 -25 -26 -27 27 -29 -30 -31 -32 32 46 -35 35 -37 -38 -39 -40 -41 42 -43 -44 -45 45 -47 47 -49 -50 53 -52 -53 -54 -55 55 56 -58 -59 -60 -61 61 -63
leaf_value=0.016257168588509126 -0.016045317392601077 0.00044327857781529048 0.010933351997947774 -0.015099696661911955 0.0091339049773830408 -0.030263752041717686 -0.0046445083830125482 0.02081435895342084 0.0090213317312604624 0.0075838206147773816 -0.01949565944182809 0.013302052209923457 -0.0090061165349865236 0.015598174862906487 0.008603229838868607 -0.0077961226403233707 0.0060854249865499033 -0.019062738171396615 0.0080624464502011117 -0.0047607124308957369 0.055179872595326432 -0.0014883351845449925 -0.0049398798616629713 -0.011340021196243902 0.019888966035552093 0.03341817022257608 0.026606277319647261 -0.0077065186668933061 -0.021157183713594461 -0.039263303566635377 -0.0099485745821564116 -0.0080686005662234592 0.010688659008667317 0.011718675022171944 -0.013949746595217888 -0.018161650331918681 0.010908503353514485 -0.022166582328797944 -0.00033305994770097539 0.017060761957241068 -0.0034878314381189424 0.038628671527581156 0.017750704606380171 0.016412637820894228 -0.016915016298732679 -0.01483690258563322 0.048389330390265148 0.014646831632113642 0.0073440680139213307 0.022809316627458547 -0.013604699891503933 -0.0064150591150091175 -0.003155021292611586 0.0018465882933208751 -0.0059639874380048212 0.0089367046530350013 -0.013661160184615507 -0.007378355721128548 -0.018484535617660912 0.016147361109912182 0.033675783608953888 -0.0030658293682969563
leaf_weight=57.411096639931202 201.89434878528118 98.039131473749876 339.69831098522991 185.90316537767649 913.17539747059345 38.283605016767979 406.40845619887114 100.36614984273911 65.094876641407609 646.84281274303794 136.54975333064795 139.25258564949036 793.48446436598897 201.46359335631132 679.02653720602393 1652.1142550390214 1580.9294546097517 160.83122227713466 213.4918413637206 53.799381528049707 36.290804356336594 860.90290918573737 48.359171921387315 130.0394590459764 109.98821593262255 41.20425795763731 87.299298597499728 41.180821858346462 240.80832507740706 40.48627363704145 165.89712801203132 202.64053361490369 260.44300117902458 219.79873573035002 69.146576870232821 122.20250645652413 205.20144209451973 122.46112052723765 563.21684976667166 519.89182920753956 354.51399656012654 51.292671903967857 86.094621613621712 35.257707484066486 57.488692354410887 130.04172785207629 48.959983637556434 60.237193509936333 298.38703058287501 66.483172800391912 355.0107495598495 366.89989706873894 988.31734310463071 977.54869024269283 245.75179055705667 86.689468011260033 214.04464502353221 817.21140709519386 45.50216506421566 307.69534884765744 43.089232450351119 47.878604829311371
leaf_count=262 2500 1532 2855 1365 6693 522 2802 745 435 3146 1058 803 4623 911 3262 11505 11130 1954 1491 274 240 5112 302 1413 550 220 484 233 5767 417 1389 1042 2155 971 342 757 1193 1951 4996 2580 2270 357 391 261 278 610 354 325 1468 322 2478 2769 9485 5718 2135 865 1795 3811 217 1812 331 335
internal_value=0.000386422 -0.00186018 0.00222133 0.00535406 -0.00130149 0.00636386 0.00323693 0.000499661 -0.00221776 -0.000385616 -0.00296326 -0.000185867 -0.00157215 -0.000178062 -0.000969373 -0.00317424 0.00389718 0.00295558 0.000338842 0.00703123 0.0199139 -0.0040189 -0.00672604 0.00415326 0.0289596 0.0128811 0.000748648 0.0156337 -0.0149246 -0.01273 0.00309358 0.00467614 0.00889357 0.00223025 -0.00725612 -0.00243174 0.00461533 -0.00693744 0.00552465 0.0110447 0.00726759 0.0146559 0.000692962 -0.0100247 0.00446126 -0.00147886 0.0164821 0.0300775 0.0033888 0.00476349 -0.0100857 -0.00108493 -0.00535322 0.00320203 -0.00174318 0.00184964 -0.00713908 -0.0058101 0.00577248 0.00751126 -0.000404888 0.0145147
internal_weight=18435.9 8288.16 10147.8 3598.27 7949.31 3377.11 2025.62 6549.48 3109.26 2648.67 2001.82 6636.64 5030.21 4236.72 4035.26 2870.31 1987.34 3440.23 2095.75 1344.48 200.078 2731.06 1741.68 1606.43 146.279 89.5634 989.383 128.48 338.847 460.592 1538.37 1372.47 792.079 422.439 557.382 396.551 274.348 1312.67 1476.39 1351.49 831.6 390.991 440.609 221.161 1164.94 485.917 369.64 109.197 355.876 1144.4 420.106 580.392 1190.21 1044.03 1865.27 990.651 300.734 874.623 689.917 644.415 336.72 90.9678
internal_count=130369 64148 66221 24533 56849 22907 14454 41688 19097 15767 12621 42913 29811 25188 24277 18659 13932 22591 14742 7849 1064 17856 12027 13102 790 522 5829 717 7299 3330 10496 9107 4847 2013 4246 2292 1535 13936 11689 8453 5873 3212 2661 1626 5618 2356 2834 679 1746 6785 2913 4260 11985 6040 11563 7490 2660 4073 4830 4613 2801 666
cat_boundaries=0 1 2 3
cat_threshold=2 68 387
is_linear=0
shrinkage=0.05


Tree=86
num_leaves=63
num_cat=2
split_feature=10 40 39 80 59 33 68 52 68 70 97 96 67 41 39 8 67 6 44 62 62 10 110 27 91 49 48 66 58 8 47 39 67 88 34 107 95 18 4 93 32 82 48 53 81 59 9 67 24 66 13 97 23 110 95 91 104 91 103 4 39 81
split_gain=28.2946 25.0707 23.766 21.2036 19.8274 18.2432 17.5044 17.184 16.8377 18.8747 15.75 15.6347 15.1023 14.7473 20.6824 13.9446 15.1457 13.6127 14.9099 13.9751 12.4816 12.1997 12.1048 12.8122 11.7948 15.8465 14.0099 11.6628 13.3535 11.6722 11.5555 14.2065 16.4503 16.452 16.2084 15.279 13.3687 14.0987 12.1076 12.8785 12.092 12.5898 12.0654 11.7507 11.7129 13.951 11.2962 11.155 11.1264 14.0325 11.0103 10.9713 10.8825 10.7897 12.8404 12.3716 10.698 10.6291 10.4777 21.1602 18.5333 14.2616
threshold=135.00000000000003 15.500000000000002 1650.0000000000002 0.86190476190476206 2.0830603515685771 517.00000000000011 13.450000000000001 0.17156862745098042 11.450000000000001 -0.53973684210526229 1.5000000000000002 13.434166666666668 24.350000000000005 1.0000000180025095e-35 1250.0000000000002 0.70294117647058829 24.750000000000004 35.216666666666683 3.5000000000000004 -1.0557734670854189 -0.59411297906572635 1175.0000000000002 0 0.32193451386568667 0.85164835164835173 1.5446408944987011 0.98611111111111127 3.5000000000000004 1.2224617654147043 0.72474747474747481 0.15000000000000005 1550.0000000000002 39.050000000000004 1.0000000180025095e-35 2.5000000000000004 34.308333333333344 39.45000000000001 0.39208074534161497 0.70149512796571634 0.36515151515151517 57.750000000000007 0.058745421245421321 0.80277777777777792 -0.77088259494858169 -1.4564105471419058 -0.22057101500636153 21.500000000000004 36.45000000000001 0.55050505050505061 5.5000000000000009 2.5000000000000004 1.5000000000000002 0.2625209030100335 1 38.750000000000007 0.40370370370370373 38.638548095339445 1.0000000180025095e-35 0.22127959456014876 0.40927220927220931 1750.0000000000002 0.67391549107074611
decision_type=10 2 2 10 8 2 10 8 10 10 10 8 8 2 2 8 10 10 2 10 10 10 1 10 10 10 10 10 8 10 8 2 10 2 2 8 10 10 10 8 2 10 8 8 8 8 8 10 10 10 10 8 10 1 8 10 10 8 10 10 2 10
left_child=1 6 20 5 47 8 11 51 9 13 17 -1 -13 14 -3 58 -17 18 19 -9 -2 50 -18 -24 25 -15 -27 -12 29 -29 40 34 33 36 38 42 -33 -38 44 -40 43 52 -35 56 -32 -46 -37 -5 49 -8 -19 -4 -42 54 55 -45 -14 -31 -10 -60 61 -61
right_child=2 3 7 4 -6 -7 48 10 15 -11 27 12 30 24 -16 16 22 21 -20 -21 -22 -23 23 -25 -26 26 -28 28 -30 57 31 32 -34 35 -36 46 37 -39 39 -41 41 -43 -44 53 45 -47 -48 -49 -50 -51 -52 -53 -54 -55 -56 -57 -58 -59 59 60 -62 -63
leaf_value=0.024887982517935413 -0.024678962951866858 0.019969122031242709 0.0078726475492829542 -0.006797572230826561 0.020869858041815459 0.0090280269356640529 -0.015650171945072826 -0.013334811736799197 -0.0046143367260128767 0.023267900634135502 0.00091521805393111248 0.025046590404710994 -0.01906064679294284 -0.0033805814288265569 0.0019666042956608294 0.0072392933800984466 -0.021230549269546688 -0.0075381403118536128 -0.0030952215402270762 0.021637134601216718 -0.0084320892337307659 -0.041091054644820948 -0.0089728273710099477 0.016706315133417197 -0.023753801754945819 0.03715513280014892 0.0010878041950914167 0.024111906121408344 -0.0092010044991609821 0.024201180346530928 0.030247151210281039 0.0061172481021011457 -0.0064374682133456086 -0.0003879813288224882 -0.0016192655358489268 -0.013956214661502708 -0.00066002831197451339 -0.0361600943099692 0.013270641169531425 0.052021270903961581 0.021375637767033176 -0.019444063493531637 0.012983946752778586 0.036113653276823213 -0.018114284807419931 0.0074023682198465675 -0.0021793397818953416 -0.020309360549465427 0.0084952065875864603 0.0092115852979798886 0.018187248344463672 -0.02124697960313366 -0.010783184965002258 0.0069099800151333438 -0.0029876682420958167 0.0065658348238504475 0.022084806174803018 -0.026892801810083879 -0.0022649669270115038 0.021857852553804069 -0.0051138200102280318 -0.015838205776876325
leaf_weight=82.491056248545647 137.49450371228158 205.76798575744033 39.932400330901146 419.35785343684256 49.21421978995204 478.46256705373526 287.50239132996649 34.9096959233284 1197.0730479788035 102.27985452860594 476.27256529219449 76.828038476407528 49.368413934484124 933.83471541106701 699.70262179337442 140.02199153974652 195.11054493766278 773.7815577769652 338.85936697386205 143.02047566510737 827.22929274383932 24.83372912928462 667.60746794566512 51.468470213934779 60.804447874426842 46.496365174651146 62.307200834155083 188.29780262894928 51.051399417221546 16.581196837127209 52.341225799173117 1999.3840086851269 672.8548641661182 448.30171627551317 538.47764413803816 250.19166368618608 115.91118594631553 35.878662198781967 72.763689299114048 30.052695829421282 62.482107868418097 66.611594170331955 269.41178216040134 147.89287277683616 54.996189918369055 1267.311122264713 1077.9637635219842 240.81111501902342 93.915857519954443 69.946320679038763 43.016204684972763 159.75981219671667 44.106227062642574 239.90131776407361 37.028660515323281 47.154437355697155 22.064986176788807 23.240467680618167 956.92906166985631 258.87813558243215 120.04292419552803 27.058586616069078
leaf_count=392 2220 1022 338 3863 647 3206 2530 223 8403 627 3250 418 444 5446 3610 1213 2532 6387 1975 804 5864 222 9192 501 282 202 271 1288 302 269 266 12133 4954 2638 3489 1584 1138 181 1189 379 424 407 1198 851 419 7483 6289 2884 454 469 274 2374 224 1345 250 213 203 269 4826 2129 1025 294
internal_value=2.80493e-05 0.000940778 -0.00418239 -0.00127784 -0.00946036 -0.000340827 0.00280818 -0.00143164 -0.00112521 0.0024218 -0.000104123 0.00336504 0.00313063 0.00134941 0.00607519 -0.00319726 -0.00803413 -0.00332201 0.00306186 0.0147395 -0.0107708 -0.0072409 -0.0103789 -0.00701673 -0.00253049 -0.00127121 0.0166989 0.00567895 0.0137737 0.018933 0.00290588 0.00227624 0.000814594 0.00197848 0.00580499 -0.00123135 0.00503033 -0.00923295 0.0085101 0.0249892 0.00894443 -0.00254915 0.00464259 0.0126057 0.00726028 0.00632822 -0.00440664 -0.0117496 -0.00675396 -0.010773 -0.00616274 -0.0154137 0.00809179 0.0154624 0.0229542 0.0290401 -0.00622184 -0.00554628 -0.00120305 0.00179434 0.0113445 0.0182479
internal_weight=18404.6 15126.4 3278.28 6913.23 709.383 6203.85 8213.13 2313.56 5725.38 2111.19 2113.86 7761.77 7679.28 2008.91 905.471 3614.19 1054.21 1358.42 516.79 177.93 964.724 841.631 914.186 719.076 1103.44 1042.64 108.804 755.443 279.171 228.119 7602.45 6885.84 4869.9 4197.04 2015.94 2045.87 2151.17 151.79 1477.46 102.816 716.611 173.2 717.713 543.411 1374.65 1322.31 1328.16 660.169 451.365 357.449 816.798 199.692 106.588 471.977 232.076 195.047 71.4334 39.8217 2559.98 1362.91 405.98 285.937
internal_count=130198 104139 26059 52175 7394 44781 51964 17975 41575 11460 15263 48511 48119 10833 4632 30115 13438 9885 3002 1027 8084 6883 12225 9693 6201 5919 473 5378 2128 1826 47701 43340 30115 25161 13225 11709 13452 1319 9736 1568 4361 1055 3836 3306 8168 7902 7873 6747 3453 2999 6661 2712 648 2659 1314 1064 647 538 16677 8274 3448 2423
cat_boundaries=0 1 2
cat_threshold=513 618
is_linear=0
shrinkage=0.05


Tree=87
num_leaves=63
num_cat=6
split_feature=72 26 71 9 20 40 40 104 100 40 87 28 31 51 60 53 9 56 70 20 68 115 84 49 1 96 55 26 109 9 21 46 21 30 80 110 96 50 110 64 51 96 95 69 110 106 29 33 1 19 110 51 80 55 38 68 82 49 64 28 6 96
split_gain=28.044 23.1543 22.818 21.5306 20.8828 30.0502 20.2749 16.4713 16.3673 16.0582 16.0266 15.9617 15.9449 15.2696 14.8014 13.8762 13.3883 22.1799 16.1008 15.1284 14.7549 13.1451 12.6772 12.6576 14.1127 12.65 12.6218 12.4682 12.4404 15.1415 12.3392 12.2613 12.1353 17.584 15.1663 13.7208 13.8626 13.6519 11.9684 14.1494 11.8815 11.6635 13.8481 14.2191 11.4829 19.4432 13.38 11.4194 11.1818 12.844 14.208 12.6864 11.1337 11.0211 11.0157 10.4742 10.3983 10.3936 15.3375 12.0321 10.5974 10.2323
threshold=1.0000000180025095e-35 0.12308668488871537 1.0000000180025095e-35 113.50000000000001 1127.5000000000002 12.500000000000002 16.500000000000004 37.951981873111791 2.5000000000000004 9.5000000000000018 0.19543402777777782 0.21155435473617293 6.5000000000000009 -1.4331400279912994 -1.1250572014944022 0.030494066203351579 22.500000000000004 0.55397994991318034 -1.2999999999999996 2034.5000000000002 13.65 0 0.060661764705882359 2.4730911044211115 0.21807065217391305 34.060769230769239 -0.44355762361705381 0.48528138528138537 1 28.500000000000004 0.22604606511792144 2.7583333333333337 0.24339691500768668 0.23193222098300559 0.30384615384615393 2 35.002777777777787 0.79705882352941193 3 0.028445296459352846 1.0120387041378271 38.902272727272738 35.250000000000007 0.15000000000000038 4 0.2401419313107189 0.21665212605983533 433.00000000000006 0.86190476190476206 0.43303571428571436 5 -1.1366908117877006 0.76696832579185525 -1.1944170099793665 0.97222222222222232 11.65 0.041666666666666685 -0.64511463415595716 -1.1592968880122541 0.24771339337999501 39.441666666666677 38.251086956521746
decision_type=10 8 10 10 2 2 2 10 8 2 10 10 2 10 8 10 8 8 10 2 10 9 2 10 8 8 10 10 1 10 8 8 8 8 8 1 8 10 1 10 10 10 10 8 1 10 10 2 10 8 1 8 10 8 2 10 10 10 10 8 10 8
left_child=1 21 14 6 5 28 9 22 10 -3 -7 -9 16 -13 -2 30 17 19 -19 31 -20 38 44 24 32 -26 -5 48 29 -4 53 -11 33 34 37 36 -36 56 -1 -40 -23 42 -37 -44 46 -46 -6 -35 49 50 -27 -50 -15 -8 -30 -39 -18 58 -49 -60 -59 -21
right_child=2 3 4 26 7 8 15 11 -10 12 -12 13 -14 52 -16 -17 23 18 20 61 -22 40 -24 -25 25 27 -28 -29 54 -31 -32 -33 -34 47 35 41 -38 55 39 -41 -42 -43 43 -45 45 -47 -48 57 51 -51 -52 -53 -54 -55 -56 -57 -58 60 59 -61 -62 -63
leaf_value=-0.0040614435450681127 0.016212089533255147 0.0084504418689737206 -0.014025466631384704 -0.016486530104989693 0.040371127110669085 -0.012712611580692293 -0.028338754292672165 -0.0019937690928170499 -0.011968830637917045 -0.0030955387183612213 0.011493262266541805 0.040467894160010752 -0.010478638439692234 0.0054914500964982566 -0.02648061328055807 0.00035186569872185515 0.027144572986270068 0.010966235807139379 0.0016383968356867324 0.022546705636175949 -0.028285653642778477 -0.0078494189628145958 -0.011172698685250799 0.019335941627650569 0.012275820987855679 0.002596116592681998 -0.0027681720202601384 0.027128182734914227 0.0081849224037063607 0.010744774085942682 -0.028470556457696489 -0.01648619794043427 0.0015380821536197693 -0.0038563725262611356 0.041531872208515952 -0.010485384667651025 0.0064972946123398245 0.075334155281274517 0.0032579494800854879 0.051382548885588533 -0.029515150236782001 -0.024948946030791987 -0.0058557113157478276 0.026169020532145877 -0.019514503211385092 0.0064712675498312571 0.0043513348122045147 0.049006625438859371 0.0012091373870031239 0.0030148045708296902 -0.011102579314004173 -0.016971029146025964 0.031739257161338456 -0.0043685266721052354 0.04037706148018607 0.020903928109924152 -0.0012995090680799199 0.034998933502771765 -0.010752725648902539 0.024159854417058934 0.00062321244467794057 -0.0048199233460225633
leaf_weight=138.11310031171888 22.504834668710828 1038.1871960703284 145.93911140784621 221.47756377793849 38.170001786202192 116.61248761415482 52.602300317957997 197.97811619192362 1306.6189632415771 1936.9491189327091 162.38232764042914 52.770784948021173 251.45897470973432 195.38287623040378 162.32000911515206 833.07899147085845 56.331310207024217 601.31497492454946 594.62287704087794 90.722993522882462 43.255127634853125 659.62294536828995 277.47412406466901 123.30918949097395 277.60961483791471 381.19940521940589 682.93819656129926 45.333282437175512 231.82312622480094 105.40930622443557 75.122310891747475 186.61378099024296 602.13945752196014 45.447290405631065 33.256104130297899 154.57741248700768 163.8956974055618 15.719267411157487 35.302484578453004 26.119140757247806 69.240950202569366 56.122327596880496 64.451815404929221 73.23384324554354 109.81897580903023 204.49694104865193 76.264751892536879 21.256710922345519 210.07043673098087 3620.0950717013329 362.08451600186527 175.46076638996601 50.141105191782117 461.54414622019976 29.171775842085481 21.107437256723642 72.899653976783156 161.9550390522927 61.245070049539208 39.912287024781108 26.039360577240586 53.93987862020731
leaf_count=1093 350 5295 1238 1860 296 861 612 1553 14763 13253 1003 305 2053 1197 2797 4598 429 2771 2975 498 225 5765 1884 554 1330 2253 4584 235 1802 755 552 1644 3750 546 268 1840 1768 144 321 172 1693 735 850 668 997 1160 489 327 940 20491 2250 822 399 4254 203 381 539 1296 658 372 276 339
internal_value=-0.000136394 0.000807146 -0.00417381 0.0013148 -0.00321293 -0.00622295 0.00183068 0.00203936 -0.00962303 0.0025181 0.00136658 0.00901091 0.00193762 0.016297 -0.021223 -0.0038033 0.00223962 -0.000273508 0.00510341 -0.00321202 -0.00043188 -0.00683514 -0.00286545 0.00352351 0.00323145 0.00191815 -0.00614209 0.00131595 0.00429798 -0.00363603 -0.00966831 -0.00427948 0.00721746 0.0104167 0.00586433 0.00182426 0.0119821 0.0190465 0.00451846 0.0208739 -0.00994525 -0.00416564 -0.000245271 0.0112438 0.00252423 -0.00255982 0.0152872 0.019478 0.00106389 0.00178557 -0.00419733 -0.00708742 0.0109588 -0.00687117 0.0119235 0.0455145 0.0112124 0.0228958 0.0114238 0.00312391 0.030266 0.0123796
internal_weight=18402.3 14917 3485.28 13988.6 3300.45 2097.96 13084.2 1202.5 1585.61 11661.8 278.995 496.273 10623.6 298.295 184.825 1422.35 10372.2 3507.42 1239.19 2268.23 637.878 928.399 706.225 6864.75 6741.44 5071.85 904.416 4794.24 512.343 251.348 589.269 2123.56 1669.59 1067.45 711.595 545.537 197.152 166.058 199.535 61.4216 728.864 348.385 292.263 137.686 428.751 314.316 114.435 355.856 4748.91 4363.38 743.284 385.531 245.524 514.146 260.995 36.8267 129.231 310.408 122.414 101.157 187.994 144.663
internal_count=130331 98279 32052 89235 28905 20625 82791 8280 16627 72775 1864 3454 67480 1901 3147 10016 65427 21705 5971 15734 3200 9044 4826 43722 43168 28321 6444 26991 3998 1993 5418 14897 14847 11097 7622 6129 2036 1493 1586 493 7458 4093 3358 1518 2942 2157 785 3475 26756 24994 4503 1762 1596 4866 2005 525 968 2929 1357 1030 1572 837
cat_boundaries=0 1 2 3 4 5 6
cat_threshold=4 2 304 519 354 805
is_linear=0
shrinkage=0.05


Tree=88
num_leaves=63
num_cat=3
split_feature=100 68 2 71 71 5 62 40 67 53 20 110 30 4 9 22 64 24 33 54 27 42 84 54 55 64 60 24 13 96 33 70 64 69 67 110 102 28 26 22 96 69 64 12 26 59 110 55 27 57 62 38 82 40 24 46 4 60 55 33 43 53
split_gain=24.8805 28.2736 25.2365 25.5585 22.4532 19.8711 19.4107 19.2132 21.08 18.5212 16.236 15.7242 18.496 15.2799 15.2571 12.7221 14.3758 12.2052 11.9759 12.7479 15.0469 12.5009 12.3082 12.1931 12.7838 11.9866 17.4297 11.5357 12.972 11.7021 12.9302 11.4712 12.0633 12.8189 11.4053 11.3311 12.8664 15.9096 13.6602 12.1247 11.8186 18.6652 13.1827 11.2461 11.1804 11.1603 11.617 11.0987 11.0981 11.2521 15.6042 13.3288 11.0557 11.0097 10.9124 11.7237 10.6192 10.4543 10.4462 17.2532 12.6975 11.5121
threshold=2.5000000000000004 12.350000000000003 0.019803921568627456 2.5000000000000004 1.0000000180025095e-35 0.70486645299145312 -1.5411853291201185 10.500000000000002 37.850000000000001 -1.1241449532630512 1229.5000000000002 0 0.11136950904392766 0.70557081807081823 111.50000000000001 0.054631037740477062 0.83107429456822557 0.17156862745098042 493.00000000000006 0.15504807692307696 0.25813372319568501 7.5000000000000009 0.10555555555555557 0.84807692307692317 0.23591504232388569 1.1610213642819693 -0.95881145146910596 0.38675213675213682 1.0000000180025095e-35 34.302500000000009 459.00000000000006 -0.29999999999999977 -0.79896702686788834 -0.55477272727272886 26.150000000000002 1 0.30515327731550212 0.19022098098902995 0.10931824986656601 0.10097428295036247 39.495000000000005 1.4499999999999977 1.0448700361234693 1.5000000000000002 0.17585023799991106 -0.042612374487422437 2 0.81177910563378941 0.29869306381064503 -0.25997895436581714 -0.15066789340884632 0.88562091503267981 0.13150072150072159 15.500000000000002 0.25657894736842107 0.84166666666666701 0.10272817460317461 -0.65170332304321299 -0.26347658842590177 513.00000000000011 4.5000000000000009 1.2568343296216919
decision_type=8 10 10 10 10 10 8 2 10 8 2 1 10 10 10 10 10 10 2 8 8 2 2 10 8 8 8 10 10 8 2 10 8 10 8 1 8 8 8 8 8 8 8 10 8 8 1 10 10 8 8 2 10 2 8 8 10 8 10 2 2 10
left_child=14 2 3 7 -3 11 -6 13 31 -10 35 12 -4 -2 18 16 17 34 19 -1 21 22 54 24 -20 -22 -27 43 29 -29 -31 58 33 -33 -12 40 37 -37 -39 48 42 -42 -8 53 -16 -11 -47 -25 49 -40 -51 -52 -14 -13 -21 -56 -32 -41 59 60 -9 -60
right_child=1 4 5 -5 6 -7 10 8 9 45 15 27 52 -15 44 -17 -18 -19 23 20 25 -23 -24 47 -26 26 -28 28 -30 30 56 32 -34 -35 -36 36 -38 38 39 57 41 -43 -44 -45 -46 46 -48 -49 -50 50 51 -53 -54 -55 55 -57 -58 -59 61 -61 -62 -63
leaf_value=0.015410189571359402 0.006821071616713522 -0.023302448577134392 -0.031877845406795731 0.03326326295584376 -0.023124566633659034 -0.015458855695051042 -0.0071871823345321523 -0.0016112059086111836 -0.024830615245411893 -0.014395321443541899 0.026464367857315697 -0.0022256727266572493 0.0036445820982924579 0.02963719824051237 -0.025524433670898013 -0.00076763211585224888 0.036784303507180156 -0.017300604627957183 0.00731051970512968 -0.011758294295967571 0.0037624993493749984 -0.0049465415885147244 -0.010829334043784408 -0.021914136428082695 0.020167910010200563 -0.0025947284375353249 0.029881800672530663 0.014777004725725573 0.016289544738040833 -0.021785566358493564 0.021407202280944847 0.013230605916367894 0.0080979466132933258 0.073318550686132661 -0.00072684903418732127 -0.0076325061159508243 -0.01308483144686164 -0.021402079028301459 0.021270347723573054 0.014299970890449208 -0.016657221150514653 0.0093689980140362911 0.0094147511319892449 -0.029454001024968413 -0.002439174242048983 -0.010956569746277362 0.0011912906414714704 0.0038226130167494164 0.038472689737222586 -0.020232577380067295 0.0032878916226554804 0.026609406198618509 0.027531272590108642 -0.012897495729745009 0.02093765450866758 0.0041853653479580876 -0.0047081143803524017 -0.016197179092390154 0.002323651060158772 0.017898651687153263 -0.019947387368648269 0.011378790490533227
leaf_weight=173.96433599106967 704.88180855102837 149.01578456535935 34.129247570410371 64.546275001019239 123.21219189465046 306.42320736497641 707.58407635893673 1204.8678844068199 99.280075608752668 176.29632607474923 74.313598178327084 571.53512881696224 749.08883534930646 81.095589416101575 60.767852004617453 1054.6592237241566 45.945991830900311 43.09813996963203 653.56114532426 65.642395028844476 732.72909579798579 988.41190538741648 114.24204429239035 49.196898259222507 274.87273272685707 64.321825925260782 113.74725991860032 79.794546738266945 107.60734789818525 98.460353532806039 43.823559798300266 22.396877382881939 327.62268102541566 14.341326443478463 78.928527968004346 468.51863583363593 225.71863045357168 49.787578440271318 109.63100756611675 37.615360580384731 552.46732729952782 78.02950915787369 142.9462069068104 56.830353900790215 349.49843049608171 229.51547616906464 1076.3840686697513 252.12071849964559 27.801725558936596 59.306634914129972 416.14006311818957 70.927045414224267 50.839501230046153 418.41008034721017 157.62335058301687 307.73093327507377 294.99906297959387 103.12931123934686 1954.7184182535857 105.28754052519798 101.46754266507924 427.05477255955338
leaf_count=1186 3551 2692 221 317 2962 2251 6441 8065 1839 2534 744 3326 4290 826 453 6355 277 292 3774 404 3887 5764 596 259 1447 334 522 394 531 548 209 332 2380 179 956 5203 1787 652 1584 204 6331 858 791 327 2057 1867 9059 1283 217 712 3020 498 273 2973 785 1520 1594 563 11642 696 686 1913
internal_value=-4.4374e-05 -0.0010701 0.000503722 0.00219586 -0.0042731 -0.00346115 -0.00363362 0.0018835 0.000878734 -0.00403298 -0.00307592 -0.00198826 0.00359872 0.00920986 0.00325475 0.00160918 0.0119159 0.00593952 0.00420858 0.00235486 0.00145656 -0.00141462 0.00399505 0.00830104 0.0111347 0.00660236 0.0182017 -0.00476964 0.00057891 -0.00271571 -0.00593418 0.00274751 0.0112095 0.0380081 0.0125454 -0.00506828 -0.00205436 -0.000207193 0.00377587 0.00532023 -0.00818772 -0.0134265 -0.00438916 -0.00800453 -0.00591227 -0.00262411 -0.0010252 -0.000438079 0.0080702 0.00672514 0.00377309 0.00673155 0.00519518 -0.00674469 0.00719883 0.00989238 -0.00127729 -0.00800314 0.00193198 -0.00147559 -0.00304961 0.00395134
internal_weight=18378.9 14020.5 9401.7 6589.76 4618.78 2811.94 4469.76 6525.21 5739.23 1581.48 4346.55 2505.52 834.058 785.977 4358.43 1296.95 242.286 196.34 3948.16 2718.41 2544.45 1633.65 645.239 1229.75 928.434 910.798 178.069 1671.46 624.685 517.078 437.283 4157.76 364.361 36.7382 153.242 3049.6 1568.58 1342.86 874.339 824.551 1481.03 630.497 850.53 1046.78 410.266 1482.2 1305.9 301.318 683.806 656.005 546.374 487.067 799.928 989.945 530.997 465.354 338.823 140.745 3793.4 1411.62 1306.34 2381.77
internal_count=130233 105962 62823 45886 43139 16937 40447 45569 41192 15299 37485 14686 4784 4377 24271 8624 2269 1992 21761 14998 13812 9069 3305 6763 5221 4743 856 9902 3276 2745 2351 25893 2891 511 1700 28861 14440 12653 7450 6798 14421 7189 7232 6626 2510 13460 10926 1542 6031 5814 4230 3518 4563 6299 2709 2305 1803 767 23002 9447 8751 13555
cat_boundaries=0 1 2 3
cat_threshold=376 645 577
is_linear=0
shrinkage=0.05


Tree=89
num_leaves=63
num_cat=4
split_feature=40 51 26 57 12 6 40 33 102 31 59 105 17 38 110 66 69 2 71 40 55 4 110 103 45 13 110 60 34 20 33 49 99 94 48 54 102 110 12 81 49 59 95 99 95 39 103 49 91 69 105 35 87 53 55 62 91 20 86 46 7 21
split_gain=25.38 20.9537 20.1817 19.5359 16.1275 24.9846 15.9338 15.8505 16.313 15.6789 15.5377 15.2791 15.0855 14.5612 18.6144 14.9616 24.0475 18.4379 15.491 15.4052 14.1593 14.0684 13.7036 13.4806 13.0358 13.0308 12.7639 12.8408 12.7937 15.0157 11.9766 11.9274 11.7235 13.8221 13.2383 13.9911 11.714 11.642 11.6405 11.3767 11.2823 17.0757 14.5337 11.2616 11.2207 11.1963 11.1428 10.9457 11.1673 10.9372 12.8049 10.8866 14.8127 10.8559 10.7945 10.6801 12.4849 14.2232 12.3391 12.2464 11.9936 13.1642
threshold=16.500000000000004 -1.6987761799723742 0.13560854507003403 -0.25997895436581714 1.0000000180025095e-35 38.741666666666681 6.5000000000000009 495.00000000000006 0.31821853429284774 6.5000000000000009 0.73560126331789766 0.62828947368421062 0.36515151515151517 0.095454545454545472 0 3.5000000000000004 -1.966666666666663 0.12771739130434787 1.0000000180025095e-35 13.500000000000002 0.88126854550511879 0.22226037851037855 1 0.31587519286816396 13.500000000000002 1.0000000180025095e-35 2 -1.4298635810554419 -9.4999999999999982 1948.5000000000002 467.00000000000006 -0.57293101768176979 34.95000000000001 1.5000000000000002 0.93095238095238109 0.41042780748663105 0.17649959392040845 3 -1.0000000180025095e-35 0.74015957574042368 -0.23695219942021167 0.18013564251103389 13.450000000000001 37.650000000000013 34.850000000000001 2885.0000000000005 0.19852487850874015 1.8797512723103085 0.17028985507246377 -2.6090909090909054 0.20692812934192248 2.5000000000000004 0.29078326517772896 -0.83012268805428258 0.74583860145970948 0.07307927314543626 0.053342816500711245 509.50000000000006 1.5000000000000002 0.75000000000000033 1.0000000180025095e-35 0.10978678132616081
decision_type=2 8 8 8 10 10 2 2 10 2 8 10 10 2 1 10 10 8 10 2 10 10 1 10 2 10 1 10 2 2 2 8 8 2 10 10 10 1 8 10 10 10 10 10 10 2 8 8 8 10 8 2 10 10 10 10 10 2 2 8 8 10
left_child=1 10 3 51 6 12 -4 8 22 13 44 -12 20 14 25 16 17 26 -17 21 -6 -20 -5 -16 -11 -8 27 -15 -28 -30 -14 36 33 -33 35 -35 -2 40 -39 -19 41 42 -21 -24 -1 55 -43 48 53 50 -34 52 -3 -23 -55 60 57 -57 -59 -60 -18 -62
right_child=31 2 4 7 5 -7 9 -9 -10 24 11 -13 30 15 23 18 45 39 19 37 -22 47 43 -25 -26 -27 28 -29 29 -31 -32 32 49 34 -36 -37 -38 38 -40 -41 -42 46 -44 -45 -46 -47 -48 -49 -50 -51 -52 -53 -54 54 -56 56 -58 58 59 -61 61 -63
leaf_value=0.016706520014244136 -0.031297058959331235 -0.016945805107035999 0.025606110638436125 -0.014957578838336736 -0.019089229049543591 -0.025930569649634784 -0.018505964833908452 0.0091215608668374897 0.016617719304403034 0.0038552680758589734 0.0049184843940838783 0.027275705807865414 -0.0069034465879294175 -0.0068559029379381218 0.0042921367679665812 -0.018113317586799155 -0.014566786018391892 0.00019003430087103019 0.0021130240686147335 0.011025153877719275 0.014807418150375784 -0.0082972969484340353 0.001202572432639129 -0.02328895724980665 -0.015765050516004658 0.014963550766320938 0.025391882521475086 0.010371097727423662 0.0021632367726954586 -0.025200382383085609 0.0039592204213425193 0.016658718261849042 0.012818440247287573 0.0098930300917114272 0.015216280864650506 -0.013843905381449959 -0.008837227383132704 0.033427260472506659 -0.00044676232960448576 -0.013959942542061878 0.0014611562855894242 0.0068231331503129907 -0.01232675602953864 -0.02080710573709834 -0.013457484245020551 0.021259790496752948 0.03225964923168554 0.038661816751635186 0.0078960003375241825 -0.010979878696272125 -0.0059715563147067175 -0.025280003207284171 0.021343986604491286 0.017644525243800942 0.043450189593086587 -0.0054226005857800248 -0.0068408650410122663 0.007916011029512655 -0.027715479387543675 0.0031052281595825865 0.01766161249380931 -0.0055027296479468694
leaf_weight=46.447880133986473 76.191408951766789 82.274024298414588 66.816393941640854 341.65659745037556 194.37912467680871 119.1756084151566 270.12880883459002 234.61361815780401 75.74032212048769 130.3974798405543 137.07291256636381 173.21418397128582 384.4920619726181 117.44739320874214 415.35982912220061 74.486098985187709 355.66932734288275 1504.671043606475 511.88234152644873 263.92999733611941 35.80769002251327 29.446191694587469 415.54736908338964 48.580434190109372 238.59859715308994 31.824524672701955 55.510451128706336 1282.4401162266731 1295.8110237186775 51.152487888932228 741.48272459954023 128.08106773626059 124.67860075552016 85.948697322979569 84.036303095519543 217.12980640679598 239.90789091866463 24.737715182825923 1735.032781617716 155.8566179908812 522.64324690029025 65.827408589422703 88.105352477170527 66.551784379407763 87.10730217397213 46.995873909443617 127.08827916532755 37.132543940097094 685.97603331319988 620.97108483221382 324.51673423219472 166.21022444125265 35.295573061332107 178.62044249661267 52.737942321226001 452.2977757640183 603.59114597178996 762.7308195233345 50.274057913571596 86.30872455239296 66.5222750287503 670.66904881969094
leaf_count=208 1136 1666 349 3066 1540 863 1937 1773 530 859 609 782 1961 724 2922 1039 5231 7589 2895 2717 239 378 3633 291 2343 181 341 6908 7382 274 3614 781 850 592 380 1331 2876 156 14098 896 3014 635 1204 540 386 287 1159 180 4042 5303 1788 3280 495 1318 323 2873 3081 4308 291 485 1104 6302
internal_value=-9.90046e-06 0.000620781 0.000324088 -0.00536943 0.000876114 -0.00407929 0.00143203 -0.00242717 -0.00544619 0.0013067 0.0113252 0.0174467 -0.00214137 0.00160168 -0.00507754 0.00202995 0.000680536 0.00302897 0.00434841 0.00473952 -0.0137751 0.00884155 -0.00749254 0.00133153 -0.00883985 -0.0144633 0.00550217 0.00885869 0.00207004 0.00110615 0.000247059 -0.00547824 -0.00370491 0.00248874 -0.00223039 -0.00710206 -0.0143325 0.00256701 4.7859e-05 -0.00114568 0.00665282 0.011742 0.00516241 -0.00183458 -0.00292084 -0.00270565 0.0236601 0.0123364 0.0112642 -0.00668617 -0.000739319 -0.0170782 -0.00536776 0.0200593 0.0236886 -0.00308201 -0.000868136 0.0018022 0.00543781 -0.0083584 -0.00703836 -0.00339134
internal_weight=18395.8 16494.4 16050.5 1417.89 14632.6 1475.34 13157.3 1134.11 899.496 13090.5 443.842 310.287 1356.16 12721.5 765.894 11955.6 7557.95 4462.89 4397.65 4323.16 230.187 1495.8 823.756 463.94 368.996 301.953 2802.36 1399.89 1402.47 1346.96 1125.97 1901.46 1585.36 515.196 387.115 303.079 316.099 2827.36 1759.77 1660.53 1067.59 544.951 352.035 482.099 133.555 3095.06 192.916 983.913 946.781 1070.17 449.195 283.78 117.57 260.805 231.358 3048.06 1955.2 1351.61 899.314 136.583 1092.86 737.191
internal_count=130338 115301 113316 14983 98333 8217 90116 9542 7769 89767 1985 1391 7354 86565 5331 81234 48076 24114 33158 32119 1779 9136 7239 3213 3202 2118 15629 7632 7997 7656 5575 15037 11025 3084 2303 1923 4012 22983 14254 8485 8729 5715 3921 4173 594 23962 1794 6241 6061 7941 2638 5441 2161 2019 1641 23675 11038 7957 5084 776 12637 7406
cat_boundaries=0 1 2 3 4
cat_threshold=164 900 803 290
is_linear=0
shrinkage=0.05


Tree=90
num_leaves=63
num_cat=2
split_feature=9 100 0 110 33 63 92 29 52 93 46 67 55 21 9 66 57 40 63 94 3 96 58 20 102 58 12 80 0 67 50 54 58 21 67 8 114 21 3 67 40 31 33 8 100 31 8 27 21 9 67 55 54 82 27 30 20 60 95 67 9 41
split_gain=23.9313 21.9809 23.5487 21.8386 31.2973 30.3753 25.9586 19.7521 16.4791 15.5206 15.3062 13.9748 13.6796 13.5395 13.4563 16.9869 17.8582 14.2685 13.694 15.7058 12.2727 12.0864 16.2203 16.432 11.661 11.3552 11.1729 11.1337 11.9475 10.9613 16.5971 10.8935 13.1737 11.0314 10.8872 10.8862 10.7363 10.6683 13.8027 10.9312 10.6276 11.4144 13.6532 11.2636 10.598 10.5193 10.3311 10.3308 11.3554 10.1977 14.1423 13.4422 16.4207 12.2694 11.4476 11.3271 10.8293 14.7637 10.8757 10.5669 10.9996 12.9696
threshold=111.50000000000001 4.5000000000000009 14.500000000000002 0 459.00000000000006 0.46966911764705888 3.5000000000000004 0.16177903910102057 0.35504201680672276 0.64495798319327746 1.9916666666666674 25.250000000000004 1.1313821971699098 0.12728558570142731 36.500000000000007 4.5000000000000009 0.36161005651142036 17.500000000000004 0.83854166666666685 1.5000000000000002 0.79168747918747939 35.452272727272735 1.6716167673460116 1811.5000000000002 0.15627161134163212 0.087318697529619946 1.0000000180025095e-35 0.22649572649572652 7.5000000000000009 25.150000000000002 0.57417582417582425 0.29289215686274517 1.1894141962889726 0.24339691500768668 25.150000000000002 0.68990384615384626 1 0.16927268551446187 0.37722865833661295 28.450000000000003 10.500000000000002 6.5000000000000009 531.00000000000011 0.44949494949494956 8.5000000000000018 2.5000000000000004 0.087121212121212141 0.29869306381064503 0.49459443665264147 26.500000000000004 26.050000000000004 0.24484999926975834 0.82247899159663873 0.12148885836385835 0.29070348256394773 0.18990741269116643 903.50000000000011 -1.3843855052624434 39.750000000000007 36.750000000000007 48.500000000000007 1.5000000000000002
decision_type=10 8 2 1 2 8 2 10 8 8 10 8 10 10 10 8 10 2 8 2 8 8 8 2 10 8 10 10 2 8 8 8 8 8 8 10 9 10 10 10 2 2 2 8 8 2 8 8 10 10 8 8 10 10 10 10 2 10 8 8 10 2
left_child=1 2 10 21 5 -5 14 -2 12 11 36 -9 -7 -10 17 16 18 47 19 34 -17 22 23 45 -15 -8 -26 -11 -29 30 -23 32 33 -12 -16 -32 -1 38 39 -4 44 42 43 -42 -27 -3 -33 48 -6 56 -51 53 54 -52 -53 -54 58 -58 -38 -57 -61 -62
right_child=7 3 37 4 6 8 25 9 13 27 31 -13 -14 24 15 20 -18 -19 -20 -21 -22 29 -24 -25 26 40 -28 28 -30 -31 35 46 -34 -35 -36 -37 49 -39 -40 -41 41 -43 -44 -45 -46 -47 -48 -49 -50 50 51 52 55 -55 -56 59 57 -59 -60 60 61 -63
leaf_value=-0.0056326856903190486 -0.023356375992869622 0.026843610787664438 0.0033265985530886132 -0.017467714034862018 -0.0012367970514627544 -0.016142545592963114 -0.031855558444063764 0.0084552213347193796 0.030358759213118088 -0.0090258113343215911 0.016060906945801295 -0.011168473898505933 0.015423791709958994 -0.01328076429177825 -0.023803275233729108 0.013092900851310554 -0.013611696404291371 -0.014672052930607585 0.032522662324703945 -0.013622220039276345 0.048842493885029516 -0.0015693478978491236 -0.01357757046801155 0.034262800221850291 0.0012435423073867882 0.022542540519791546 -0.018721912413079207 0.013355118493558428 -0.011814685986196498 -0.00010944511092245732 0.039740450051465342 -0.021629404999146274 0.038783927335532618 -0.013534075750264366 0.012414943447464062 -0.0010185812482192268 0.0013414485381789288 -0.0079815651919330991 -0.0033974400286407819 0.040874291035498146 -0.0025119486537900533 -0.027345616594581915 0.018805921816214294 -0.012764234245392164 -0.0027790926139277658 0.0056439650571906731 -0.0021558656038341427 0.0081979086804399946 0.017094855253708456 0.015069627942369504 2.6020830738146833e-05 0.014480934457752039 -0.014073754825413702 0.018729037041295755 0.038992483989190793 -0.014320777138563648 -0.015276177993589799 0.0098885190866785794 -0.017185349810969936 0.02101101558345914 0.01545846370487612 -0.0094685432564383162
leaf_weight=201.45145832002163 150.62279538158327 62.896132916212082 40.055550556629896 550.80223326850682 1761.4111728295684 348.48616089299321 39.53602004610002 104.46300494670868 31.873414117842913 126.42691237479448 70.155754078179598 657.82859421242028 37.269156217575073 197.72298637218773 21.572577647864819 347.59688886255026 139.23330163955688 148.46460574120283 45.63306837156415 95.901494072750211 25.002256559208035 95.560069527477026 83.809313340112567 60.574403943493962 1025.3721557669342 63.856181809678674 74.207017872482538 246.49767431709915 57.419166987761855 2684.7893042517826 60.534208368510008 74.634974934160709 31.367080127820373 55.513351749628782 267.129529081285 22.258906764909625 917.70187229663134 639.33507365547121 187.12966253422201 36.915322486311197 652.94340958818793 62.275175241753459 54.015091875568032 454.05376271158457 113.36168901994824 711.3781650820747 687.86108949966729 434.93624990619719 87.730930559337139 564.71513722836971 862.2622607499361 346.49510539136827 71.306577149778605 96.615626959130168 54.917881567031145 48.150329500436783 62.904818244278431 674.05641449987888 85.688073229044676 144.07940129563212 103.60356188938022 103.18673660606146
leaf_count=1099 1711 374 245 7505 13883 3956 558 837 314 687 517 5543 338 1463 207 2488 688 1196 253 788 553 503 504 307 6272 404 373 1537 323 21274 463 370 179 297 2410 300 4837 3961 1868 239 3625 722 379 4453 640 4872 3752 2592 400 3142 4958 1797 383 546 281 251 391 3341 488 706 516 525
internal_value=6.75825e-05 0.000574741 0.00296037 -0.000778331 -0.00241496 -0.00726285 -0.000137569 -0.00635498 -0.00397698 -0.00419003 0.00424197 -0.00847173 -0.0130608 -0.00133282 0.00226074 0.00733083 0.00189198 0.000295006 0.00692921 0.00381609 0.0156161 0.00228598 0.00727884 0.00938633 -0.00213423 -0.00575547 -0.000119648 0.00339642 0.00857662 0.000689988 0.0126575 -0.00161617 0.0103349 0.00298392 0.0096358 0.028901 0.00548406 -0.00449308 0.00395012 0.0216278 -0.00499647 -0.0066543 -0.00552187 -0.00672482 0.00642024 0.00739847 -0.00408782 0.00127386 -0.000358298 0.00602584 0.00815644 0.00601677 0.0105068 0.00192807 0.017923 0.00415271 0.00312499 0.00772275 -0.000256249 0.0074369 0.0104549 0.00303438
internal_weight=18365.5 17022.3 6160.1 10862.2 7080.39 2265.73 4814.65 1343.26 1714.93 1192.64 5256.67 762.292 385.755 1329.18 3374.61 942.069 569.47 2432.54 430.237 384.604 372.599 3781.8 918.658 834.849 1297.3 1440.04 1099.58 430.344 303.917 2863.14 178.353 919.532 157.036 125.669 288.702 82.7931 4337.14 903.436 264.101 76.9709 1400.51 1223.29 1161.01 1107 177.218 774.274 762.496 2284.08 1849.14 4135.68 2395.33 1830.62 871.74 958.878 401.413 470.327 1740.35 736.961 1003.39 399.02 350.87 206.79
internal_count=130384 119746 34689 85057 56460 20221 36239 10638 12716 8927 28376 6380 4294 8422 25458 7387 4346 18071 3658 3405 3041 28597 6057 5553 8108 10781 6645 2547 1860 22540 1266 5115 993 814 2617 763 23261 6313 2352 484 10223 9179 8457 8078 1044 5246 4122 16875 14283 22162 13105 9963 4459 5504 2078 2381 9057 3732 5325 1998 1747 1041
cat_boundaries=0 1 2
cat_threshold=376 1
is_linear=0
shrinkage=0.05


Tree=91
num_leaves=63
num_cat=5
split_feature=12 72 66 6 58 40 68 58 27 49 71 110 73 7 46 95 27 58 67 20 110 8 110 58 28 42 10 87 104 20 96 3 54 57 110 82 47 7 6 104 28 50 46 58 110 35 22 8 10 39 39 10 82 3 42 28 103 87 38 107 28 22
split_gain=24.9372 22.8586 23.1845 22.8093 20.5382 20.3994 17.7687 20.1392 16.8389 17.8397 14.1869 15.4515 13.0662 16.3104 15.6886 15.2885 14.0905 14.6299 13.8207 14.9034 13.2604 12.7453 12.3302 14.6069 12.1799 12.0408 11.3468 11.1815 13.4423 11.0351 10.9679 10.9157 12.397 16.6434 10.9093 11.4281 10.9059 10.7322 12.0403 10.5552 10.4587 10.4132 10.3595 10.3226 10.3034 11.4166 15.7119 10.9303 10.2938 14.8748 10.6016 10.2847 12.33 12.9998 10.569 10.2584 12.4404 10.2416 10.1437 13.8277 10.8672 14.0691
threshold=1.0000000180025095e-35 1.0000000180025095e-35 4.5000000000000009 38.641666666666673 0.27820220747426028 15.500000000000002 12.65 1.0000000180025095e-35 0.26181991287037309 -0.66666168937771608 1.0000000180025095e-35 0 1.0000000180025095e-35 1.0000000180025095e-35 1.0750000000000006 34.250000000000007 0.23913598898047148 0.60008787119360252 39.850000000000001 1428.5000000000002 1 0.54195804195804198 2 1.0434984994135352 0.21065095058739128 1.5000000000000002 305.00000000000006 0.25515518707482998 35.017313021192457 1948.5000000000002 33.621764705882363 0.35461137655707803 0.62916666666666676 0.33227402676856493 3 0.039470627411803898 2.7500000000000004 1.0000000180025095e-35 37.041666666666679 35.157155657962115 0.18310980532878804 0.17156862745098042 1.9916666666666674 -0.1025954789309023 4 3.5000000000000004 0.076365097924583472 0.13809523809523813 -14.999999999999998 2550.0000000000005 1550.0000000000002 225.00000000000003 0.034188034188034198 0.65739875864875874 8.5000000000000018 0.083624708624708638 0.20755168151015588 0.34442401960784325 0.71825396825396837 36.090851370851375 0.19022098098902995 0.063593737407779169
decision_type=10 10 10 10 10 2 10 8 10 8 10 1 8 8 8 8 10 10 8 2 1 10 1 10 8 2 10 8 10 2 10 10 8 8 1 8 10 10 10 8 10 10 8 8 1 2 10 8 8 2 2 10 10 8 2 10 8 10 2 8 10 10
left_child=1 2 6 8 10 51 12 39 9 -2 -3 21 22 14 15 -14 17 -16 27 26 25 -12 23 -1 -19 -18 -20 30 -29 -11 -15 32 33 40 35 -32 57 38 -10 -8 -6 -33 -27 -24 45 -17 -47 -46 50 -50 -9 52 55 54 -54 56 -4 -22 -7 60 61 -60
right_child=3 4 5 -5 31 58 7 48 37 29 11 -13 13 18 16 44 20 24 19 -21 36 -23 43 -25 -26 42 -28 28 -30 -31 34 41 -34 -35 -36 -37 -38 -39 -40 -41 -42 -43 -44 -45 47 46 -48 -49 49 -51 -52 -53 53 -55 -56 -57 -58 -59 59 -61 -62 -63
leaf_value=0.0088569444565687501 -0.026606107483871263 -0.026534435183230533 0.0005316063632807835 -0.024333100544027722 0.0049981424061107012 -0.0016629547728676454 0.012886835167909592 0.015871061950379108 0.0024045263020333737 -0.0072435730538146564 0.014408371617692482 -0.0096347364255329349 0.032141070060008235 -0.021040131598415376 -0.0090444479195441671 0.02728640420684024 0.04066904269742895 0.017481317958341843 0.001039623708828052 -0.01251058657880498 0.002713066316544421 -0.01237292405298231 -0.016169067346729332 -0.0084335433482834992 -0.0058622561254633556 0.023684755409909542 -0.014994440119358108 -0.013386447985773531 0.016309798024743995 0.012039242579449961 0.033420580178813782 -0.018922708007763519 -0.0015032544340869724 0.0037385958627538188 -0.001865381997281725 0.0009529714311832505 0.019458864136144408 0.0083313301999436481 -0.019891799314063183 -0.022786742251157274 0.036944994324356932 -0.0016605515147432679 -0.0011507770745748486 -0.0026312797038143447 0.028476727236806793 -0.0031650594214564678 0.028629790670275858 0.0016980186430024598 -0.0053757002137849556 0.018762529487222082 -0.0024559528617629309 -0.0035582675469770357 0.021644782105484831 0.047225595427943037 0.0072478398094295519 0.0052010033475163135 0.045823998017041796 -0.024819161968280518 0.05000723316734447 0.017562891322553262 -0.0049758535976013587 -0.0047987553909229225
leaf_weight=468.79671413451433 111.89171195495874 98.650701972655952 26.53534372523427 147.82898925617337 38.086076535284519 957.7365845059976 22.737527970224619 144.02715087961406 185.99447226338089 823.16410116292536 137.54149141907692 862.93673007749021 81.05693444609642 48.066306680440903 353.25687126349658 139.87369494140148 46.432930793613195 126.13333383202553 3254.6955709196627 234.63373076170683 90.259777257218957 64.496867195703089 152.65899484883994 164.18077036738396 99.006053730845451 88.117887377738953 113.21009857021272 42.100998885929585 342.82228637300432 80.634177170693874 56.389835026115179 93.664843648672104 385.47992911189795 235.31541686877608 247.05979763716459 51.470516312867403 49.459875790402293 351.77137120440602 88.647508442401886 181.94893261045218 79.52042692899704 1136.8551356373355 79.229586063884199 1694.06832353957 41.090466648340225 110.73522998020053 58.71809808164835 404.3247178774327 1236.9675459815189 66.325251774862409 172.58336259424686 132.19418919924647 267.95991532877088 32.176183759234846 245.17516827397048 701.51840403117239 34.44263668730855 52.813790965825319 21.606543811969459 191.70749445445836 210.65452632308006 23.963703591376543
leaf_count=3911 1199 2282 211 1115 225 7856 302 1170 934 4351 1319 10714 375 385 2116 699 231 569 17277 1177 462 1250 2250 980 444 440 710 268 2209 395 390 454 1864 1117 1759 366 255 1775 479 3229 455 10201 417 12132 190 606 273 2102 9368 441 1354 1008 1549 465 1460 4344 248 248 277 1678 1490 169
internal_value=1.62126e-05 0.000624643 0.00152596 -0.00558744 -0.00321892 0.00552888 0.000442258 -0.00404211 -0.00388609 -0.00785951 -0.00848217 -0.00678663 0.0013841 0.00260899 0.00658669 0.0116208 0.00230643 -0.00270602 0.000958506 -0.000354023 0.00943089 0.00556599 -0.00168372 0.00429814 0.00723535 0.0175614 0.000496358 0.00695259 0.0130355 -0.00551181 0.00112445 -0.000105632 0.00469663 0.0114536 0.00417685 0.0165573 -0.000521425 0.00255882 -0.00483822 -0.0187806 0.0267286 -0.00298881 0.0119895 -0.00373829 0.00937734 0.0162334 0.00795566 0.00413406 -0.00216936 -0.00413385 0.00590479 0.00970936 0.0110522 0.01679 0.0147934 0.00693201 0.026441 -0.00755183 0.00124244 0.00744441 -0.000165093 0.0217026
internal_weight=18283.4 16493.5 13360.9 1789.93 3132.55 2845.67 10515.3 1824.59 1642.1 1015.69 1163.63 1064.98 8690.66 6210.96 1820.51 835.799 984.71 578.396 4390.45 3602.54 406.314 202.038 2479.7 632.977 225.139 213.78 3367.91 787.91 384.923 903.798 402.986 1968.92 738.402 352.922 354.92 107.86 192.533 626.413 274.642 204.686 117.607 1230.52 167.347 1846.73 754.742 309.327 169.453 445.415 1619.9 1303.29 316.611 1440 1307.81 545.311 513.135 762.496 60.978 143.074 1405.67 447.932 256.225 45.5702
internal_count=129989 119741 89860 10248 29881 20755 69105 15864 9133 5945 15565 13283 53241 33968 9427 4245 5182 3129 24541 19164 2053 2569 19273 4891 1013 1088 17987 5377 2477 4746 2900 14316 3661 1797 2515 756 965 3188 1413 3531 680 10655 857 14382 3870 1578 879 2292 12333 9809 2524 9285 8277 3474 3009 4803 459 710 11470 3614 1936 446
cat_boundaries=0 1 2 3 4 5
cat_threshold=74 787 352 49 440
is_linear=0
shrinkage=0.05


Tree=92
num_leaves=63
num_cat=2
split_feature=9 33 10 39 97 10 87 95 54 55 54 55 33 17 54 5 51 26 55 68 107 39 53 46 87 56 51 4 16 113 21 59 40 21 67 9 37 48 56 64 30 69 5 64 46 33 53 31 26 1 93 110 69 10 60 68 55 54 6 18 5 68
split_gain=24.8442 23.7481 20.7057 25.6408 17.0123 17.7372 15.3793 24.8257 20.8995 29.1659 19.9449 18.2001 15.3615 14.9628 15.7398 14.1761 17.6159 13.4712 13.1727 13.0881 13.0629 12.9209 13.522 11.7957 11.7956 11.4145 11.8102 16.6002 16.9317 16.8542 15.365 14.0118 13.4557 15.7409 15.3728 14.6459 14.4718 18.4492 14.1085 13.4418 17.3439 13.8819 13.4274 13.396 12.5325 12.4371 12.3767 12.0324 11.6831 11.6082 11.4415 11.3817 12.4823 13.5741 11.6012 11.3585 12.5504 12.6234 12.6366 11.2079 10.7878 11.9535
threshold=202.50000000000003 417.00000000000006 35.000000000000007 1650.0000000000002 1.5000000000000002 995.00000000000011 0.17555296266233769 37.250000000000007 0.93541666666666679 0.85338331711779181 0.81534090909090928 0.56407726395161784 511.00000000000006 0.18350168350168353 0.81009615384615397 0.35080128205128208 1.2770292814802682 0.18039494206773621 2.1443794284189468 12.750000000000002 36.499572649572656 2350.0000000000005 -0.13822248604549289 1.1916666666666671 0.3256178210929343 1.3725343012543616 -1.6987761799723742 0.37122113997114009 0.036038961038961044 0 0.40846264024826934 0.73560126331789766 16.500000000000004 0.21946367328876459 26.350000000000005 17.500000000000004 6.5000000000000009 0.90312500000000007 -0.88063465134113217 0.69987471350023711 0.20812495311445078 -2.1428571428571437 0.43752913752913764 0.95824153535835765 2.0083333333333342 477.00000000000006 0.63544479917667507 4.5000000000000009 0.26489127541310581 0.18350168350168353 0.55277777777777792 1 11.430769230769231 -204.99999999999997 -0.30542480989206272 11.950000000000001 0.094153325738080704 0.72902097902097907 35.283333333333346 0.55777777777777793 0.64396789485024786 11.850000000000003
decision_type=10 2 10 2 10 10 10 10 10 10 10 10 2 8 10 8 10 8 10 10 10 2 10 8 10 10 8 10 2 9 10 8 2 10 10 10 2 10 8 10 10 8 10 10 8 2 10 2 8 10 10 1 8 10 10 8 8 8 8 8 10 8
left_child=1 19 6 -4 5 15 7 8 9 10 11 -3 25 -11 -15 -5 55 -9 -10 -1 -20 22 -6 24 -23 26 31 28 42 -29 32 -8 33 34 39 -35 44 38 -38 41 -41 -31 48 -42 59 -37 -34 -47 -28 -49 -33 54 53 -53 -14 56 -17 -58 -59 -36 61 -16
right_child=-2 2 3 4 21 -7 12 17 18 13 -12 -13 51 14 60 16 -18 -19 20 -21 -22 23 -24 -25 -26 -27 27 29 -30 30 -32 50 46 35 36 45 37 -39 -40 40 43 -43 -44 -45 -46 47 -48 49 -50 -51 -52 52 -54 -55 -56 -57 57 58 -60 -61 -62 -63
leaf_value=-0.0052485073351924792 -0.014044158532253215 0.0012084133991636173 -0.0087607365097147633 -0.0092583195213856214 -0.0054971904669559295 -0.029503758357840942 -0.0047516661844499309 -0.016354097417904282 -0.010457404873882394 0.035930758419677349 -0.010102098373127817 0.012808965959010727 -0.01125464826994972 0.037126609526286686 0.033517285417560098 -7.3220422642818279e-05 -0.022867025116289137 -0.0033717383938258517 -0.0041940787621731835 -0.023589369224255433 0.02795508428039728 0.038824868800317408 0.0072879009158745359 0.00502180617329453 0.0025935678171747621 0.017321473534693637 -0.0052944602530195749 0.033676691566691105 -0.021178181973427541 0.042559646083103253 0.026597810449007272 0.0042473964588939745 -0.014298003476726787 -0.012874297466792528 0.033680332360099145 -0.0029704117654160613 -0.030130562216959863 0.030673469845850995 -0.0015961795204636248 0.0060558957578063146 0.058355356188230602 0.0071687210723820095 0.0058300621161949916 0.022510116833158837 -0.01023092268046559 0.014865658515896468 0.010345577413660476 0.019150014567365512 0.0031316405056609148 -0.014367793272636091 0.033072834903862813 0.037217927564781053 0.024927977151476131 0.0056939940422501721 0.01402643740589804 -0.00017734963969282078 0.045694920178228279 0.032023331027621386 -0.0041742974532459872 -0.0055656316835370912 -0.010307831660397148 0.006899817670516408
leaf_weight=366.47229167632759 292.81897156964988 4281.8586404267699 1099.0488767623901 467.09030592441559 337.55001658573747 59.342303492128849 69.008820801973343 285.14264437556267 535.98149856552482 65.482769956812263 358.32588785141706 366.12712054233998 108.05598688498139 48.246993416920304 48.955078363418579 118.00065137073398 71.383331760764122 664.83117751777172 92.169722102582455 131.84993130434304 46.911487532779574 73.218951122835279 530.68586517497897 122.12556694541126 32.430888013914227 129.95370246469975 1191.4884974882007 38.383760184049606 98.476620264351368 28.263128897175193 72.656507108360529 54.92731661349535 183.42817605473101 182.99866284243762 80.873885678127408 452.9482704307884 47.583194741979241 39.198392029851675 401.12716181296855 77.432673566043377 43.581072613596916 544.16137501038611 682.73440308496356 68.202448366209865 32.611294440925121 276.28982509113848 69.572806172072887 36.327676687389612 627.23279834538698 83.032825920730829 92.732287794351578 37.033794526010752 178.51669342629611 340.99108603969216 76.719467923045158 850.56122135557234 39.409104982391 42.897652804851532 53.044237678870559 23.057229045778513 71.866439109668136 277.1588986273855
leaf_count=3346 2413 32916 8876 2840 3532 530 301 3147 3344 557 2249 2356 655 271 258 925 1460 4918 500 1921 282 488 3122 822 191 593 5650 316 474 279 340 244 1833 1056 762 2720 924 223 4231 438 236 4503 3232 384 371 1568 418 260 2874 499 424 274 911 2036 437 6254 258 229 395 215 433 1584
internal_value=0.000377982 0.000613262 0.00091983 -0.00229341 0.000249405 -0.00287911 0.00183976 0.000240236 0.00139502 0.00241124 0.00124778 0.00212476 0.00360547 0.0137693 0.0104441 -0.00189974 0.00103011 -0.0072816 -0.00690295 -0.0101388 0.00677185 0.00510511 0.00231675 0.0156772 0.0278317 0.00272792 0.00238613 0.00192392 -0.000948392 0.0046079 0.00405158 0.0138048 0.00344365 0.00459224 0.00807078 -8.49428e-05 0.00224972 -0.00178496 -0.00468236 0.0128341 0.0243632 0.0089873 -0.000143847 0.0368786 0.016575 0.00268496 -0.00750721 0.00915052 -0.00238838 -0.00409221 0.0224509 0.0103737 0.0138101 0.00887233 -0.000701107 0.00259469 0.0118652 0.0221974 0.0121738 0.0250035 0.00712443 0.0109858
internal_weight=18300.6 18007.8 17509.4 3896.79 2797.74 1701.73 13612.7 7143.06 6193.08 5518.02 5006.31 4647.99 6469.6 511.71 446.227 1642.39 1175.3 949.974 675.063 498.322 139.081 1096.01 868.236 227.775 105.65 5728.28 5598.33 5381.66 2599.93 2781.73 2743.35 216.668 2670.69 2417.69 1386.09 1031.6 624.451 487.909 448.71 761.641 189.216 572.425 2501.46 111.784 136.542 848.599 253.001 395.65 1818.72 119.361 147.66 741.317 556.542 378.025 184.775 1103.91 253.352 135.351 95.9419 103.931 397.98 326.114
internal_count=130098 127685 122418 29922 21046 12891 92496 52815 44750 40624 37521 35272 39681 3103 2546 12361 9521 8065 4126 5267 782 8155 6654 1501 679 35368 34775 33806 12230 21576 21260 969 20920 18669 12566 6103 6726 5378 5155 5840 1058 4782 11756 620 1348 5047 2251 2327 8524 759 668 4313 3221 2310 1092 8061 1807 882 624 977 2275 1842
cat_boundaries=0 1 2
cat_threshold=8 168
is_linear=0
shrinkage=0.05


Tree=93
num_leaves=63
num_cat=2
split_feature=71 40 34 51 9 6 80 40 57 95 51 9 97 9 110 91 19 41 68 24 96 59 18 7 27 56 47 10 83 39 33 47 36 47 107 91 23 0 27 70 7 56 97 21 56 29 27 3 104 9 110 21 49 55 53 104 40 80 104 58 67 56
split_gain=23.1749 23.7767 20.906 18.8598 16.3977 18.3683 19.5636 15.2388 13.8452 21.4863 13.3585 13.1781 16.4343 15.673 18.437 14.0074 12.8655 13.2552 13.3354 12.576 15.3875 12.4742 12.3958 12.0858 11.8666 13.6944 13.0955 11.8477 14.2889 13.5965 15.2853 12.7073 12.2123 12.1572 11.7074 11.5176 12.502 13.4507 12.6025 17.0758 12.4973 13.2779 13.3352 12.5914 12.8133 12.5898 12.0617 11.4493 11.4361 11.3433 11.5378 11.0716 14.4937 13.2483 13.1976 12.3403 11.9234 11.0669 11.8044 11.0375 12.3654 10.948
threshold=2.5000000000000004 16.500000000000004 2.5000000000000004 -1.6987761799723742 182.50000000000003 37.083333333333343 0.73030303030303034 7.5000000000000009 0.29801021524497101 14.050000000000002 1.6378701509253859 42.500000000000007 5.5000000000000009 55.500000000000007 0 0.097619047619047633 0.67948717948717963 1.5000000000000002 12.65 0.18465909090909094 35.075961538461549 1.4239384664662393 0.23205128205128209 1.5000000000000002 0.17259856849229993 0.3382948285312159 1.8750000000000002 -94.999999999999986 1.0000000180025095e-35 1350.0000000000002 455.00000000000006 0.35000000000000003 6.5000000000000009 0.35000000000000003 35.433514492753638 0.053342816500711245 0.37211957098863763 2.5000000000000004 0.25740819142597299 1.0000000180025095e-35 1.5000000000000002 -0.27111698319145577 5.5000000000000009 0.13154896090058313 0.08210648826783272 0.23282612988675599 0.28113716058555921 0.20001361655773423 35.363652091852792 14.500000000000002 1 0.22227305072684764 0.047123062700035537 0.48098276193270434 -0.080538297131930656 38.362518011527385 9.5000000000000018 0.77350427350427364 37.911021828535283 0.29660399823426492 26.150000000000002 0.28342491406459497
decision_type=10 2 2 8 10 8 10 2 8 8 8 8 8 8 1 10 10 2 10 10 10 8 8 10 10 8 8 8 2 2 2 8 2 10 10 8 8 2 10 8 10 10 10 10 8 10 10 8 8 10 1 8 10 10 8 8 2 10 10 8 10 10
left_child=1 2 3 -1 5 8 27 -4 9 -5 35 12 15 14 -13 -9 17 18 -10 20 -18 -20 -16 -2 25 -3 34 29 59 30 -7 -30 -33 -32 -26 36 38 -38 40 -40 41 -11 -43 -42 -45 -44 -41 -34 -12 -49 -51 55 53 -53 -54 56 -37 -8 -59 60 -29 -21
right_child=23 24 7 4 -6 6 57 11 16 10 48 13 -14 -15 22 -17 19 -19 21 61 -22 -23 -24 -25 26 -27 -28 28 31 -31 33 32 47 -35 -36 51 37 -39 39 46 43 42 45 44 -46 -47 -48 49 -50 50 -52 52 54 -55 -56 -57 -58 58 -60 -61 -62 -63
leaf_value=0.014386225476441142 0.027218771313967334 -0.027652606158003919 0.020579420472601351 0.031186092139306766 -0.01558836031829432 -0.0029685662924150173 -0.019583547149433143 0.00049949718270351931 0.0056417379689594396 -0.010027286701553978 0.017343647940806301 0.023492860890516075 -0.014809970983080538 -0.0018805183987710729 0.018905074267727608 -0.010179880861916096 -0.01814128497547849 -0.0061288965928858671 -0.017675173258121242 0.028770457039964649 0.0097327439657598283 0.01300258634132357 -0.0084198345658097768 0.004914801658802182 0.0021885364715724526 -0.0047875205163919214 -0.010217401911599701 0.0029429225559970199 0.0046826967776083242 0.0020239356627459576 0.0052141911604885148 -0.0098913616089715637 -0.027914447233316059 0.032833075090903684 -0.010757313655451736 0.021914633817626199 0.039611215831426877 0.0045259840827323403 0.0040175901240333432 0.048744357621816156 -0.016359636370053981 0.013029517590644227 -0.023326603985722089 0.040221496472095504 0.0027454876409017444 0.021191024726389424 0.015835427209487673 -0.0081458700751239951 -0.029846773568320835 -0.0086976267588816433 0.018934136082840985 -0.014385301832971806 -0.019993617860066648 0.0071251475514597044 0.0062012937552186204 0.02680104968559327 0.0035746776799518939 -0.015705354066842692 -0.00074195966541444982 0.00276801865526839 -0.020560358406197514 0.0080881458786521872
leaf_weight=286.05664120614529 114.7946294080466 119.28718442190439 70.748370565474033 81.30908009596169 139.1528689423576 75.416597513481975 150.96765184402466 852.43234758358449 742.42668990790844 177.08628693223 16.827741238288581 129.30685310717672 407.99031209666282 2367.5124330725521 57.684543065726757 478.83362586610019 86.584358938038349 780.26480836607516 127.50269407406449 85.662205666303635 112.93809288740158 43.83421971835196 140.77678086236119 128.88206825777888 831.92016340326518 144.86504319123924 520.46330423932523 111.63021212257445 313.96268858760595 559.57847027108073 59.824251750484109 819.17189230397344 28.69854549318552 120.92889612354338 219.97134356293827 100.18443440832198 68.540562354028225 45.461264930665493 107.66386972460896 54.004682816565037 20.173229375854135 233.25035774242133 55.457035278901458 60.935081580653787 36.349621469154954 21.212419988587499 59.317813394591212 107.34369736537337 46.598825933411717 47.156859741546214 133.96483520139009 248.96856564283371 51.000211622565985 99.59249109774828 642.12651269137859 75.947795256972313 719.47300685849041 177.42538207583129 504.820366746746 2660.4835957791656 110.77901948615909 249.77941050380468
leaf_count=1282 540 1541 360 472 1286 669 1432 5067 3657 2357 256 882 4091 17081 551 2619 401 4174 702 395 523 251 868 609 5845 1185 4244 962 2126 4104 434 5942 135 958 1954 584 410 292 1019 415 303 1937 619 606 285 205 415 852 914 324 921 1635 271 592 3019 685 5591 2280 5208 17742 1501 1111
internal_value=0.000205883 -1.88511e-06 0.000610787 0.00172864 0.001409 0.00162094 -0.00027335 -0.0022815 0.00377884 0.00598357 0.00527624 -0.00265078 -0.0060425 -0.00046068 0.00976952 -0.00334645 0.000788913 -0.00134654 0.00273937 0.00754097 -0.00239356 -0.00979678 -0.000402468 0.0154904 -0.00539142 -0.0151784 -0.00373862 0.000877312 -0.000163831 0.00640121 0.0159179 -0.00421027 -0.0066693 0.023771 -0.000526343 0.00577876 0.0103198 0.0257811 0.00815581 0.0183475 0.00440568 0.000861055 0.00709483 0.0189711 0.0263893 -0.0108955 0.0318076 0.00165759 -0.0172518 0.00468589 0.0122937 0.00357251 6.65656e-05 -0.00823644 0.00424785 0.00764568 0.00584029 -0.00737653 -0.00465064 0.00187257 -0.00880337 0.0134396
internal_weight=18243.3 17999.6 16163.1 11657.8 11371.8 11232.6 5982.15 4505.29 5250.47 3021.48 2940.17 4434.54 1739.26 2695.28 327.768 1331.27 2228.99 1694.03 913.764 534.964 199.522 171.337 198.461 243.677 1836.51 264.152 1572.35 5148.94 4333.19 815.748 256.17 1450.3 1136.34 180.753 1051.89 2876.75 939.452 114.002 825.45 220.986 604.464 487.006 309.92 117.458 97.2847 76.6695 113.322 317.164 63.4266 288.465 181.122 1937.29 1041.69 348.561 693.127 895.605 819.657 833.213 682.246 2882.89 222.409 335.442
internal_count=129691 128542 113773 82254 80972 79686 45590 31519 34096 22882 22410 31159 11777 19382 2301 7686 11214 8784 4610 2430 924 953 1419 1149 14769 2726 12043 36670 30505 6165 2061 10300 8174 1392 7799 21240 8863 702 8161 1849 6312 5118 2761 1194 891 824 830 2232 1170 2097 1245 12377 5517 2227 3290 6860 6175 8920 7488 20205 2463 1506
cat_boundaries=0 1 2
cat_threshold=388 268
is_linear=0
shrinkage=0.05


Tree=94
num_leaves=63
num_cat=1
split_feature=13 71 33 110 63 67 60 62 95 72 52 101 81 27 102 3 47 88 46 1 104 20 39 38 67 0 46 59 91 58 107 68 12 54 84 87 79 26 69 69 69 67 80 38 3 51 54 38 22 21 62 67 26 20 39 44 21 32 82 26 46 30
split_gain=24.0792 20.5453 18.2503 18.2957 18.2568 19.3225 18.1865 17.8555 17.2714 15.7456 20.9424 15.0129 17.6053 14.7325 19.7357 17.1714 15.7416 14.6589 13.8165 14.5416 18.0352 16.6758 13.6725 14.0199 12.8678 12.5792 13.9389 12.6733 15.8601 12.1303 12.5923 14.4358 11.6481 11.6176 11.2727 12.6276 13.9513 14.8618 13.0979 11.2607 11.2079 15.0772 15.0451 11.1452 12.9584 11.0357 11.0296 11.0262 11.0245 10.9421 10.9284 10.8778 10.8052 10.7028 10.6284 13.4662 12.9492 10.6108 10.5366 10.3634 10.3416 12.5745
threshold=1.0000000180025095e-35 2.5000000000000004 451.00000000000006 0 0.79705882352941193 26.650000000000002 -0.66967070939247797 -1.8874011278580589 13.65 1.0000000180025095e-35 0.15192307692307697 2.8000000000000012 -1.5799407635515319 0.2597924685741973 0.30001822821728041 0.11766067538126364 0.87500000000000011 1.0000000180025095e-35 1.1916666666666671 0.18350168350168353 34.984133802718532 2206.5000000000005 1350.0000000000002 0.59411764705882364 24.450000000000003 11.500000000000002 2.3250000000000006 0.84629832941955985 0.10263157894736843 0.57524707418458731 38.100261780104724 11.950000000000001 -1.0000000180025095e-35 0.82843137254901966 0.10555555555555557 0.12244897959183677 0.71130952380952395 0.32576263300562375 0.16715686274509881 13.300000000000004 -0.099999999999999631 25.750000000000004 0.36038961038961043 0.72474747474747481 0.56553758741258753 -1.1785726606132887 0.84495192307692324 0.93541666666666679 0.023080474465516022 0.25221389748508488 -0.65238594701619701 38.850000000000001 0.38984279046917225 663.50000000000011 1250.0000000000002 3.5000000000000004 0.40003792188092535 53.500000000000007 0.051136883949383989 0.2560420832732046 0.76666666666666694 0.1858541225636908
decision_type=10 10 2 1 8 10 8 10 8 10 10 8 10 10 10 8 10 2 8 10 8 2 2 2 8 2 8 10 10 8 8 8 10 10 2 10 10 10 8 8 10 10 10 2 10 10 10 2 10 10 10 10 10 2 2 2 10 2 10 10 10 8
left_child=1 2 3 47 5 -5 11 -2 -9 13 -11 12 -4 14 15 -8 52 39 19 22 -21 60 -17 -24 -14 26 40 49 -29 30 31 -20 -28 -31 35 36 37 48 -37 -12 41 -10 -42 44 -25 -13 -3 -1 -6 53 -7 -47 -15 -27 55 -18 -56 -43 -36 -44 61 -22
right_child=7 46 6 4 34 50 9 8 25 10 17 45 24 16 -16 18 54 -19 29 20 21 -23 23 43 -26 27 32 28 -30 33 -32 -33 -34 -35 58 38 -38 -39 -40 -41 42 57 59 -45 -46 51 -48 -49 -50 -51 -52 -53 -54 -55 56 -57 -58 -59 -60 -61 -62 -63
leaf_value=0.0034456435860352368 -0.012082852036983643 0.02169115114945213 0.017120771181179939 -0.0048014379144134811 -0.029075813619931914 -0.031905217776267127 -0.01820286745944022 0.032162585703053255 0.012617075902600665 -0.022647213194498469 0.00059898032712759589 -0.032536237163126418 0.018147104106870812 0.0019622316107485603 -0.019836647104210209 0.020682329205357453 0.0043603107226728383 -0.0078399951176473075 0.017377882832331909 -0.02562211032947901 -0.016150755183726922 0.030282601265945414 -0.0006014589664998743 0.041685815123717669 -0.0027154256174255534 0.017389629140131726 0.013015547862882951 0.026469021551883298 -0.00086428457721719461 0.0030900526092079283 -0.013955064316299691 -0.0048999985403345896 -0.020392068917330811 -0.010099261790928751 -0.021701037695258555 -0.0015816360890456545 0.030406680579176362 0.017290428807099766 0.016027809442416312 0.019371411944683736 0.040013273995183646 0.025020323722101796 0.025462359423791894 0.0075009460191467177 0.0031482762132791333 -0.0049832339508039669 -0.0034942852263628644 -0.013828858087133192 -0.0057831079856947515 -0.023848053203211605 -0.01369457053852048 -0.025169103336274846 0.017430178869187931 -0.012524450630381961 0.0069084086076993253 0.04006593608635986 0.032637995579984196 -0.0045007972194731358 0.0037738067176541126 -0.0040576063577448217 0.0082142762157142377 0.00098927146684816831
leaf_weight=963.95625056698918 133.18598586320877 157.14957163110375 122.45076707564294 778.57700440008193 55.426461361348629 98.999909214675426 108.50342696160078 63.938657129183412 596.32033178023994 122.64963616617024 989.17476632166654 49.554130926728249 74.93281276896596 1582.1609213734046 111.39130964595824 215.21996916178614 43.624753283336759 562.3277058750391 87.725640366785228 58.282229147851467 130.23291167244315 51.160591669380665 353.62193581927568 61.212130041792989 2790.8281335579231 48.699962770566344 40.296019327826798 70.034670764580369 209.63671073131263 1560.0128652285784 294.41255072504282 402.05561674199998 70.310973154380918 185.97618316113949 120.32479750737548 215.95327497273684 27.195895981043577 63.251595936715603 205.33283338323236 85.910660998895764 68.343723529949784 33.363596761599183 57.601517658680677 208.77566205710173 33.859202762134373 444.85223075468093 59.603565238416195 101.16725938860327 520.711790073663 85.346633892506361 495.38269953522831 77.70768762845546 120.61928332597017 74.061646734364331 535.86302638147026 66.966992624104023 52.958401814103127 265.59385426528752 60.600788535550237 59.868708454072475 360.33452785387635 579.10526737570763
leaf_count=7730 942 739 756 6615 762 2279 517 332 2994 2059 8243 223 471 8643 616 1798 249 4580 745 308 691 239 2909 380 20428 420 308 458 1245 9381 2886 3217 523 990 790 1180 201 347 1023 662 376 249 433 1684 375 3973 273 819 3976 475 4896 911 587 604 3117 386 242 1656 316 335 1822 2951
internal_value=0.000137261 -0.000475069 -0.0006797 -0.00376098 -0.00597767 -0.009994 0.000232498 0.00550161 0.00685111 0.00143325 -0.0028052 -0.00279028 -0.00136808 0.00246901 0.000869332 0.00136519 0.00566499 -0.00130603 0.00183244 0.00488033 0.00125674 0.002676 0.00976923 0.00617088 -0.00216378 0.00586892 0.00863544 -0.000893803 0.00605038 -0.000640143 -0.00580189 -0.000882487 -0.00821354 0.0016802 -0.00167425 0.000252043 -0.00402867 -0.00553854 0.00701875 0.0021157 0.0103653 0.00802914 0.0215178 0.0140288 0.0281365 -0.0102033 0.0147813 0.00177678 -0.00807044 -0.0102102 -0.0167762 -0.00802733 0.00306752 -0.000612807 0.0119754 0.0261465 0.00927393 -0.00113382 -0.0131944 0.0105102 0.00132858 -0.00217591
internal_weight=18324.7 16448.1 16231.3 3706.88 2641.76 1372.96 12524.5 1876.6 1743.42 8964.14 1760.06 3560.33 2988.21 7204.08 4801.88 4690.49 2402.19 1637.41 4581.99 2051.8 1179.12 1120.83 872.689 657.469 2865.76 1679.48 1191.7 487.78 279.671 2530.18 784.194 489.781 110.607 1745.99 1268.8 1087.87 666.586 639.39 421.286 1075.09 1081.09 895.278 185.814 303.847 95.0713 572.114 216.753 1065.12 576.138 208.108 594.383 522.56 1702.78 122.762 699.413 110.592 588.821 298.957 180.926 117.47 1069.67 709.338
internal_count=130335 118985 117973 30934 22385 13790 87039 11350 10408 60277 15544 26762 21655 44733 31509 30893 13224 13485 30376 13157 6011 5703 7146 5348 20899 10076 6874 3202 1703 17219 6848 3962 831 10371 8595 7489 5286 5085 2203 8905 6043 4899 1144 2439 755 5107 1012 8549 4738 1499 7175 4884 9230 1024 3994 635 3359 1905 1106 768 5464 3642
cat_boundaries=0 1
cat_threshold=344
is_linear=0
shrinkage=0.05


Tree=95
num_leaves=63
num_cat=2
split_feature=31 45 33 110 68 66 0 56 57 10 49 6 53 34 87 43 110 27 19 80 79 99 18 45 46 40 39 53 5 33 49 64 91 94 30 103 80 47 61 69 2 64 30 80 29 54 29 33 5 15 53 57 30 80 68 20 21 40 55 4 92 37
split_gain=20.3248 19.0755 18.9367 19.7048 23.2758 16.4387 16.6624 14.8068 14.8724 14.8021 14.7453 14.6254 15.4998 13.9418 13.6834 12.9025 13.1938 14.0086 12.8554 12.4369 12.4114 12.3948 12.0997 12.7078 12.0935 11.4657 14.0637 11.9698 11.4214 12.4744 11.3604 11.2096 13.1852 11.9093 11.1097 15.3292 11.9079 11.969 10.9864 11.9087 10.8022 11.8407 10.7424 10.5787 10.4887 10.449 10.4045 13.7475 10.4904 10.4028 13.1518 11.9071 13.7414 11.2236 10.7127 10.3214 11.005 10.6568 10.3484 10.2535 13.4405 12.6609
threshold=5.5000000000000009 13.500000000000002 455.00000000000006 0 12.750000000000002 5.5000000000000009 7.5000000000000009 0.40073102047418313 -0.075947266881186901 135.00000000000003 0.077958957451739863 34.816666666666677 0.95590259313838499 2.5000000000000004 0.22782321484743634 1.5000000000000002 1 0.13166701993551916 0.23303167420814483 0.12132352941176472 0.52951388888888895 34.550000000000004 0.85164835164835173 13.500000000000002 4.0083333333333337 14.500000000000002 1350.0000000000002 2.6521650376089547 0.61136809269162218 489.00000000000006 1.1832164633610744 1.0754183853962382 0.20942982456140355 3.5000000000000004 0.29876783726343492 0.2339199722719999 0.44949494949494956 0.87500000000000011 0.97048611111111127 -1.4500000000000008 0.15192307692307697 0.93134516430767833 0.24996433666191156 0.56696428571428581 0.2170226590905949 0.95227272727272738 0.14107233444763853 471.00000000000006 0.64396789485024786 1.0000000180025095e-35 0.53410470635288687 0.34406641944178701 0.2353038792682689 0.55050505050505061 12.250000000000002 422.50000000000006 0.36148202952292668 16.500000000000004 0.24484999926975834 0.33133116883116892 16.500000000000004 13.500000000000002
decision_type=2 2 2 1 10 10 2 8 10 8 8 10 8 2 10 2 1 8 10 10 10 8 10 2 10 2 2 10 8 2 10 8 10 2 8 10 8 8 10 8 10 10 10 10 8 8 10 2 10 2 8 8 8 10 8 2 10 2 8 10 2 2
left_child=2 24 3 7 11 9 10 8 -1 13 19 12 30 25 20 16 17 -11 -3 -7 -6 -21 34 -24 49 46 28 -28 29 -27 55 59 33 -33 35 -17 -36 -38 39 44 41 -13 -14 -19 -12 -8 47 -4 -49 50 -2 52 -51 -54 -52 -5 57 58 -57 61 -61 -15
right_child=1 18 5 4 14 6 45 -9 -10 15 38 40 42 31 -16 22 -18 43 -20 21 -22 -23 23 -25 -26 26 27 -29 -30 -31 -32 32 -34 -35 36 -37 37 -39 -40 -41 -42 -43 -44 -45 -46 -47 -48 48 -50 51 54 -53 53 -55 -56 56 -58 -59 -60 60 -62 -63
leaf_value=0.00026635968206486702 0.021293850453308779 -0.013562383145595158 -0.0018915565838263271 -0.0095244456983071633 -0.019442117217768493 0.05037445911636218 0.00035449678041760737 -0.0024490444346407757 0.017841136587946158 0.037038508696394128 -0.022886719724563204 -0.0046930082820593856 0.0052803782166068527 -0.0097472074696077216 -0.0024818976967480168 -0.0070090954698248335 -0.0012622324486058704 0.0025388250398857754 -0.0019248504521453614 0.045040619550744308 0.013538087653780491 0.011920152027959209 0.024953398926473275 -0.0047920638605225994 -0.021763133137940524 0.0042761814998312489 -0.0013761746169468055 0.024258364516625913 -0.007023405625731634 0.017192306922326379 0.016889894428333434 0.02426798607765053 -0.0049579036351487596 0.0021609287451155135 -0.028746207731539117 0.0037762168874288082 -0.03034455634388096 -0.0012708185136696955 0.02076773777370269 0.0078128798922493994 -0.011482918055690575 0.005455338082653677 0.025722429052259591 0.027862699441257605 0.0011622860299644608 -0.027463117470625312 0.0053991600400037192 0.018356226860726226 0.05191627953960324 -0.0087950641683496988 0.014840002392484742 -0.019846736619247088 0.048821082944612605 0.0027845812163874994 -0.020687795467717887 0.0011983802239880221 -0.024368160342237651 -0.010209737225304827 0.0187577514008547 0.0012359741795567266 -0.030761175074892257 0.011321062306186042
leaf_weight=205.25348830316216 152.43620375450701 629.49370493460447 58.744513639248908 299.35191824007779 405.17240837775171 27.213043689727783 386.2646829970181 388.76683929935098 290.20439851284027 43.828133370727301 63.332846162840724 1241.2708082720637 163.35781268775463 624.94443415105343 251.17599238362163 1033.0438932757825 705.03949532471597 238.06056660041213 381.12665929459035 30.821348568424582 29.993831176310778 268.88990729115903 69.22483890876174 72.922500751912594 43.429165345616639 531.64769372623414 1914.1512949978933 45.648152060806751 131.07357355207205 288.12871270440519 84.932808667421341 128.10867675207555 150.38086142763495 115.75366323627532 93.875107565894723 482.73808243777603 43.842338757589459 168.55971549358219 110.9506426975131 568.36547685787082 403.81521194055676 373.03635079041123 105.6884448453784 48.945617338642478 153.25743645429611 35.988406574353576 2088.9755970202386 88.701425878331065 31.680425122380257 65.812612166628242 40.479491844773293 67.131697408854961 24.950114423409104 27.292046882212162 42.474900349974632 199.62995716370642 34.747908368706703 95.614742164500058 143.92725854367018 1119.8890004632995 32.809514129534364 79.632418133318424
leaf_count=2418 1108 6555 465 2530 5430 222 2534 2289 1889 351 481 11121 814 2935 2277 8145 4965 1562 2815 223 220 2709 329 362 289 3465 12642 205 1222 1749 387 632 714 596 564 3382 305 1066 490 3527 2420 1884 494 436 856 207 11946 585 291 732 199 389 174 252 209 1534 164 801 938 8841 264 377
internal_value=0.000296715 -0.00532937 0.000791089 -0.00189551 -0.00344465 0.00184038 0.00648408 0.00479857 0.0105756 0.00110742 0.00943911 -0.00163161 0.00292868 0.00230421 -0.0117891 -0.00185643 0.00265713 0.0107038 -0.00917986 0.0185152 -0.0171431 0.0154646 -0.00423691 0.00976691 0.00305881 0.00373208 0.00165436 -0.000767021 0.00664063 0.00883126 -0.000358321 -0.000980247 0.00666671 0.0138262 -0.00533417 -0.00357402 -0.0140053 -0.00738606 0.00611019 0.00401461 -0.00417902 -0.00234599 0.0133761 0.00693927 -0.00594271 -0.00207567 0.00639651 0.0179331 0.027543 0.00566749 0.0126207 -0.00319099 0.00636743 0.025275 -0.00338093 -0.00227216 0.00231917 0.00448127 0.00858766 -0.00260618 0.000299359 -0.00735337
internal_weight=18266 1474.63 16791.4 4715.94 3831.72 12075.4 1645.08 884.225 495.458 10430.4 1222.83 3145.37 1127.25 7430.27 686.342 3000.08 1035.87 330.834 1010.62 326.924 435.166 299.711 1964.21 142.147 464.006 5178.75 2910.65 1959.8 950.85 819.776 858.205 2251.52 394.243 243.862 1822.06 1515.78 306.277 212.402 895.906 784.956 2018.12 1614.31 269.046 287.006 216.59 422.253 2268.1 179.126 120.382 420.577 235.391 185.186 118.055 52.2422 82.9544 773.272 473.92 439.172 343.557 1857.28 1152.7 704.577
internal_count=129977 12722 117255 37610 31014 79645 11249 6596 4307 68396 8508 23087 7662 46929 7927 21467 7314 2349 9370 3154 5650 2932 14153 691 3352 32570 19283 12847 6436 5214 6354 14359 1942 1228 13462 11527 1935 1371 5354 4864 15425 13005 1308 1998 1337 2741 13287 1341 876 3063 1516 1547 1158 426 408 5967 3437 3273 2472 12417 9105 3312
cat_boundaries=0 1 2
cat_threshold=328 26
is_linear=0
shrinkage=0.05


Tree=96
num_leaves=63
num_cat=6
split_feature=9 13 56 9 16 110 92 54 112 67 109 71 107 100 31 4 96 97 62 27 17 6 4 72 103 110 97 6 38 80 54 70 104 68 4 53 18 3 50 54 55 37 110 30 103 68 27 59 103 27 104 110 67 5 27 34 46 96 2 22 53 89
split_gain=19.6446 17.4964 16.3183 22.9653 25.5593 14.1584 14.0006 12.0239 11.9361 12.9509 11.8892 21.3693 17.7912 16.4028 15.0809 16.0481 21.0004 18.9125 15.0502 13.2286 14.2505 12.846 13.8286 12.5415 12.2145 14.2441 11.9104 11.8427 14.3687 14.0764 15.7356 11.8328 13.3574 13.0862 11.8224 11.7524 11.5843 12.8988 11.4495 11.3861 17.8098 14.0492 14.7187 14.4927 11.7143 11.3815 15.8734 11.3195 11.2967 19.639 16.2805 11.9721 11.1993 15.9649 12.7461 11.0431 10.9262 14.6214 10.6292 10.625 10.5769 10.5405
threshold=181.50000000000003 1.0000000180025095e-35 -0.07855311623731033 15.500000000000002 0.24344415791735743 0 11.500000000000002 0.6972222222222223 1 38.45000000000001 2 2.5000000000000004 35.599839743589747 6.5000000000000009 5.5000000000000009 0.45288299663299664 37.002272727272732 4.5000000000000009 1.1167085940792794 0.35719028647315504 0.78759398496240618 35.341666666666676 0.37122113997114009 1.0000000180025095e-35 0.26244777309686035 3 7.5000000000000009 34.641666666666673 0.5590277777777779 0.28991596638655465 0.18465909090909094 -0.41250000000000048 38.300107066381166 11.550000000000002 0.20524891774891776 -0.29466128591376278 0.20294117647058826 0.25000081988718353 0.18019480519480521 0.81534090909090928 0.81177910563378941 10.500000000000002 4 0.20859108282421168 0.19584113578059928 11.65 0.14275724275724277 0.79705418476368639 0.23811211231480547 0.29570046523092097 38.745973737800668 5 25.250000000000004 0.70119588744588757 0.25258278218191338 -7.4999999999999991 3.5291666666666672 13.502500000000003 0.14907407407407411 0.120375888403302 1.3727247408003378 1.5000000000000002
decision_type=10 10 8 10 2 1 2 10 1 10 1 10 8 10 2 10 8 10 8 8 8 8 8 10 10 1 8 8 2 10 8 8 8 10 10 10 8 10 10 10 8 2 1 10 8 8 8 8 8 10 10 1 10 10 10 2 8 8 10 8 10 10
left_child=1 2 3 7 5 -5 8 -1 9 -3 14 12 13 36 15 16 -4 48 34 20 24 -14 -23 45 25 -20 -13 28 -7 30 -29 33 35 -22 -18 -33 37 -12 -31 40 41 52 -43 -44 -41 -24 -47 -27 49 58 -51 -50 53 54 -38 -19 57 -10 -17 -56 -6 -39
right_child=-2 6 10 4 60 27 -8 -9 56 -11 11 26 21 -15 -16 17 18 55 19 -21 31 22 23 -25 -26 47 -28 29 -30 38 -32 32 -34 -35 -36 -37 39 61 -40 44 -42 42 43 -45 -46 46 -48 -49 51 50 -52 -53 -54 -55 59 -57 -58 -59 -60 -61 -62 -63
leaf_value=-0.0071314319258500352 -0.01063439569183193 -0.0023298944736978452 0.010307297465798013 0.0025166649504125304 0.012992866735035045 0.014171556280149995 -0.0043414130997708961 -0.022380064301461496 0.04207411482021492 0.016962316942177744 0.035435591167786828 0.0073192465087924576 0.0053513460839841745 -0.010894547182437771 -0.0077817135540900854 0.0076374378886797508 -0.010312229519974216 0.022697671900243049 0.019050328629052288 0.018982527891882026 0.019398035962626788 -0.017486501910129047 0.017978739397800231 -0.016841228248077371 -0.0054191783316952903 0.023393419725967729 0.038557971792628105 0.025084829848517537 -0.0071204427904999817 0.013042265027808678 -0.0028676878976536791 -0.0049430136377771328 -0.0025434981108126004 -0.013918991828846844 -0.00081960652735051499 0.016877928974204242 0.0055811621116365808 0.0031467222799577942 -0.010965658491508368 -0.01450570560619862 0.024349257569556096 0.0071271753201663183 -0.023098728751737213 -0.0040031540647678292 -0.0016190347308602808 0.013224270693280077 -0.0070658678848271612 -0.0035333085784291203 0.031090716037491879 0.0077067442660327459 0.057324747142768889 0.0076166733649318712 -0.00047326872024853247 -0.01712365882960681 0.028262495582464426 -0.0041623262005316486 -0.010309532217953764 0.010538455940662605 -0.0140569408735206 0.0038292623771126891 0.051735157732062165 0.022881870111623001
leaf_weight=402.02482380811125 411.97724504116923 457.6853489940986 593.91560482606292 969.36329231504351 143.92497661150992 164.05233325250447 326.21667091920972 190.68814030382782 37.595820736140013 106.35835072491318 36.399530742317438 81.835143283009529 215.10375784523785 302.65817511547357 353.87909002229571 462.28517570160329 395.68984548002481 41.985949145630002 282.28903985209763 128.38083811290562 32.628106437623501 287.36133130267262 61.989853318780661 184.48585891444236 128.01646181568503 48.457094825804234 48.244417376816273 55.460311077535152 151.52518780436367 51.320855595171452 464.05865120701492 86.599141029641032 568.84787081368268 243.42824672721326 1895.4207118675113 210.42149703390896 502.88090797141194 627.7863444481045 1045.1350698713213 227.85856214165688 83.421034123748541 165.01844184100628 146.42167121730745 306.50179366767406 770.02666673064232 111.82356193102896 662.80139335431159 184.27218223363161 127.18924080021679 31.984333479776978 34.030185224488378 129.28780458495021 880.44398317858577 58.441121097654104 137.66475056856871 347.71961807925254 58.147143672220409 838.21340186800808 63.365415126085281 66.03294113278389 19.328958444297314 74.905560806393623
leaf_count=5162 3434 2727 2866 10025 1700 1183 2097 1907 173 764 184 370 1298 2395 2854 3508 1874 430 1269 763 197 1409 440 2075 570 216 220 610 1080 260 3789 902 3820 2140 9818 1217 2501 4463 13591 1256 413 963 967 1748 3903 885 4560 826 892 212 211 858 5392 310 680 3382 413 4809 466 288 114 571
internal_value=0.00014712 0.000395686 -0.000130672 -0.00306617 -0.00132181 -0.00240747 0.00503496 -0.0120667 0.00707837 0.0013315 0.000733111 -0.000857346 -0.00130001 0.0003171 0.00223636 0.00282487 0.00151465 0.00789843 0.00027046 0.00354299 0.00242251 -0.00595293 -0.00781396 -0.00507744 0.00836979 0.0118011 0.019111 -0.00486655 0.00395796 -0.00662133 0.000158792 -0.000930883 0.00194487 -0.00992533 -0.00246283 0.0105206 0.00115048 0.00681098 -0.00983108 -0.000102002 0.0018003 0.000958845 -0.0054637 -0.00999352 -0.00457317 -0.00246634 -0.00412354 0.00206109 0.0120837 0.0082607 0.0337583 0.0208365 0.00337264 0.00779365 0.00987585 -0.00121781 0.0105439 0.0119386 0.00500053 0.0203993 0.0178669 0.00527998
internal_weight=18323.3 17911.3 16087.1 3656.88 3064.17 2900.92 1824.22 592.713 1498 564.044 12430.2 6040.11 5910.03 4386.46 6390.09 6036.21 4798.37 1237.85 4204.45 1913.34 1784.96 1523.57 1308.46 1021.1 643.035 515.018 130.08 1931.55 315.578 1615.97 519.519 1141.92 865.869 276.056 2291.11 297.021 4083.8 739.091 1096.46 3344.71 2346.83 2263.41 617.942 452.923 997.885 836.615 774.625 232.729 848.142 591.665 66.0145 256.477 1645.46 765.02 706.579 389.706 933.956 875.809 525.651 203.698 163.254 702.692
internal_count=130420 126986 116003 39421 32352 30538 10983 7069 8886 3491 76582 37291 36701 26034 39291 36437 26478 9959 23612 11920 11157 10667 9369 7960 2881 2311 590 20513 2263 18250 4399 8276 5939 2337 11692 2119 23639 5218 13851 18421 13262 12849 3678 2715 5159 5885 5445 1042 6147 4397 423 1750 9171 3779 3469 3812 5395 4982 3974 968 1814 5034
cat_boundaries=0 1 2 3 4 5 6
cat_threshold=376 2 1 542 112 163
is_linear=0
shrinkage=0.05


Tree=97
num_leaves=63
num_cat=9
split_feature=26 71 40 12 6 68 24 109 38 26 54 55 97 56 62 110 6 67 22 110 68 64 9 91 68 80 70 46 16 110 104 9 29 110 96 48 56 16 70 38 64 87 110 110 24 64 70 60 70 62 3 22 16 96 4 56 110 92 110 26 53 9
split_gain=21.8766 20.4338 16.3971 16.1467 17.1521 15.4929 14.565 14.06 29.0132 20.982 17.1906 18.9737 15.7666 14.8858 14.4337 14.59 14.1522 13.9243 13.4784 13.4635 13.4489 13.309 13.2027 15.2218 13.0106 12.894 12.7581 12.6082 12.4288 12.3228 12.2511 12.362 12.0619 12.0085 11.9815 13.7361 13.488 12.9696 12.48 12.4152 12.1276 11.4746 16.0652 13.204 11.5064 11.2387 15.138 10.8462 14.2745 10.7148 11.3469 15.7416 13.5181 10.5889 13.7596 13.7612 12.9056 11.1931 10.6732 18.3288 14.0474 10.4303
threshold=0.12308668488871537 1.5000000000000002 9.5000000000000018 1.0000000180025095e-35 38.783333333333346 11.850000000000003 0.72077922077922085 0 0.48529411764705888 0.26675882123669276 0.78869047619047628 0.56407726395161784 3.5000000000000004 -0.46127403387900018 1.3798059117694683 1 37.783333333333346 38.350000000000001 0.058021700225901411 2 11.65 1.3101934963096959 34.500000000000007 0.063508064516129045 11.950000000000001 0.86190476190476206 -0.90000000000000113 2.4916666666666676 0.14716228325099295 3 35.119030851777339 22.500000000000004 0.58898944193061853 4 40.208333333333343 0.51388888888888895 0.23565934871193109 0.20837316762268965 -0.81428571428571395 0.65686274509803932 0.83107429456822557 0.125437062937063 5 6 0.58578431372549034 -0.19596153574223726 0.10000000000000055 -0.47063937545115447 -0.16666666666666693 -1.4139184730602818 0.54911345598845618 0.057717278721379682 0.072821969696969704 36.76754385964913 0.33133116883116892 0.1926594290528737 7 2.5000000000000004 8 0.2956957953108767 0.60592914275763954 63.500000000000007
decision_type=10 10 2 10 10 10 10 1 2 10 8 10 10 8 10 1 10 10 10 1 10 10 8 8 8 10 8 10 2 1 10 8 8 1 10 8 10 2 10 2 10 8 1 1 10 8 8 8 8 8 10 8 2 8 8 8 1 2 1 10 10 10
left_child=1 5 49 7 6 33 -5 9 13 10 11 16 24 28 15 34 25 18 21 -16 -18 -17 -11 -24 -12 41 -27 -3 -9 -13 31 -7 53 -1 35 36 37 40 -36 -38 -10 42 45 -43 -45 46 -4 -20 -49 -2 52 -52 -51 57 55 -55 -57 -15 59 60 -56 -37
right_child=2 27 3 4 -6 30 -8 8 14 22 12 29 -14 32 19 17 20 -19 47 -21 -22 -23 23 -25 -26 26 -28 -29 -30 -31 -32 -33 -34 -35 38 61 39 -39 -40 -41 -42 43 -44 44 -46 -47 -48 48 -50 50 51 -53 -54 54 58 56 -58 -59 -60 -61 -62 -63
leaf_value=-0.017639351877347605 -0.018002816778581947 0.0075743648952935937 0.006180007429478971 -0.0077889863730142067 -0.024554722627746061 0.03763445738822617 0.0027867556535796693 -0.016197354590449124 0.0032562951277087457 -0.0034175480669758809 0.00051873738163430968 0.022044656518354692 0.0045650608186039781 0.023260724386645611 0.023129005856287452 0.0066751884474459183 0.00076513521572877362 -0.0062700110915591759 -0.0053885054720159593 -0.0011954720553246593 -0.027695099277866599 0.035415258134226121 0.016141822011695044 0.0026173429145054249 -0.014242219920684633 0.022090030486967532 -0.013974202233054104 -0.021226636047781161 0.0057926760791817298 -0.00058630136344636904 -0.024681331305539608 -0.013005729909677556 0.02449957279415578 -0.00085904991190536174 0.014838851515675065 0.0077541784660137966 0.0053853137122338848 0.038477411518355577 -0.029731153487556672 0.036271474165704802 0.041744775015349567 0.0073011573997912834 -0.0032156845936899799 -0.0060486454481297686 0.0061554015766418146 0.0084118417071768464 0.05228082563865815 -0.0040696984039569921 0.0090769007815544069 0.0056036965646680164 0.037331694666971588 0.0055720896248578891 -0.022160874672983694 -0.020003233974579249 0.023138066523202619 -0.016459937264907708 -0.00032058658820608674 0.0021775604658601537 -0.0014055739829923839 -0.024667516526606537 -0.0041000630444106264 -0.0062964219381223506
leaf_weight=141.37235253863037 46.183734035119414 276.5194774037227 32.398459029383957 874.97862167377025 106.94914211053401 15.402505763806401 517.45472035929561 290.01446758024395 271.27742637041956 747.16617374960333 184.1408521970734 120.43036120198667 182.20040663611144 79.145392045378685 171.64182087033987 772.54515600670129 67.66743416339159 485.1888550426811 547.43208252638578 89.736258186399937 106.16652022581547 41.584887262433767 241.95906515419483 1452.4096598923206 786.03804970625788 25.738972570747137 309.37374451756477 43.049413879401982 81.903703567571938 118.95627956278622 255.76094193570316 44.431396053172648 45.550972685217857 372.86766011919826 24.466170647181571 635.07899385970086 46.089458810165524 33.862978217191994 40.555554994381964 112.93434958532453 21.160388553515077 282.91571197751909 240.07356849312782 1339.7561332378536 224.81289748847485 176.49367890320718 39.371015866287053 351.85274348780513 497.1862015388906 1055.5566677115858 65.462382340803742 95.508223041892052 44.766025051474571 174.00917834788561 156.33446369599551 152.93717759847641 520.27574851736426 294.66599835269153 1437.2060781223699 32.621116260066628 67.319809645414352 165.88681421987712
leaf_count=1187 423 2408 386 5193 834 224 2560 3900 3123 4233 1218 812 1605 456 796 7110 567 4147 3335 405 1859 241 1944 8094 5016 274 3084 378 1026 811 5101 683 278 2773 209 3666 302 387 474 712 148 1996 1868 10391 1120 1161 319 2300 2662 5024 669 601 233 879 1304 683 2355 1727 11048 197 368 954
internal_value=-0.000419786 -0.00709427 2.85727e-05 -0.00041637 -0.0053512 -0.0112276 -0.00385966 0.000100724 0.00156543 -0.00157505 -0.00370235 -0.00175421 -0.00891017 -0.00193789 0.00427456 0.00353677 -0.00289313 0.0013869 0.00307581 0.0156412 -0.0166755 0.00818485 0.00211624 0.00455705 -0.0114429 -0.00199021 -0.0111467 0.00364044 -0.0113522 0.0117359 -0.0199333 0.000434477 -0.000751596 -0.00585652 0.00775385 0.00887195 0.0155026 0.00963375 -0.0129898 0.0274094 0.00617404 -0.000672348 0.00613628 -0.00247439 -0.00426499 0.0146958 0.0318407 9.35642e-05 0.0036304 0.00540772 0.0062785 0.0186386 0.00445501 -0.00115451 -0.00231108 -0.00750919 -0.00425491 0.00669155 0.000292355 0.00946945 0.0149576 0.00483996
internal_weight=18274.8 1149.4 17125.4 15817.9 1499.38 829.835 1392.43 14318.5 7640.46 6678.07 4236.53 3084.15 1152.38 3331.98 4308.48 4047.1 2844.77 2695.79 2210.6 261.378 173.834 814.13 2441.53 1694.37 970.179 2670.93 335.113 319.569 371.918 239.387 315.595 59.8339 2960.07 514.24 1351.31 1286.29 485.325 326.301 65.0217 159.024 292.438 2335.82 488.337 1847.48 1564.57 248.263 71.7695 1396.47 849.039 1307.48 1261.29 160.971 1100.32 2914.51 2540.7 847.222 673.213 373.811 1693.48 256.275 223.654 800.966
internal_count=130241 12754 117487 110537 8587 9968 7753 101950 55192 46758 32487 24648 7839 24221 30971 29770 23025 19795 15648 1201 2426 7351 14271 10038 6234 20599 3358 2786 4926 1623 6008 907 19295 3960 9975 9292 4672 3658 683 1014 3271 17241 3734 13507 11511 1866 705 8297 4962 6950 6527 1270 5257 19017 16834 3917 3038 2183 12917 1869 1672 4620
cat_boundaries=0 1 2 3 4 5 6 7 8 9
cat_threshold=2 354 654 370 704 451 40 592 280
is_linear=0
shrinkage=0.05


Tree=98
num_leaves=63
num_cat=3
split_feature=67 33 9 42 68 24 49 26 110 53 26 10 63 110 68 47 21 67 91 46 58 81 37 1 92 33 26 22 81 44 8 51 63 103 27 27 53 57 110 64 103 55 29 49 59 57 53 1 0 6 82 39 38 81 19 4 6 26 44 83 92 1
split_gain=20.1211 22.6411 19.0809 18.8913 20.1404 17.8882 16.5859 16.5708 16.6008 15.6845 15.4736 12.6396 12.424 12.4177 12.8233 14.0861 14.4168 13.3016 12.7779 16.5525 12.2367 13.148 20.2961 12.0185 12.7389 13.3466 19.1296 12.8872 11.8746 12.6906 14.266 11.8295 11.6796 11.6143 11.4101 11.4006 10.978 14.2172 10.9701 13.855 12.0838 13.4903 13.4177 11.5433 10.9063 10.6568 10.5528 10.4855 14.9334 13.4757 10.955 10.2229 10.1694 10.1546 10.0962 10.0884 10.7291 10.0874 9.92282 11.1086 9.9054 14.2786
threshold=25.750000000000004 441.00000000000006 329.50000000000006 3.5000000000000004 12.450000000000001 0.5590277777777779 -1.3797204178657014 0.13560854507003403 0 -1.1241449532630512 0.48528138528138537 -194.99999999999997 0.77951388888888895 1 11.65 2.2500000000000004 0.11168608024278129 26.750000000000004 0.52786377708978338 2.9250000000000003 1.196781395794537 -0.51767454885483355 7.5000000000000009 0.88562091503267981 12.500000000000002 495.00000000000006 0.17585023799991106 0.20740052791084176 -1.2888442700445515 5.5000000000000009 0.37980769230769235 -1.3520198760762148 0.62132352941176483 0.14273291925465839 0.21221518257157693 0.24726231948660429 0.019597170662738781 0.017000601235835962 2 1.058843529332729 0.19797420657590084 0.077030249096290651 0.1898799493148359 -0.099826816557371786 1.0637474775614586 0.27639457984142507 0.22804924364850629 0.45080645161290328 9.5000000000000018 35.08333333333335 0.04516405163463983 1650.0000000000002 0.74166666666666681 -0.54021136536788561 0.36931818181818188 0.44776889776889783 35.383333333333347 0.29116291857203519 5.5000000000000009 1.0000000180025095e-35 14.500000000000002 0.38585607940446659
decision_type=10 2 10 2 8 10 8 10 1 10 10 8 8 1 10 8 10 10 8 8 8 10 2 10 2 2 10 8 8 2 10 8 10 10 8 10 8 10 1 8 8 8 10 10 10 8 10 10 2 10 10 2 2 10 10 10 10 10 2 2 2 8
left_child=3 7 5 11 38 9 -6 -2 -9 54 23 36 51 60 18 16 33 -18 19 47 21 55 -23 24 25 27 -27 -8 -20 30 -30 -25 -31 -16 -17 46 58 -38 43 40 -40 42 -42 -5 -13 -43 -22 48 49 50 -15 -10 -32 -49 57 56 -7 -3 59 -1 61 -11
right_child=1 2 -4 4 6 20 10 8 12 13 -12 44 -14 14 15 34 17 -19 28 -21 35 22 -24 31 -26 26 -28 -29 29 32 52 -33 -34 -35 -36 -37 37 -39 39 -41 41 45 -44 -45 -46 -47 -48 53 -50 -51 -52 -53 -54 -55 -56 -57 -58 -59 -60 -61 -62 -63
leaf_value=0.010876776868393176 -0.022721011613926853 -0.017673729786131052 -0.03612127018342124 0.046753891744668055 -0.023607871910135903 0.0097297467844483058 -0.0015325423427365024 0.0048772912922977439 -0.020725135211250009 0.0008640951140685485 0.031816195571025697 0.0027579495190775865 -0.0026663185014724274 0.050401108173971337 0.051005992143948714 -0.011705273144501885 0.0084752083888606812 -0.0018843743016910817 -0.023014246937880234 -0.024791935776545686 0.0012390841866116498 0.023080971898561377 0.0027194229958822508 0.0036549689769336149 -0.0086574671261527274 0.017937443328818543 0.0020290782909381465 0.013086966573053289 0.015406248292208444 0.0010710384742944272 -0.018294977095525522 -0.014082621810456889 -0.024581536530622922 0.010444891394272099 -0.0016573179936031979 0.0057012213890010868 0.020408956900291871 -0.0044960672237724956 -0.008433592702487119 0.013171253817790184 -0.0036614266574298455 0.005940113533383428 0.018267908429799955 0.0091817129679693365 0.019068856654772925 -0.01053175158712291 -0.019321649578862177 0.010582463873333732 -0.0036571800071417207 0.0089134608434330194 0.012395048592915884 -0.0061782564196433583 0.014931792406255293 0.045779791463307143 0.0078930272312442689 0.02127476232605563 -0.0075473172977071614 0.012723206613643146 0.0079858724778103136 0.047731190683522419 -0.020543747807416572 -0.0099189570942931991
leaf_weight=32.250467535108328 162.19759241677821 296.87461519986391 36.948387298732996 34.401698661968112 78.411412342451513 139.75829906016588 3636.7695913231 279.85547416191548 277.70246527250856 663.6222034431994 35.577437184751034 1446.2464675074443 416.37756937555969 43.485729312524199 20.175613184459507 477.09686643909663 377.69945373851806 1703.4781584218144 50.796201033517718 29.809816954657435 120.1527971252799 258.13204558566213 232.4905643761158 134.39503493160009 406.59632683359087 233.06777990795672 982.59012773819268 156.26257846131921 217.80851208046079 125.4559240443632 67.786175461485982 309.02011705935001 67.586759150028229 111.56929414439946 691.69677015114576 247.58591091260314 107.19408236816525 121.20737326145172 233.25594163872302 340.69770724698901 97.758694658055902 211.29136962629855 239.9556245226413 49.880226619541645 109.36257916688919 181.73365464061499 128.59549714624882 39.878266379237175 137.09846239537001 171.4602314401418 34.514245031401515 215.19915351271629 33.722987584769726 42.909699514508247 56.351985279470682 55.703002452850342 247.54500158131123 29.337416291236877 55.815350462682545 58.524419470690191 98.336605296470225 570.0585612077266
leaf_count=265 2820 5184 329 278 947 646 21506 2426 3373 6278 174 8533 3267 288 311 5241 2980 13602 293 251 650 1319 1217 600 2771 1515 5333 700 1192 883 595 1443 373 1557 5544 1149 658 560 1791 1900 773 1438 1553 258 523 890 602 202 1073 1357 238 2527 277 221 478 345 1168 353 476 462 802 3452
internal_value=-0.000124204 -0.00181235 -0.000754844 0.00150666 0.000351862 -0.00057791 -0.000909547 -0.00777484 -0.00571881 -0.00174775 -0.000603638 0.00590761 -0.00893722 -0.00109737 0.000177591 -0.00132755 0.00101789 -1.11328e-06 0.0049674 0.0107835 0.0044581 0.00782772 0.0134574 -0.000805906 -0.000157181 0.000534447 0.00509129 -0.000926968 -0.000197686 0.00210481 0.00821389 -0.00871039 -0.00799066 0.0169939 -0.00576535 -0.00188331 0.0141365 0.00723045 0.00577276 0.00448559 0.00145189 0.0046146 0.0119279 0.0222743 0.00391615 -0.00168383 -0.00942501 0.0130909 0.00958435 0.0168472 0.0339536 -0.0143994 -0.00721853 0.0291542 -0.0115388 0.00157664 -0.00130389 -0.0149095 0.024775 0.0348988 -0.0053095 -0.00412253
internal_weight=18269.1 8976.85 7625.52 9292.27 7361.67 7588.57 5972.69 1351.33 1189.13 6158.61 5894.28 1930.6 909.279 5776.05 4444.03 3381.72 2212.92 2081.18 1062.31 499.156 1429.96 933.629 490.623 5858.7 5415.29 5008.69 1215.66 3793.03 563.157 512.36 319.318 443.415 193.043 131.745 1168.79 496.334 374.992 228.401 1388.97 1304.69 963.995 730.739 337.714 84.2819 1555.61 393.025 248.748 469.347 386.559 249.46 78 492.902 101.509 82.788 382.564 443.006 387.303 326.212 146.59 90.7749 1332.02 1233.68
internal_count=130210 74863 60450 55347 43870 60121 34989 14413 11593 53025 34042 11477 9167 47010 36478 29235 18450 16582 7243 3630 7096 4695 2536 33868 31825 29054 6848 22206 3613 3320 2064 2043 1256 1868 10785 2401 2421 1218 8881 8345 6445 4654 2326 536 9056 2328 1252 3379 2956 1883 526 5900 872 423 6015 2159 1814 5537 1203 727 10532 9730
cat_boundaries=0 1 2 3
cat_threshold=328 516 256
is_linear=0
shrinkage=0.05


Tree=99
num_leaves=63
num_cat=3
split_feature=33 110 61 31 9 56 88 115 4 30 0 9 39 9 64 100 82 39 53 107 103 66 61 53 3 6 24 96 12 104 8 63 19 22 38 34 107 63 63 110 3 57 40 9 10 8 63 33 80 0 22 33 69 38 33 104 38 20 22 103 2 64
split_gain=18.6186 20.3156 21.0323 18.9005 14.4341 22.8826 15.3054 14.9299 18.0959 18.0315 15.5696 15.8056 15.0589 13.3559 13.2598 12.5363 14.2735 12.2942 12.0958 12.0329 12.38 11.62 11.949 11.5624 11.4735 11.114 14.1408 10.8579 10.7767 12.3184 11.9891 12.345 11.2807 10.6439 10.5779 10.8011 10.4724 14.5237 10.3125 10.253 12.1941 14.7514 10.2373 14.3539 10.3293 10.2298 16.8604 13.1756 10.0658 9.9773 11.0996 11.9625 12.7632 9.90442 9.83911 9.79788 12.4972 9.7618 11.2528 10.0588 10.6472 9.68792
threshold=459.00000000000006 0 0.25833333333333336 4.5000000000000009 27.500000000000004 -1.0000000180025095e-35 1.0000000180025095e-35 1 0.29533640379228621 0.28581199921829198 3.5000000000000004 64.500000000000014 1350.0000000000002 300.50000000000006 1.3101934963096959 5.5000000000000009 0.12148885836385835 1550.0000000000002 -1.0070322282321473 38.180206185567016 0.28415893223332506 4.5000000000000009 0.97048611111111127 1.8044569879205439 0.2455383515585722 35.483333333333341 0.55050505050505061 13.351666666666668 1.0000000180025095e-35 35.940015576323994 0.32291666666666669 0.85504201680672276 0.78888888888888908 0.20740052791084176 0.35504201680672276 -2.4999999999999996 38.499739583333344 0.27097902097902099 0.32843137254901966 2 0.71726440226440247 -0.9546699001548532 12.500000000000002 49.500000000000007 215.00000000000003 0.63068181818181823 0.9076704545454547 503.00000000000006 0.095454545454545472 2.5000000000000004 0.090363248325438211 487.00000000000006 -0.34545454545454207 0.53589743589743599 513.00000000000011 37.679171185827919 0.91987179487179505 951.50000000000011 0.085758437787534281 0.2339199722719999 0.10435571687840291 -0.02829171332087441
decision_type=2 1 8 2 10 8 2 9 10 10 2 10 2 10 10 8 10 2 8 8 8 8 8 10 10 10 10 8 10 8 10 10 8 8 2 2 8 10 10 1 10 10 2 8 8 8 10 2 10 2 8 2 8 2 2 8 2 2 10 8 10 8
left_child=1 14 38 4 5 23 55 8 48 33 21 15 -11 27 36 57 19 34 -4 20 -17 22 -9 -2 -13 26 -19 -5 30 -30 32 -32 -20 -10 -8 -36 -1 -38 -3 40 -29 -42 44 54 49 46 -23 -47 53 -41 51 -51 -53 -6 -44 -7 -57 59 -59 60 -12 -45
right_child=3 2 18 13 7 6 17 10 9 12 11 24 -14 -15 -16 16 -18 25 28 -21 -22 45 -24 -25 -26 -27 -28 39 29 -31 31 -33 -34 -35 35 -37 37 -39 -40 42 41 -43 43 61 -46 47 -48 -49 -50 50 -52 52 -54 -55 -56 56 -58 58 -60 -61 -62 -63
leaf_value=0.0049211770757537753 -0.0094155342229225673 -0.022871245090985409 -0.013116927992892144 0.021442845279286412 0.0023426540724606963 0.012703493762824756 0.017175190684802191 -0.001783316552540596 0.010934485921913309 0.02089073151594581 0.0063722471169530871 0.0051882844578467584 -0.00704383449040574 -0.032948595759952487 -0.012873662822261192 0.0013021820469042652 0.028265468202477807 -0.0045401107205786462 0.0076219746977962723 -0.030308907098767098 -0.026488219984182739 0.0027151799324732968 0.020778441757091207 0.016438906689276684 -0.013310499890994119 -0.013872587596946187 0.016086888816216238 -7.9807192684488987e-05 -0.0018874194226203432 -0.022323453726055955 -0.0077574632792322745 0.0037542624281838156 -0.0014482881059581165 0.033227766979089988 0.020940676932401897 -0.0050788715184952194 -0.031857582084957189 0.0012395588872530011 -0.0053964939024239416 0.024590472546001826 -0.017832263019955188 0.04611163210059803 -0.015517846945947057 -0.010018102784588609 -0.014693132524195199 0.016884594779626904 0.034581497435056695 0.06609877436194582 0.0026223148570114776 -0.0039251623808310085 -0.0096108442982234827 0.036735089042797618 0.0034722963187897404 -0.028884834731795678 0.00051013223065152734 0.0012911318748530937 0.013023286994095374 0.025848308435143037 0.0024804332018010708 0.012859507798550694 -0.024963176152718383 0.0028459963470139852
leaf_weight=1311.4315500967205 737.08047617040575 219.31186831369996 296.93600301723927 46.620405055582523 48.353663003072143 285.41394301690161 124.12898984178901 472.07441175635904 1330.9131530337036 58.979437792673707 50.141613438725471 104.41501059383154 245.67133543733507 34.850079236552119 134.71613109111786 212.10740611329675 28.133905936963856 752.42710303887725 472.37560704350471 50.990865780040622 48.386570384725928 239.90611229836941 65.998271554708481 45.039749313145876 414.64448802825063 272.21073286235332 92.402880169451237 1224.1703258147463 153.56316506490111 141.21886082086712 1060.439900143072 297.68811717443168 1241.8861192557961 55.09070985391736 47.592168690636754 221.59636518545449 46.433890772983432 109.81161829829216 138.13699610345066 51.743281625211239 12.239896514452992 29.110706371255219 534.26258281432092 234.41773106716573 85.827451223507524 57.998910429887474 49.247537098824978 17.252211041748524 901.14110542833805 104.41329140309244 140.87128257006407 54.357754164375365 60.685504337772727 52.148850105702877 116.53349164873362 1748.3604276664555 259.90398974344134 113.22110336832702 94.27108059450984 80.424454182386398 57.182564238086343 386.03973101079464
leaf_count=9967 7131 4237 3546 220 226 1572 712 3674 9829 354 315 470 1504 313 702 1478 208 4446 2405 442 288 1475 312 224 2987 1566 414 8942 831 857 9238 1718 7865 249 251 1248 726 896 1658 340 265 501 4523 2475 611 877 223 223 4164 830 705 410 437 241 935 10409 1527 658 449 436 329 2797
internal_value=-0.00029957 -0.00269001 -0.00457996 0.000771686 0.00188675 -0.000124201 0.00147774 0.00378845 0.00627082 0.00942453 0.000687701 -0.00291588 -0.00158513 -0.00260395 0.00206879 0.00180241 -0.00523448 -0.00242966 -0.00345945 -0.00834103 -0.00394142 0.00569227 0.00101745 -0.00790757 -0.00958643 -0.00510556 -0.00226769 -0.00225017 -0.00260416 -0.0117199 -0.00172602 -0.0052333 0.00105407 0.0118439 0.00516368 -0.000418173 0.00346226 -0.00873648 -0.016152 -0.0026211 0.000826135 0.0272099 -0.00506214 -0.00746949 0.000985592 0.0125733 0.00824301 0.0288864 0.000943626 0.00427887 0.00130213 0.00831909 0.01937 -0.0139856 -0.0126514 0.00405065 0.0028152 0.00784694 0.0152943 -0.000420963 -0.0103997 -0.00202254
internal_weight=18174.9 5623.95 4021.56 12551 9434.85 4586.16 3804.04 4848.69 2692.3 1690.65 2156.4 1253.92 304.651 3116.14 1602.39 734.86 339.619 1510.36 3664.11 311.485 260.494 902.477 538.073 782.12 519.059 1117.04 844.83 3081.29 3367.17 294.782 3072.39 1358.13 1714.26 1386 393.318 269.189 1467.68 156.246 357.449 3034.67 1265.52 41.3506 1769.15 1271.25 497.899 364.405 289.154 75.2511 1001.64 412.071 360.328 219.457 115.043 100.503 650.796 2293.68 2008.26 395.241 207.492 187.749 107.324 620.457
internal_count=129861 44646 32355 85215 60911 29500 22145 31411 16567 11936 14844 8060 1858 24304 12291 4603 2416 8637 26460 2208 1766 6784 3986 7355 3457 6426 4860 23991 22914 1688 21226 10956 10270 10078 2211 1499 11589 1622 5895 23771 9708 766 14063 10730 3333 2798 1698 1100 4631 2722 2382 1677 847 467 5458 13508 11936 2187 1107 1080 644 5272
cat_boundaries=0 1 2 3
cat_threshold=360 4 122
is_linear=0
shrinkage=0.05


Tree=100
num_leaves=63
num_cat=2
split_feature=51 40 54 55 55 54 55 54 54 110 24 36 4 48 33 3 24 81 28 54 55 61 38 26 20 22 91 70 57 114 52 39 9 3 4 69 101 6 41 99 67 35 96 62 51 4 62 51 68 10 64 18 15 55 9 82 6 23 10 80 80 103
split_gain=21.4538 17.7737 18.2837 39.1679 26.7556 15.7893 22.0261 23.1718 19.7899 19.6793 16.1802 15.7758 22.1425 15.2222 14.4577 14.4373 13.8085 13.7958 13.2088 12.7138 12.6783 13.7208 12.5732 12.5501 12.0829 11.6391 11.1194 13.9443 12.968 12.0536 14.1802 11.0842 11.4896 10.9841 10.8581 10.8083 22.0482 12.6293 15.3997 13.4311 14.8649 15.4888 10.7884 10.5823 10.4534 10.291 14.8558 11.522 11.2209 10.2634 10.6569 10.1994 11.9363 10.0381 9.97956 9.95884 12.37 10.4521 10.33 11.0484 12.0255 10.4628
threshold=1.6378701509253859 9.5000000000000018 0.92582417582417598 0.95446583743610358 1.195441976788763 0.81534090909090928 1.0000000180025095e-35 0.51388888888888895 0.48611111111111116 0 0.38675213675213682 3.5000000000000004 0.47866809116809123 0.37867647058823534 483.00000000000006 0.56553758741258753 0.44722222222222224 -0.17354512784407336 0.18188768418126219 0.87083333333333346 0.26357258500618935 0.9104278074866311 0.97222222222222232 0.1545396493672356 152.50000000000003 0.082420912420912443 0.58578431372549034 -0.93964285714285711 -0.6639765835371253 1 0.45643939393939398 1250.0000000000002 59.500000000000007 0.39583951927701938 0.36814227439227448 0.79999999999999905 3.0499999999999976 34.416666666666679 2.5000000000000004 33.95000000000001 38.850000000000001 3.5000000000000004 37.303125000000009 -0.79291754849211527 -1.1366908117877006 0.42537254412254416 0.35335287223994311 -1.3718374653553558 12.750000000000002 -304.99999999999994 1.8164356821132932 0.45993589743589752 1.0000000180025095e-35 0.77068398437718066 27.500000000000004 0.12148885836385835 37.441666666666677 0.52639777012625022 -194.99999999999997 0.63961038961038974 0.81534090909090928 0.055867665418227221
decision_type=10 2 8 10 8 10 10 10 10 1 10 2 10 8 2 10 10 10 10 10 10 10 2 8 2 10 10 10 8 9 8 2 8 10 8 8 10 8 2 10 10 2 8 8 10 8 10 10 8 8 10 10 2 10 10 10 10 10 8 10 10 8
left_child=1 15 3 5 -4 6 7 9 20 18 23 12 19 -10 -2 -1 -12 -14 -3 -5 21 34 31 -11 44 -16 27 29 -29 30 -25 -7 -33 -24 -8 37 -37 38 -15 45 -41 -42 -21 54 -13 47 48 -39 53 -6 -51 -18 -53 -47 -30 57 -57 58 59 -31 -61 -60
right_child=14 2 4 11 49 22 8 -9 13 10 16 24 17 35 25 -17 51 -19 -20 42 -22 -23 33 26 -26 -27 -28 28 43 55 -32 32 -34 -35 -36 36 -38 39 -40 40 41 -43 -44 -45 -46 46 -48 -49 -50 50 -52 52 -54 -55 -56 56 -58 -59 61 60 -62 -63
leaf_value=0.0038855280511886064 -0.024864663664403666 0.0007833416010852031 -0.013102295321854038 0.028671362384014066 0.016534253542408374 0.0023797452057054479 -0.0077948245264116353 -0.0091629773153064902 -0.004495651129972366 -0.010400397370985052 0.028797767347967268 0.007287821167859196 0.070023622993283255 0.021588664719488612 -0.010710467019357904 0.019311922539814331 -0.0044762826810433925 0.023540509899386455 0.0096080361126184878 0.018979603360596009 0.044091725520019658 0.034754542324608936 -0.0026132373381514374 0.041911843616236649 0.0097979959256009625 0.026221380954740765 -0.014529683355981794 -0.022286748513550978 -0.013194180922276925 0.018718385910143038 0.0053995934998088291 -0.015345847314939551 -0.0031031983117168283 0.035077731980395092 0.014194936249338291 0.007437129683394922 -0.02506738364175734 0.0047699900761896778 -0.0033423900933545643 0.0061723887134660172 0.0060577142756514058 -0.029516692194440298 -0.01162075565454075 -0.0045755868124409257 -0.02568758983845984 -0.0018629585073238778 0.01876562642019081 -0.014932610845624581 -0.018922512822356838 -0.0024646185448360253 0.021304230546966643 0.0020907613996731986 0.017682750198370081 0.030543548417824657 0.024720023270060343 0.02975280647249259 -0.006473538987120925 0.025263654540050209 0.02020202357769162 -0.030943017642748174 0.015854717682540681 -0.0053669980704807857
leaf_weight=1206.7634478881955 140.99006078485399 1089.7643772438169 609.42496150173247 74.015440162271261 78.182367647066712 229.27823814470321 85.338206049054861 822.70037332549691 714.01254772394896 575.0892891259864 49.373058747500181 46.10460040345788 31.219937402755022 152.41892804857343 74.430496645160019 172.63769365567714 388.34973281063139 34.713630143553019 693.3391501000151 51.366306714713573 32.513454422354698 51.514587767422199 45.079868039116263 40.661930948495865 476.00484538730234 28.746155912056565 174.54868241399527 97.367329665459692 23.731960939243436 109.82173448987305 74.50111579336226 447.50716244522482 335.70594723429531 32.673845484852791 160.20904903672636 1657.8572333473712 52.906278007663786 96.022565670311451 103.48070996999741 857.55982161033899 58.274021713994443 62.767092645168304 63.037107452750206 1357.8871506815776 48.428141791373491 337.75469848327339 87.891157403588295 319.56083553656936 93.468976238742471 1810.4059005230665 47.424683224409819 544.23747308179736 157.62185036018491 24.710000522434711 58.687509382143617 60.287434222176671 37.788779264315963 36.223164044320583 41.228279976174235 27.977578705176711 25.212642641738057 769.56625201553106
leaf_count=5898 3318 9259 3955 372 585 1497 422 5743 7170 7130 320 253 228 796 1609 1560 2353 331 4908 243 212 238 226 327 2786 292 888 1945 382 714 422 2744 2135 248 1338 8666 294 424 529 5249 375 447 338 11956 334 2969 569 1620 1164 11245 230 2690 816 205 845 402 250 162 303 218 221 5094
internal_value=0.000176957 0.000376548 -7.50753e-05 0.000628194 -0.00397478 -2.81571e-05 0.00048704 -0.00126705 0.00305891 -0.000256032 -0.00196798 0.0111936 0.0215287 0.00221253 -0.0145144 0.0058288 0.00320242 0.0462679 0.00419467 0.0126731 0.0148775 0.0115428 -0.00579045 -0.00365239 0.00655651 -0.000267916 -0.00232731 -0.00155088 -0.00471889 0.00243197 0.0170716 -0.00728135 -0.010109 0.0134696 0.00655193 0.00344004 0.00641785 0.00111613 0.0115333 -0.00026461 0.00385487 -0.0124805 0.00216399 -0.00351663 -0.0096972 -0.00446614 6.36838e-05 -0.0103797 -0.0035747 -0.0010963 -0.00184674 0.00201794 0.00561255 0.000424219 0.0137757 0.000735926 0.0158703 -0.000740625 -0.00173284 0.00971481 -0.00887724 -0.00404355
internal_weight=18288.4 18044.2 16664.8 14119.4 2545.44 13294.5 12204.2 7255.97 4948.26 6433.27 4650.16 824.89 254.352 4618.68 244.167 1379.4 1139.58 65.9336 1783.1 188.419 329.575 297.062 1090.25 3510.58 570.538 103.177 2935.49 2760.94 1537.67 1223.27 115.163 1012.49 783.213 77.7537 245.547 3904.67 1710.76 2193.91 255.9 1938.01 978.601 121.041 114.403 1440.31 94.5327 959.408 543.825 415.583 455.934 1936.01 1857.83 1090.21 701.859 362.465 82.4195 1108.11 98.0762 1010.03 973.806 163.012 53.1902 810.795
internal_count=130462 125243 117785 101770 16015 96885 90035 57348 32687 51605 37438 4885 1512 30477 5219 7458 6179 559 14167 953 2210 1998 6850 31259 3373 1901 24129 23241 15128 8113 749 6376 4879 474 1760 23307 8960 14347 1325 13022 6071 822 581 13183 587 6951 4907 2044 4338 12060 11475 5859 3506 3174 1227 7364 652 6712 6550 1153 439 5397
cat_boundaries=0 1 2
cat_threshold=312 17
is_linear=0
shrinkage=0.05


Tree=101
num_leaves=63
num_cat=4
split_feature=48 4 81 62 112 95 67 9 8 3 48 94 92 3 69 51 57 110 62 104 107 22 79 30 106 5 81 42 47 37 99 63 30 91 48 54 29 51 110 97 19 64 87 67 103 39 99 52 50 30 6 110 102 8 62 104 103 62 83 37 97 106
split_gain=17.6236 17.3517 34.2676 17.1588 16.2298 15.0839 17.9865 15.0387 14.9033 14.5649 23.9029 14.3302 14.1522 13.4601 13.3467 12.4425 12.1814 11.9495 12.4013 14.8887 11.4642 12.8688 10.9215 10.8636 10.792 10.7907 12.5279 11.1402 12.987 11.6734 10.4165 12.4201 11.2485 10.4071 14.7771 14.4169 13.4463 13.3575 12.0861 10.7339 12.0593 17.7125 14.2758 13.9838 10.9687 10.8536 11.7045 10.3984 11.5574 10.5797 10.2839 10.2576 12.6538 12.4731 11.8245 10.1058 10.0245 9.99096 12.952 10.4181 10.6021 10.2719
threshold=0.18990384615384617 0.45032365510306693 -0.21933807432960548 -0.16062294836520571 0 37.95000000000001 24.950000000000003 85.500000000000014 0.68990384615384626 0.7661165223665225 0.42582417582417587 15.500000000000002 3.5000000000000004 0.4123529496297354 -1.1499999999999948 -0.8375538860701689 -0.82776139013614525 1 -0.28065555197645686 35.017313021192457 38.281151699644859 0.29196355438934757 0.81009615384615397 0.23762550000173763 0.60172413793103463 0.47443813131313134 -0.23071156683809116 10.500000000000002 0.15000000000000005 10.500000000000002 33.95000000000001 0.31009615384615391 0.26340417573294289 0.64852941176470602 0.83854166666666685 0.91421568627450989 0.27678987485021972 0.10125655478025368 2 9.5000000000000018 0.72077922077922085 -0.056529754945568812 0.41450799912338382 27.850000000000005 0.18177788523533209 1950.0000000000002 36.550000000000004 0.71130952380952395 0.75735294117647067 0.24268620577897909 35.416666666666679 3 0.20716447874376268 0.28991596638655465 -0.10938897681052247 38.670054347826095 0.055867665418227221 0.97211762448448769 1.0000000180025095e-35 2.5000000000000004 4.5000000000000009 0.70106382978723414
decision_type=8 10 8 10 1 8 10 10 8 10 10 2 2 10 10 10 10 1 8 8 8 10 10 8 8 10 8 2 8 2 8 8 8 10 10 10 10 10 1 8 8 8 10 8 10 2 8 10 10 8 10 1 8 8 10 8 10 10 2 2 10 10
left_child=-1 4 8 5 13 17 16 20 33 24 -11 51 15 22 -12 -9 -7 18 19 -4 21 -6 25 -15 -10 30 50 28 -28 -29 -2 32 -32 34 35 36 38 -36 -3 40 45 42 -42 -43 -41 46 -40 49 -49 -21 -27 52 53 -5 -53 -54 -19 59 -59 -22 61 -61
right_child=1 2 3 11 7 6 -8 12 9 10 14 -13 -14 23 -16 -17 -18 56 -20 47 57 -23 -24 -25 -26 26 27 29 -30 -31 31 -33 -34 -35 37 -37 -38 -39 39 44 41 43 -44 -45 -46 -47 -48 48 -50 -51 -52 54 55 -55 -56 -57 -58 58 -60 60 -62 -63
leaf_value=-0.0077645110084794593 0.011096818781176354 0.0016226172611562483 0.031215029973601045 0.019072896413032461 -0.00047945527943913692 0.023617769440787643 -0.017699902167095889 0.0066217438301059018 -0.0020592690049074948 0.00044837919212044179 0.021558768448470423 -0.029069600818692389 -0.018055365306647503 -0.00874908893799849 0.071179607375641649 -0.014548720081225309 -0.006497242850439908 -0.024000345189443422 -0.027572109212049251 -0.0052475412841773636 -0.027283941505474821 -0.027259418704949013 0.016068942517584544 0.0017617371594160934 0.023868364190740895 0.036602140799725728 0.020212880587040197 0.0017809271426319354 0.0039654156167857257 -0.016813706482443701 -0.0041736888815833047 0.00017763198462001284 -0.028393782751288177 -0.0163289482260594 0.014367248742677662 -0.0048041697161800238 0.023386358631409469 0.042438593752579398 0.028982239129395217 0.022932950928482864 0.025859043939525886 0.063036457901575194 -0.021476696836748837 0.026204932307476926 -0.0091718228102400639 -0.01161277077864744 0.0028482121732755074 -0.0091588042575223381 0.026687595328465475 -0.029645906136323716 0.009088027024568705 0.032220794074824068 -0.00053310724379496003 -0.014043582778732548 0.0055830707298698268 0.017682620018293443 0.0058627527730933035 0.02023714952291835 -0.01238384051310959 -0.007726877452732369 0.016396798800505662 -0.035040747179780458
leaf_weight=689.14122458919883 202.25041984766722 393.96162548288703 27.077028286643326 31.579755906015635 3825.9979043565691 46.714700439013541 363.319290981628 162.25490933284163 730.82286507915705 93.102707153186202 36.542653663083911 33.695995714515448 294.59336489066482 596.86722715944052 21.900738515891135 119.76864138245583 112.42213574610651 28.845873060636222 63.926534406840801 138.90337673109025 79.824530823156238 44.392929933965206 130.17015454918146 417.01463670656085 41.463923286646605 50.615405090153217 138.07786643132567 282.52799037098885 1072.1023232601583 119.26324590668082 147.55802893266082 3651.7199534308165 70.319184925407171 35.179953247308731 129.78621930256486 166.22207625955343 181.35517132654786 63.260916218161583 80.576371507719159 37.298176847398281 34.632777113467455 36.939826661720872 27.835965864360332 90.151149284094572 86.138029843568802 47.358602436259389 90.744293425232172 48.243756724521518 40.521814025938511 64.728805688209832 102.18389461562037 42.819580995477736 289.91962276026607 228.08677783422172 872.82198767922819 102.2326312251389 485.53508781269193 64.784072197973728 55.703667484223843 399.45257482305169 40.400334376841784 36.821524683386087
leaf_count=9460 940 3061 265 186 21835 472 8415 806 7073 1572 400 289 1608 3344 387 737 952 366 602 2145 571 197 687 2186 287 231 672 1461 5204 626 808 20129 362 183 625 1116 1190 348 578 340 286 249 231 536 760 320 695 329 338 857 477 438 2253 2375 7025 835 5520 292 252 3018 260 183
internal_value=7.29239e-05 0.00038108 0.00272448 -0.000828894 -0.000673505 -0.00482796 -0.0115739 -0.00281018 0.00714978 0.00214975 0.0162681 0.00271911 -0.0104101 0.000895047 0.041038 -0.00238848 0.00243531 -0.000893707 -0.00745274 -0.00358596 -0.00184442 -0.00079358 0.00180021 -0.00442846 -0.000638154 0.00147929 0.00474371 0.00344044 0.00583436 -0.00376654 6.3645e-05 -0.000515739 -0.0120847 0.0102228 0.0108706 0.00890255 0.0109632 0.0237374 0.00850657 0.0133144 0.0174625 0.0266705 0.00476027 0.0373188 0.000635471 0.0093955 0.0152366 -0.00690406 0.00732022 -0.0131101 0.0183809 0.00342057 -0.00139627 -0.00995835 0.00678851 0.00424856 0.00406586 -0.00784211 0.00517808 -0.0106653 -0.00783109 -0.010107
internal_weight=18240.5 17551.3 5446.67 3021.39 12104.7 1420.24 522.456 5123.99 2425.27 923.833 151.546 1601.16 576.617 6980.67 58.4434 282.024 159.137 897.782 383.401 319.475 4547.38 3870.39 5966.79 1013.88 772.287 5836.62 1764.77 1611.97 1210.18 401.791 4071.85 3869.6 217.877 1501.44 1466.26 1273.21 1106.99 193.047 925.637 531.675 408.239 189.56 62.4687 127.091 123.436 218.679 171.321 292.398 88.7656 203.632 152.799 1567.46 651.819 259.667 915.642 392.152 514.381 676.987 120.488 556.499 476.674 436.274
internal_count=130245 120785 53899 33662 66886 20261 9839 29759 20237 9719 2359 13401 3151 37127 787 1543 1424 10422 4536 3934 26608 22032 31597 5530 7360 30910 8671 7963 5876 2087 22239 21299 1170 10518 10335 9362 8246 973 7056 3995 2895 1302 517 785 1100 1593 1273 3669 667 3002 708 13112 5649 2561 7463 3088 5886 4576 544 4032 3461 3201
cat_boundaries=0 1 2 3 4
cat_threshold=4 650 197 134
is_linear=0
shrinkage=0.05


Tree=102
num_leaves=63
num_cat=3
split_feature=66 71 10 56 70 9 41 40 37 0 3 70 23 110 101 9 1 55 48 68 9 40 8 17 20 2 67 1 17 69 64 56 54 70 4 102 102 54 96 67 55 58 23 53 69 110 99 62 67 91 27 106 104 112 1 5 55 20 103 39 49 58
split_gain=18.6205 19.9027 19.6762 17.1125 15.6502 15.41 14.2919 12.628 12.4786 12.1525 11.678 17.7068 18.4395 11.5165 14.8526 12.4335 11.3735 11.3034 10.0395 10.0668 9.91962 9.90776 10.8219 16.5384 14.1549 11.2491 12.604 10.1619 14.192 12.1528 16.0929 11.7669 17.017 11.3265 11.715 10.2035 10.0449 10.5581 9.94403 9.86913 10.2852 10.3393 9.81621 12.2989 12.9203 16.434 10.7375 10.5319 10.2498 14.6886 10.2039 9.90189 9.99558 9.75637 16.3764 15.7338 14.6313 14.1681 13.2392 13.2356 15.1093 18.2517
threshold=3.5000000000000004 1.0000000180025095e-35 115.00000000000001 -0.094375912760204642 0.5636363636363636 17.500000000000004 3.5000000000000004 13.500000000000002 6.5000000000000009 13.500000000000002 0.72143689643689657 -0.074537037037036832 0.22002444987775063 0 0.59999999999999798 28.500000000000004 0.30602006688963218 -0.366877037424099 0.31534090909090912 11.750000000000002 154.50000000000003 10.500000000000002 0.25833333333333336 0.11324786324786326 242.50000000000003 0.18634259259259262 40.250000000000007 0.88562091503267981 0.73030303030303034 0.5999999999999962 0.37448529052057117 0.57210213956507139 0.6972222222222223 -0.81428571428571395 0.16400081400081404 0.22218822249422007 0.22225720682899527 0.3708333333333334 38.102500000000013 41.45000000000001 -2.1246865547025169 -0.93313472424250632 0.21434416647182605 -0.99468299583707964 0.75000000000000189 1 33.95000000000001 -1.0557734670854189 38.550000000000004 0.18350168350168353 0.25813372319568501 0.12520096463022509 35.107166199813264 2 0.17752100840336138 0.35080128205128208 0.26357258500618935 332.50000000000006 0.21534892148605025 1075.0000000000002 -0.63506896776505573 0.95160363164988127
decision_type=10 10 10 8 8 10 2 2 2 2 10 8 8 1 8 10 10 10 10 10 10 2 8 8 2 10 10 10 10 10 8 8 10 10 10 8 8 10 8 10 10 8 10 8 8 1 8 8 10 10 10 10 10 1 8 8 8 2 8 2 8 8
left_child=2 -2 3 5 -4 -1 9 39 -8 -6 20 -12 -13 14 15 -7 18 -15 19 -16 21 -5 23 24 -23 26 -24 28 29 33 -31 32 -30 34 -25 -35 37 -26 -27 40 -3 -42 43 50 48 -46 -44 -48 49 -45 -43 -49 -53 57 59 -56 -57 -9 -59 -55 61 -61
right_child=1 7 4 10 6 13 8 53 -10 -11 11 12 -14 17 16 -17 -18 -19 -20 -21 -22 22 25 27 36 38 -28 -29 31 30 -32 -33 -34 35 -36 -37 -38 -39 -40 -41 41 42 46 44 45 -47 47 51 -50 -51 -52 52 -54 54 55 56 -58 58 -60 60 -62 -63
leaf_value=-0.01262935734701756 -0.018194661325983665 -0.015915057604139086 -0.010922804263307469 0.0058307494549899863 0.001593617080359671 0.0089241315878997099 -0.0011020109756554712 -0.0042578479932606104 -0.032275285082752118 -0.02095669363188786 -0.011631838953630666 0.01220652431075012 0.072590244205509136 -0.013822156044649581 0.024745792509165327 -0.0090023930913688231 -0.0049256165068285737 -0.0018571768144769497 0.029109898427451753 -0.026065683560416504 -0.01577083112956465 -0.0051965112308323957 -0.00018986332939028837 -0.016239539191225442 0.030968437526233978 -0.015840248581696328 -0.014756848401764059 -0.0054199772923838423 0.015855517691292866 0.032850586910574291 0.0010955906262321311 0.018000238445095389 -0.020199167291743623 0.0015549733819099556 0.0048007877381690961 -0.010694939301194858 0.040959358811381408 -0.0070252172219893941 0.0053500407591243306 -0.019740454115667459 0.032583111680713393 -0.011889853385823148 0.014513442881998691 0.020593801897336103 0.00062886633335760395 0.041470083750569237 -0.020205721497063834 0.014727719794312359 -0.0060606446150170785 0.0001748905948858033 0.018476686943163605 -0.013386374900649839 0.0026780044684094066 0.043725499367398529 -0.011514475734745344 -0.0064502893936245536 0.0055538124103552463 -0.00012409751549748678 0.0083201856905565901 -0.012893253186961133 0.010910175848903218 0.025477256631418602
leaf_weight=447.46477507613599 118.66916262637824 51.382329834625125 853.69427144248039 847.76631665788591 920.30713087227196 154.72093018051237 60.869745140895247 526.63816835545003 67.10011547897011 62.888137659989297 29.052099453285336 32.203825692646205 20.370298907160759 288.92977730743587 18.29301767796278 254.41857817862183 55.364144330844283 619.63984386436641 109.64866154734045 18.703963669016957 90.977211752906442 51.294028669595718 3181.3273591194302 70.607537679374218 37.275441266596317 234.41006842255592 154.76665249280632 450.59328179061413 70.885004065930843 65.69794075191021 99.474615313112736 247.44061908870935 59.078137576580048 306.67514526098967 872.24106056243181 379.77393287047744 58.365610420703888 34.429558083415031 71.83753864839673 37.003841294907033 36.45916389208287 93.532471222802997 187.83993301540613 252.46731807198375 46.522820297628641 69.061298312619328 51.668415535241365 146.52111443504691 80.332860454916954 135.0051094815135 38.128479670733213 108.81344853341579 818.31301145814359 20.978414575569332 506.30222361162305 531.72760240733624 483.90476133488119 767.44916725344956 1173.4602177245542 176.28630161099136 323.72968847025186 36.595801519230008
leaf_count=4932 1955 419 8600 4084 5681 1282 388 4864 446 500 528 414 158 3319 200 2254 327 5286 1220 406 561 287 20221 322 229 1248 1331 2068 321 372 463 1129 259 1556 4067 1836 311 186 388 255 402 980 910 1980 329 482 374 898 637 756 307 533 3981 242 3026 4654 3368 6495 8151 2792 3793 440
internal_value=-4.89807e-05 0.00201763 -0.00128532 -0.00033702 -0.00583585 -0.00448457 -0.0019213 0.00237828 -0.017571 0.000131403 0.000756174 0.0194492 0.036521 -0.00207969 0.00321058 -0.00221804 0.0143203 -0.00561142 0.0215705 -0.000952083 0.000546952 0.000752618 8.39684e-05 0.00241849 0.0169784 -0.00171329 -0.000869868 0.00140547 0.00282337 0.000967206 0.0138479 0.0116231 -0.000563169 -0.00034629 0.00320959 -0.00522792 0.0256961 0.0128799 -0.0108683 0.00553188 0.00598294 0.00653535 0.00605129 0.0107618 0.0138727 0.0287889 0.00348002 0.00162704 0.0101337 0.0134981 -0.00302284 0.00269555 0.000780195 0.000884151 -0.00163833 -0.00432356 -0.000731019 0.00300977 0.00498291 0.00568559 0.00411988 -0.00620884
internal_weight=18217.4 6818.79 11398.6 9433.73 1964.86 1967.18 1111.17 6700.12 127.97 983.195 7466.54 81.6262 52.5741 1519.72 611.149 409.14 202.01 908.57 146.646 36.997 7384.92 7293.94 6446.17 2803.83 181.365 3642.34 3336.09 2622.47 2171.87 1794.47 165.173 377.404 129.963 1629.3 942.849 686.449 130.071 71.705 306.248 2153.05 2116.05 2064.67 2028.21 715.05 583.389 115.584 1313.16 1125.32 467.805 387.472 131.661 1073.65 927.126 4547.07 2079.52 1521.93 1015.63 2467.55 1940.91 557.59 536.612 212.882
internal_count=130203 53023 77180 61565 15615 19226 7015 51068 834 6181 42339 1100 572 14294 5689 3536 2153 8605 1826 606 41239 40678 36594 13406 1013 23188 21552 12393 10325 8616 835 1709 580 7781 4389 3392 726 415 1636 13243 12988 12569 12167 5471 4184 811 6696 5786 3373 2736 1287 5412 4514 37825 18315 11048 8022 19510 14646 7267 7025 3232
cat_boundaries=0 1 2 3
cat_threshold=369 130 4
is_linear=0
shrinkage=0.05


Tree=103
num_leaves=63
num_cat=6
split_feature=31 68 72 100 53 26 103 9 103 51 1 80 6 110 17 0 12 28 48 39 5 48 9 9 71 30 3 9 10 16 110 71 9 87 21 71 80 64 20 59 115 105 49 110 2 95 69 1 40 5 37 42 63 70 110 110 105 54 103 87 20 68
split_gain=20.19 16.7091 16.0851 19.148 16.3137 15.7146 12.7802 12.461 14.8299 13.2442 16.7422 14.2454 13.3881 12.744 12.6841 12.4728 11.6461 12.9033 12.8541 12.4631 25.2871 17.5496 17.4324 14.335 14.0581 13.5502 12.0034 11.7489 11.6784 13.4908 11.611 13.7418 11.7489 11.7155 11.3043 11.3077 15.9633 11.2573 10.9223 10.7326 10.688 12.2377 14.6284 11.0486 13.1174 10.6033 10.6033 11.825 10.4618 10.4046 10.3832 10.7843 10.3271 10.2187 10.1275 10.1259 10.0782 9.87804 11.6383 9.82971 9.76286 10.9828
threshold=6.5000000000000009 11.750000000000002 1.0000000180025095e-35 6.5000000000000009 -0.70428838093487978 0.35214329454990817 0.24478741622816566 111.50000000000001 0.24706074335739522 -1.3718374653553558 0.86190476190476206 0.10555555555555557 33.916666666666679 0 0.83974358974358987 2.5000000000000004 -1.0000000180025095e-35 0.16006535947712422 0.080128205128205135 1350.0000000000002 0.4134677822177823 0.63762626262626265 21.500000000000004 71.500000000000014 1.5000000000000002 0.19847035769646984 0.5610706083132555 33.500000000000007 605.00000000000011 0.26986196477721908 1 1.0000000180025095e-35 57.500000000000007 0.30583900226757377 0.16672095548317048 1.5000000000000002 0.18465909090909094 -0.085565585223427457 978.50000000000011 1.8923146665495636 2 0.24446671120017816 1.5446408944987011 3 0.18898809523809526 40.050000000000004 -0.60769230769230898 0.55777777777777793 12.500000000000002 0.34268453768453772 9.5000000000000018 3.5000000000000004 0.53452380952380962 -0.38851648351648288 4 5 0.40053475935828881 0.32247899159663873 0.23078878416956713 0.40682870370370378 1240.5000000000002 12.250000000000002
decision_type=2 8 10 8 10 10 10 10 10 8 10 10 10 1 10 2 8 10 8 2 10 10 8 10 8 8 8 10 10 2 1 10 8 10 8 8 10 8 2 8 9 8 10 1 10 10 8 10 2 8 2 2 8 8 1 1 10 8 8 10 2 8
left_child=2 56 5 6 -5 7 -4 9 13 -1 14 -12 -13 -9 16 37 17 -11 -18 20 21 22 24 46 -20 26 -24 -21 29 40 31 32 -6 60 35 36 -27 -10 -16 -22 -29 45 43 44 -43 -42 47 -23 -35 53 -28 -52 -8 -7 -48 -37 -2 -45 -59 -32 61 -33
right_child=1 -3 3 4 30 49 52 8 15 10 11 12 -14 -15 38 -17 18 -19 19 27 39 23 25 -25 -26 34 50 28 -30 -31 59 33 -34 48 -36 55 -38 -39 -40 -41 41 42 -44 57 -46 -47 54 -49 -50 -51 51 -53 -54 -55 -56 -57 -58 58 -60 -61 -62 -63
leaf_value=0.0064051183996632378 -0.0023128786233283247 -0.013697380778011956 0.0056139202863405959 -0.015554255614942608 0.0083884291057292528 -0.014411017320594211 -0.01536791040214993 -0.0013385773907538343 0.0013518218830595211 -0.014425733790682458 -0.028536734967463447 0.016837032529577418 -0.0074417162872139481 -0.016443710587187726 0.020004326985789578 -0.0017598459150085695 -0.026597219946896351 0.018465637771315973 0.052407259252044827 -0.0016375979079026829 -0.003788022571400661 -0.014212326777022791 -0.01440803046092962 -0.018404563990691181 0.018631743512534577 -0.024941349950890982 -0.001798957963157141 0.0050287290123885268 -0.027616487013347436 0.025876682835912546 -0.0093005310097586148 0.015191585690300985 -0.044065479898795189 0.017233655165574405 0.0081731056447627883 0.00186725623979521 0.039256718889979531 0.03968750107191138 -0.001469650867700963 0.019535253103213603 0.0060760552203705138 -0.0082484752844285362 0.018306118793379015 0.010449725636431548 -0.037477429840600089 -0.023967083509248182 -0.004609731201679102 0.015896444676686411 -0.013865414042015326 0.010985029227266775 -0.0040485521174350768 0.03529469352607275 0.00033093244994090396 0.005950695461156996 0.014328365245466585 0.039498158450754876 0.032972231925645905 -0.014825927966679104 0.0010871225579308489 0.0032878470564121128 0.02191277953389853 -0.0050617889658830621
leaf_weight=1147.3785829171538 56.241356387734413 416.65739504806697 870.73521416261792 347.90740162599832 16.687764106318355 88.910253925248981 149.61187261529267 269.51930059399456 36.787285255268216 35.365723743103445 68.989626377820969 63.565677434206009 472.38505248725414 301.8059517852962 162.29001417756081 240.71118101198226 41.871256733313203 169.31555392686278 38.403277600184083 4896.1554066939279 886.32117189094424 120.18762307614088 93.049680596217513 79.663192003965378 153.14134177938104 22.936154723167419 121.3179741743952 1537.5348123693839 31.195869723334908 60.30159617215395 806.96846502367407 120.41650361381471 27.319213224574924 33.676772920414805 284.38659057207406 34.533219814300537 15.262530408799647 39.108502576127648 92.701848112046719 51.241052552126348 547.34015403408557 104.28739484772086 60.592092670500278 102.513687312603 60.470353925600648 30.055951931513846 95.720269098877907 43.693394921720028 122.91996617801487 660.78653846681118 26.370881771668792 49.240311594679952 343.94493526034057 194.81854315847158 245.55359955504537 86.530474936589599 30.506606362760067 222.60658116079867 236.08807634189725 191.3662145966664 106.01044450234622 148.37055731844157
leaf_count=5093 532 4044 6121 6764 264 448 1135 2169 351 295 327 295 2201 2464 780 1559 654 1004 415 33144 7360 630 629 444 968 392 988 10274 287 490 7746 1129 452 195 1724 293 218 208 441 485 5078 673 277 656 362 341 474 204 963 3410 249 412 1905 948 1206 670 162 1432 1413 1419 812 1648
internal_value=0.00031933 -0.00954463 0.000600252 -0.00255632 -0.00577115 0.00131953 0.00197278 0.000882345 -0.00483915 0.0012862 0.000772422 -0.00731587 -0.00453618 -0.00964345 0.00122451 0.0038334 0.000958398 0.01274 0.000724841 0.000838078 0.00395432 0.00795704 0.012239 0.00117371 0.0256405 0.00870984 0.000299982 -0.000129094 0.00233835 0.00266308 -0.00359988 0.00206889 -0.0244301 0.00434402 0.0141937 0.0248262 0.0010565 0.0213651 0.0122223 -0.00249387 0.00217188 -0.00104986 -0.00510494 -0.00708142 -0.0180488 0.00447345 0.00429147 -0.0061371 -0.00711052 0.0075507 0.00728725 0.0216992 -0.00444931 -0.000458126 0.00930261 0.0322561 0.0103302 -0.00345284 -0.006651 -0.00681842 0.0091361 0.00403439
internal_weight=18212.3 503.405 17708.9 3285.94 1921.64 14423 1364.29 13478.5 887.932 12590.6 11443.2 604.94 535.951 571.325 10838.2 316.607 10583.2 204.681 10378.6 10336.7 2447.55 1509.99 925.172 584.818 191.545 733.628 289.979 7889.14 2992.99 2961.79 1573.74 575.401 44.007 531.394 443.649 159.262 38.1987 75.8958 254.992 937.562 2901.49 1363.95 786.558 725.966 164.758 577.396 505.155 163.881 156.597 944.515 196.929 75.6112 493.557 283.729 341.274 121.064 86.748 561.208 458.695 998.335 374.798 268.787
internal_count=130126 4738 125388 30553 21392 94835 9161 90029 6751 83278 78185 2823 2496 4633 75362 2118 74141 1299 72842 72188 17761 9916 6958 2958 1383 5575 2278 54427 21283 20996 14628 5463 716 4747 3297 1573 610 559 1221 7845 20506 10232 4813 4536 1035 5419 2514 834 1158 4806 1649 661 3040 1396 1680 963 694 3501 2845 9165 3589 2777
cat_boundaries=0 1 2 3 4 5 6
cat_threshold=557 346 4 549 592 67
is_linear=0
shrinkage=0.05


Tree=104
num_leaves=63
num_cat=1
split_feature=10 39 54 55 55 54 68 70 8 55 64 96 33 54 70 54 55 54 96 87 87 81 82 22 26 22 53 95 64 21 47 54 28 103 61 64 29 60 69 26 102 27 81 7 3 26 22 53 34 5 82 3 17 99 27 8 20 69 110 54 32 102
split_gain=26.2652 16.6839 15.4297 35.2486 28.9763 19.788 17.7739 18.5726 16.2238 14.2375 13.2238 12.6982 20.5489 12.7848 12.5905 12.55 14.3689 21.1406 14.7503 12.1721 12.0881 12.0851 14.6482 13.0744 12.8415 11.8646 12.9498 12.3643 11.7896 11.6228 11.5281 11.1333 16.5187 13.6355 11.6334 11.2708 11.4104 13.8658 11.8759 11.5825 11.1217 11.106 10.9241 10.898 10.7217 10.7187 11.9399 13.1593 12.7908 12.8745 14.707 11.9218 11.5459 10.7348 10.6355 10.5888 10.5882 10.5437 10.8155 10.4187 10.352 15.1875
threshold=135.00000000000003 1650.0000000000002 0.87083333333333346 0.58617098083917463 1.1313821971699098 0.91421568627450989 13.15 0.70227272727272816 0.85164835164835173 1.0736250723834104 -1.5315787313591314 34.151190476190486 437.00000000000006 0.81980519480519487 -0.21403940886699499 0.70294117647058829 -0.26347658842590177 0.46966911764705888 34.097368421052643 0.50787450396825407 0.29649979649979658 -0.52839666855920786 0.11627872127872139 0.033944405257385131 0.22227305072684764 0.037839341846019649 -0.79973780444522291 37.250000000000007 1.1254793246521002 0.2772180205178531 2.7500000000000004 0.35912698412698418 0.13370538490237535 0.16673758865248231 0.7958333333333335 -1.4589504113386258 0.19064969426672687 -0.90194363649415787 -1.9916666666666651 0.20524266430317731 0.21311919917499381 0.26674015005676793 -1.5799407635515319 2.5000000000000004 0.25774247198879557 0.29703556154432015 0.058021700225901411 -0.72321793787340705 -9.4999999999999982 0.23334354575163402 0.088694534632034722 0.36250176105945336 0.35147058823529415 36.550000000000004 0.25740819142597299 0.12916666666666668 380.50000000000006 -0.95244047619047822 0 0.75735294117647067 55.250000000000007 0.23080432341381249
decision_type=10 2 10 10 8 10 10 10 10 10 8 10 2 10 10 10 10 10 8 10 10 8 8 10 10 8 10 10 10 8 10 10 10 8 10 8 10 8 8 10 10 10 8 10 10 10 10 8 2 8 10 8 10 10 10 8 2 8 1 10 2 10
left_child=2 14 3 6 -4 41 7 8 15 11 -3 12 -5 -14 -2 16 18 25 30 -17 54 29 24 -24 -23 26 -18 -27 59 -12 -1 35 -33 -34 -35 -20 45 39 -39 40 -38 -6 -10 -41 -30 46 47 52 -49 -50 -51 -47 53 -37 -7 -48 -11 -36 -59 -13 61 -40
right_child=1 10 4 9 5 20 -8 -9 42 56 21 28 13 -15 -16 19 17 -19 31 -21 -22 22 23 -25 -26 27 -28 -29 44 -31 -32 32 33 34 57 36 37 38 60 43 -42 -43 -44 -45 -46 51 55 48 49 50 -52 -53 -54 -55 -56 -57 -58 58 -60 -61 -62 -63
leaf_value=0.017264300352286752 -0.0062605914811100409 -0.020587923006108906 -0.0085420529462338531 -0.014528184381607174 0.0011256585739060163 -0.012169155405854578 -0.0062092658356977162 0.030235551640642417 0.022730839372230194 0.0054827950424667527 -0.0010999008151139687 0.0094650277005580881 0.023577181869669242 0.0036512485784740548 -0.019574898062799467 -0.0056419714151018157 0.010682736194870365 0.0024059591665149334 -0.018113136081905738 0.0098266258133578865 0.0056228931432552275 -0.0062299960412192873 -0.019087265797663636 0.01901274728423856 0.0042545519420247851 0.011547332497480379 0.041774276053476077 -0.0050806344058732973 0.034064415716522307 -0.013548668395478611 -0.011782714527752883 0.01514707677510874 -0.02276864818198511 -0.0095040015170195641 0.023109480212000828 -0.015989273030380922 -0.0095743723920483741 0.026068341842874293 0.0083340685706677509 -0.023895791717713985 0.027403043996199573 0.028605686130289777 -0.008523599225974841 0.00087335372757073738 0.0071277220175268163 -0.0083788247394431092 -0.022011884998601388 0.041890622248700056 0.026720799303201072 -0.0017830340448913929 0.022974963278115795 0.016362105398145581 0.013579091607922065 0.0080208532418754048 -0.00040702429554459203 -0.0044304027492271516 0.035605956927792712 0.016330883061943822 -0.010725342586462907 -0.0024130864489767738 0.011345434556805634 -0.012112032588365084
leaf_weight=200.68200840242207 707.53581900708377 88.155627900734544 1139.1963975895196 54.155709635466337 58.22853204421699 251.6626429669559 856.10724415164441 54.157394020818174 28.50028183683753 46.122890997678041 490.23703915625811 279.01330118346959 290.9906317666173 111.7116807801649 236.86578014679253 904.04899976216257 75.527782156132162 2709.6242543691769 74.29976855404675 147.03505356609821 608.15596989169717 511.62858395278454 24.944665636867285 177.76036662328988 677.72430863417685 668.58464451320469 60.565681029111147 133.6063544685021 55.021309167146683 302.8236711025238 40.38491328433156 86.277328429743648 126.2053994089365 424.04520044848323 56.795077729970217 203.4331370992586 36.433573691174388 83.421883501112461 227.74335141852498 91.906599594280124 43.917584145441651 99.151799401268363 552.37866615410894 84.941547825932503 110.63418309390545 68.102768838405609 95.545034691691399 23.718210678547621 59.361195972189307 379.75209555868059 70.210704019293189 165.41136479005218 60.201651830226183 59.601584885269403 803.25244383513927 767.67247046530247 80.372615281492472 44.147489227354527 101.88060676306486 541.01916406583041 467.26776638440788 149.63733435515314
leaf_count=1211 5690 1509 7077 428 345 1646 8284 472 296 269 3540 1751 1780 702 2460 5472 725 16701 1031 759 3202 5139 351 1286 4583 3902 459 813 255 1503 253 627 932 3107 274 2675 313 585 1627 589 332 537 8053 522 539 334 485 224 378 3332 590 1041 364 717 4814 4958 449 210 471 3372 2891 961
internal_value=6.38396e-05 -0.00403482 0.000942569 0.00173693 -0.00229168 0.0016222 0.000690453 0.00130461 0.00113779 0.00872377 -0.00171252 0.00730213 0.0141846 0.0180724 -0.00961713 0.00166122 0.00234086 0.00464771 0.00038002 -0.0034708 1.39283e-05 -0.000941949 0.00186461 0.0142535 -0.000257072 0.0111121 0.0247232 0.00877504 0.00410102 -0.00586444 0.0123696 -0.000336168 -0.00546009 -0.00783794 -0.00480052 0.00100384 0.00146207 0.00532993 0.00817514 -0.00492853 0.0107248 0.0185098 -0.0069537 -0.012061 0.0162253 -0.00088684 -0.00225327 0.00192928 0.0067514 0.00503615 0.0021225 0.00914163 -0.00601906 -0.010539 -0.00322189 -0.00639962 0.0247516 0.00503151 -0.00210896 0.00163501 0.00637918 0.000216286
internal_weight=18229.5 3217.68 15011.8 12052.2 2959.65 1820.45 10483.1 9627.03 9572.87 1569.04 2273.27 1442.55 456.858 402.702 944.402 8991.99 7940.91 3647.91 4293 1051.08 1663.07 2185.12 1392.06 202.705 1189.35 938.284 136.093 802.191 985.688 793.061 241.067 4051.93 839.351 753.074 626.868 3212.58 3138.28 1185.27 928.07 257.199 80.3512 157.38 580.879 176.848 165.655 1953.01 1719.5 856.279 533.042 509.324 449.963 233.514 323.236 263.035 1054.92 863.218 126.496 202.823 146.028 820.032 844.648 377.381
internal_count=130197 26061 104136 86515 17621 10544 76970 68686 68214 9545 17911 8827 2910 2482 8150 59865 53634 22600 31034 6231 9662 16402 11359 1637 9722 5899 1184 4715 5917 5043 1464 29570 5621 4994 4062 23949 22918 7820 6064 1756 645 882 8349 1111 794 15098 13723 8280 4524 4300 3922 1375 3756 3392 6460 5443 718 955 681 5123 5479 2588
cat_boundaries=0 1
cat_threshold=456
is_linear=0
shrinkage=0.05


Tree=105
num_leaves=63
num_cat=2
split_feature=96 31 67 71 110 115 95 33 24 47 2 56 99 20 32 46 40 72 20 2 67 64 67 2 60 95 6 8 21 101 8 31 61 102 28 5 40 55 54 100 4 27 4 27 8 8 0 40 53 56 81 10 97 41 10 2 96 81 59 33 46 29
split_gain=17.3449 19.9957 17.9088 18.864 17.2974 21.9811 20.8697 19.1065 15.0135 14.5578 14.3423 14.0274 13.6705 13.3582 14.6706 13.982 13.2661 13.0156 17.094 16.9501 14.2582 14.803 13.0005 11.9626 15.5993 11.7313 14.4949 11.2796 11.192 13.5368 11.7957 11.1772 11.0664 10.8539 12.4523 16.5784 10.8415 13.4816 17.7291 10.8783 18.5661 11.6405 11.5171 10.753 10.4211 14.2482 12.5327 12.179 12.4453 10.3738 10.1677 10.0903 9.99347 17.6995 10.9294 9.90998 9.84123 14.5436 10.3467 9.82421 9.76058 15.7541
threshold=13.434166666666668 5.5000000000000009 25.150000000000002 1.0000000180025095e-35 0 1 34.45000000000001 459.00000000000006 0.55050505050505061 1.6250000000000002 0.14907407407407411 -0.052030722404163877 35.45000000000001 684.50000000000011 53.500000000000007 0.73333333333333373 9.5000000000000018 1.0000000180025095e-35 1402.5000000000002 0.10435571687840291 24.250000000000004 0.40947545245199962 26.250000000000004 0.10912698412698414 -0.26188816629000705 38.150000000000013 38.583333333333343 0.83974358974358987 0.27294401818698499 0.19999999999999932 0.11437908496732027 4.5000000000000009 0.07417582417582419 0.30993885503792912 0.28736298131351479 0.31612363331113341 17.500000000000004 0.28280594099096962 0.82843137254901966 5.5000000000000009 0.38888888888888901 0.26648246426404881 0.57145632145632164 0.20849031257287118 0.13809523809523813 0.25833333333333336 11.500000000000002 15.500000000000002 0.89998173293325756 -0.07855311623731033 -0.082789469922403366 395.00000000000006 8.5000000000000018 1.5000000000000002 445.00000000000006 0.19139194139194141 34.734166666666674 0.53503157202397933 1.0853807904666393 413.00000000000006 0.38333333333333347 0.31203634912773109
decision_type=8 2 10 10 1 9 8 2 8 8 10 8 10 2 2 8 2 8 2 10 10 8 10 10 10 10 10 10 8 10 8 2 8 10 10 8 2 8 10 10 10 10 10 10 8 8 2 2 10 8 8 10 10 2 10 8 8 10 10 2 10 10
left_child=-1 2 17 9 5 6 8 33 -5 22 11 31 -10 16 15 -15 50 28 19 -19 -20 -22 -4 24 27 26 -25 -9 55 30 -30 -7 -18 34 59 -36 37 43 -39 40 49 42 -42 -16 -3 46 -46 -47 -49 -40 -6 -26 54 -54 -34 -2 57 -21 -58 -8 -51 -62
right_child=1 44 3 4 13 10 7 23 12 -11 -12 -13 -14 14 36 -17 32 18 20 56 21 -23 -24 25 51 -27 -28 -29 29 -31 -32 -33 52 -35 35 -37 -38 38 39 -41 41 -43 -44 -45 45 47 -48 48 -50 60 -52 -53 53 -55 -56 -57 58 -59 -60 -61 61 -63
leaf_value=0.018604430160625591 0.0061258370733065235 -0.019284157186598358 0.041118968619238597 -0.0047438120133969502 0.032738264399858587 -0.031770721102251431 -0.030680565726197109 -0.0068064101543186158 0.015042500102910684 -0.028726043911875165 -0.025807396632788554 -0.0016792681040477039 -0.015606754555745462 -0.0024058618670670302 0.0043619161061461123 0.027149442661944325 -0.030737457387214253 0.0041232770939549409 -0.011187467889143585 0.012771048145944434 -0.0095924735706781547 0.023287546074998406 -0.0095671238249932788 0.0043463997793072107 0.00058916869719028309 -0.019584298028523281 0.030137785737960401 -0.032473104547494309 -0.021214179076773844 0.016535427654221346 0.001088928222972998 0.0044705914669110631 -0.0006261697734200101 -0.025498692685743618 -0.026612099481083548 0.013586301052530622 -0.0087574187388523208 0.013694603273237802 -0.023899598858997999 -0.018259762155351741 0.016996485879847818 0.0058135350990247909 0.056606240728504731 -0.0040935012637990298 -0.0038663444993751756 -0.002690765528461119 0.020794147890589296 -0.017440732117782604 0.0079402779015136267 0.011594372862693889 0.0019697034961443146 0.025424792971249652 -0.024470253458950667 0.030252454598972078 -0.020349312754856439 0.018251529377866966 -0.0071109599649381728 -0.0099671070200203771 0.0020590272578055249 -0.0087333344324587846 -0.013869290800150293 0.013687802500409116
leaf_weight=123.9207785949111 410.20425411965698 129.66599083319306 13.865872834809123 194.61433584988117 46.248949794098735 82.514170313253999 54.981045803055167 646.55685047712177 373.06058645620942 106.37781945522875 147.19488414376974 286.45031938049942 39.491828977130353 60.164996411651373 739.55493699759245 117.59281811676919 33.352684111334383 3642.6512962086126 441.69351701810956 227.64477570727468 65.843077195808291 69.370281375944614 83.979051993228495 477.65838208794594 606.58480611164123 42.926429906859994 60.574143651872873 44.960814638994634 71.364439390599728 113.78958667442203 327.4962286837399 28.243611481972039 1982.5246203932911 94.230118195526302 31.468645822256804 121.48610566463321 200.65703359432518 559.73817509040236 48.226497698575258 61.146847246214747 57.700394406914711 117.576784145087 26.925324615091085 762.8413907084614 110.59516870230436 672.02969210036099 95.030497927218676 334.08874542172998 55.834318470209837 128.79589539393783 62.511800135485828 42.858128624968231 98.339274753816426 16.481651425361633 71.823268566280603 286.90824697352946 865.62813399545848 100.69527675770223 476.30679643154144 601.63702340889722 167.35703349113464 74.034432478249073
leaf_count=605 2963 724 190 1288 272 1282 796 5009 2102 2126 930 2238 258 446 5933 988 938 19613 2212 1091 419 347 1331 2700 4835 303 454 770 324 551 1621 385 16737 732 210 1030 1580 3518 245 483 351 832 282 5216 589 6040 526 4258 377 685 471 514 2005 217 836 1870 4765 549 2333 6124 778 337
internal_value=3.72491e-05 -9.08051e-05 0.000389658 -0.00101664 -0.000689539 -0.00318986 -0.00171601 -0.0035232 0.00668715 -0.0160132 -0.0125225 -0.007547 0.0120779 0.00114475 0.0032794 0.0171885 -0.00173417 0.00229414 0.00132331 0.00221125 -0.00684376 0.00732352 -0.00204093 -0.000702553 -0.00329889 0.00528358 0.00729954 -0.00851968 0.00701573 0.001403 -0.00294463 -0.0225718 -0.00257852 -0.00951448 -0.00762484 0.00519681 0.00243419 0.0032555 0.0071087 0.00168943 0.00368116 0.0160815 0.030113 6.88127e-05 -0.00583464 -0.00444472 0.00757605 -0.00677723 -0.0137953 -0.00233547 0.0152327 0.00226469 -0.0021316 -0.0164219 -0.00132529 0.0111354 -0.00195859 0.00578862 -0.00385705 -0.0106149 0.000530637 -0.00539597
internal_weight=18236.1 18112.2 16714.9 9615.31 9411.09 3977.49 3433.09 2825.92 607.167 204.223 544.403 397.208 412.552 5433.59 3122.31 177.758 2311.28 7099.6 5889.83 5312.93 576.907 135.213 97.8449 1922.12 1340.96 581.159 538.233 691.518 1209.76 512.65 398.861 110.758 2202.52 903.803 809.573 152.955 2944.55 2743.9 1241.5 681.763 620.616 202.203 84.6257 1502.4 1397.24 1267.58 205.626 1061.95 389.923 418.414 108.761 649.443 2169.17 114.821 2054.35 697.113 1670.27 328.34 1341.93 656.618 370.187 241.391
internal_count=130534 129929 117415 78757 75110 31960 27125 23477 3648 3647 4835 3905 2360 43150 21674 1434 21476 38658 31329 28351 2978 766 1521 14585 11128 3457 3154 5779 7329 2496 1945 1667 20733 8892 8160 1240 20240 18660 7511 3993 3510 1465 633 11149 12514 11790 1115 10675 4635 2045 743 5349 19795 2222 17573 4833 8738 1640 7098 6920 1800 1115
cat_boundaries=0 1 2
cat_threshold=533 4
is_linear=0
shrinkage=0.05


Tree=106
num_leaves=63
num_cat=5
split_feature=40 68 67 55 3 41 101 81 70 80 33 20 57 110 52 12 115 63 6 82 9 10 29 33 61 51 81 71 46 51 20 107 87 106 10 101 40 103 6 70 52 9 96 96 33 110 53 110 58 37 79 33 110 1 19 62 84 87 49 25 55 33
split_gain=16.6781 15.1205 19.0719 18.4732 24.2115 18.1764 17.2891 17.1056 16.7289 16.8747 16.4919 16.2162 15.8723 15.5797 14.9573 14.2498 14.7722 13.9822 13.2403 13.0026 12.2683 12.209 12.0979 13.1583 11.9021 11.8732 11.8376 11.837 11.5737 15.2651 11.3684 11.4937 11.333 11.1591 11.1407 10.944 11.5902 10.8397 12.2754 10.5381 10.413 10.3529 10.5294 10.1634 10.1542 9.90421 9.58097 11.788 10.0916 9.86539 9.40721 9.38541 9.27423 12.0979 12.7688 9.24697 9.22193 9.14612 14.5186 11.4183 8.97592 8.92928
threshold=8.5000000000000018 12.350000000000003 36.850000000000001 0.23591504232388569 0.52083409015227211 1.0000000180025095e-35 1.0000000180025095e-35 0.51081617917106248 -0.21403940886699499 0.06458333333333334 495.00000000000006 516.50000000000011 0.58715820897623505 0 0.12916666666666668 1.5000000000000002 1 0.31009615384615391 35.458333333333343 0.012841880341880338 35.500000000000007 -1.0000000180025095e-35 0.21839574623694175 455.00000000000006 0.31009615384615391 -1.282418065628957 -1.1253953976340374 2.5000000000000004 1.6250000000000007 0.98002756394984358 117.50000000000001 35.000101010101012 0.40682870370370378 0.14303051317614426 -1.0000000180025095e-35 0.099999999999997882 15.500000000000002 0.25003775294472974 37.916666666666679 40.451923076923087 0.2752525252525253 64.500000000000014 35.102941176470594 34.651315789473692 441.00000000000006 2 -0.090151900156298023 3 0.45322962369127867 5.5000000000000009 0.86237373737373757 453.00000000000006 4 0.23205128205128209 0.37980769230769235 -1.1685068652206934 0.057189542483660136 0.30583900226757377 -0.47433000713876905 1.5000000000000002 0.3591679949310484 503.00000000000006
decision_type=2 10 8 8 8 2 10 10 8 8 2 2 10 1 8 10 9 10 8 8 10 10 10 2 10 8 8 8 8 10 2 10 10 10 10 10 2 8 10 10 10 10 10 8 2 1 8 1 10 2 10 2 1 10 8 10 2 10 8 2 8 2
left_child=61 2 11 4 12 8 50 27 13 -10 15 17 -3 -4 -15 16 26 33 19 20 -18 57 -8 -24 -21 -16 34 39 29 35 31 -30 -12 40 -7 37 -37 -11 -39 -6 -2 42 -36 -20 60 -45 47 49 -48 -26 -5 -31 -34 -54 -55 -42 -35 58 -13 -59 -27 -1
right_child=1 3 5 6 7 10 22 -9 9 28 32 21 -14 14 25 -17 18 -19 43 24 -22 -23 23 -25 46 44 -28 -29 30 51 -32 -33 52 56 41 36 -38 38 -40 -41 55 -43 -44 45 -46 -47 48 -49 -50 -51 -52 -53 53 54 -56 -57 -58 59 -60 -61 -62 -63
leaf_value=0.009845408577332633 -0.0085723344220607067 0.00057860047065285845 -0.014968850159660069 -0.0018151842809410489 -0.0071137097819139808 0.027751538310604285 -0.0089671014753051372 -0.021596578478394825 -0.02462258422240296 0.0063951223782336784 -1.0653050086907557e-05 0.047089769262883857 -0.010477559812304568 -0.025567468457640775 0.015816407524314256 -0.019485595088239601 -0.0063431433326191985 -0.0071748405352429255 -0.03631280576320467 -0.019726854301892402 0.023665349779890477 0.0052629144918248912 -0.0021726329763353206 0.016147616247460188 0.022793961849228109 -0.021063424344576129 -0.0014414471384008752 -0.032866495291310326 -0.0045335482680776548 0.0037208563444397231 0.00020543923024757225 0.017901991131204595 -0.0061846552183152546 0.011052879426544794 0.032083381422153591 0.0097552012060508203 -0.01147042409015276 0.023020919146846383 -0.0016220812192689147 0.020074655766633268 0.01737377786935428 -0.0133378692569783 0.0023653526725128152 -0.0058951522114708129 0.0020590581584414096 -0.017157030225969577 0.027538604656966892 -0.022030302213713743 0.0011657305886552873 -0.0087554411198675613 0.028051679790981061 0.051255262428346063 0.032925262950794849 -0.011403926804613648 0.014299969677475908 0.060811504587833569 -0.017173150578551503 -0.0049096910129333123 0.015840443234010158 0.025882643358977744 0.0032460979797395264 -0.0062392606295421415
leaf_weight=614.5120705133304 16.415277166292071 1611.0669042561203 194.33757809828967 1949.8401997201145 741.28167115245014 64.68747441098094 85.433650271035731 277.21256022807211 47.710912514477968 685.89253901597112 1247.9853641577065 44.029660465195775 405.49932038784027 52.663554098457098 125.80127365142107 134.07798493653536 53.092466024681926 371.732291797176 32.34163208026439 98.011984193697572 92.28203840367496 857.22707717306912 132.97250337526202 369.47321819048375 37.833854425698519 99.420609956607223 1759.5944712562487 41.730233903974295 80.039804056286812 15.41696175560355 1292.1061217458919 195.09310049656779 75.493401918560266 75.583143647760153 41.82542771846056 118.27206493727863 138.60911419615149 236.65258870460093 64.022281231358647 36.487682368606329 29.251441903412342 59.532847095280886 98.63663774356246 1013.576049361378 686.68669470958412 247.54134131222963 41.528472393751144 82.914758151397109 247.30621879920363 67.514463590458035 25.728116072714329 31.894345335662365 62.261303236708045 61.17326070740819 218.07379473187029 21.645646542310715 45.513354325667024 91.879932660609484 227.68393646925688 43.605149537324905 60.678395110182464 99.653371281921864
leaf_count=3313 323 11150 1667 15159 9974 375 667 6150 254 3736 7870 453 1984 960 572 828 339 2319 244 873 554 5215 1049 2431 270 1189 10490 931 462 260 7673 1164 421 521 216 608 760 1191 340 319 274 326 516 7355 5737 1897 217 574 1221 457 149 365 470 359 1089 220 337 562 1307 241 570 512
internal_value=0.000111539 -0.000194922 0.000826082 -0.00231471 -0.00490227 -3.48237e-05 0.000828545 -0.0108778 0.00250531 0.00456765 -0.0018301 0.00552428 -0.00164871 -0.00240799 0.000129793 -0.00350874 -0.00297358 -0.00155612 -0.00600432 -0.000570759 0.0127374 0.00865966 0.00834828 0.0113045 -0.00395103 0.00154741 4.31574e-05 -0.00723001 0.00506339 0.00856778 0.00217359 0.0113824 0.002376 0.00950901 0.00988101 0.0074896 -0.00169789 0.00988112 0.0177857 -0.00581408 0.0256675 0.00399155 0.0113787 -0.00902814 -0.000588593 -0.00830021 -0.000675666 -0.00942428 0.00503954 0.00245215 -0.00141223 0.0361632 0.00950162 0.0127844 0.00864855 0.0366629 0.000390539 0.01578 0.0210583 0.00511768 -0.011887 0.0075954
internal_weight=18178 17463.9 11787.2 5676.73 3113.28 9962.58 2563.45 1096.71 4125.3 2905.71 5837.29 1824.57 2016.57 1219.59 1025.25 4172.3 4038.22 560.141 2013.94 720.484 145.375 1264.43 587.879 502.446 575.11 972.587 2024.28 819.5 2858 1290.76 1567.24 275.133 1664.99 188.409 264.682 1243.45 256.881 986.567 300.675 777.769 67.3124 199.995 140.462 1293.46 846.786 1261.12 477.098 188.263 288.835 105.348 1975.57 47.3113 417.002 341.508 279.247 50.8971 121.096 407.199 271.714 135.485 160.099 714.165
internal_count=130029 126204 76241 49963 30508 64469 19455 17374 27508 16813 36961 11772 13134 10695 9028 26752 25924 3994 14001 4505 893 7778 4147 3480 3612 8068 11923 11224 16559 7260 9299 1626 10209 1675 1433 6635 1368 5267 1531 10293 817 1058 732 9496 7496 9252 2739 1301 1438 727 15308 625 2339 1918 1448 494 858 2563 1760 803 1759 3825
cat_boundaries=0 1 2 3 4 5
cat_threshold=516 4 426 866 304
is_linear=0
shrinkage=0.05


Tree=107
num_leaves=63
num_cat=2
split_feature=67 20 7 17 97 22 17 23 70 31 55 54 94 63 99 61 58 49 33 47 112 82 12 64 21 33 96 34 14 60 22 1 87 95 33 20 82 67 69 66 55 54 102 54 91 100 69 21 2 114 3 49 22 55 37 30 20 51 64 10 47 70
split_gain=14.699 16.1233 23.034 18.7976 17.8419 16.4954 17.5506 15.0015 13.242 12.9605 12.9408 19.5081 13.921 16.0534 12.8002 11.9923 11.9378 12.9747 11.8683 11.7847 12.3188 16.1418 11.655 11.5655 12.0726 13.1975 16.6232 12.9054 11.7587 16.5368 11.5289 11.5132 11.5124 13.913 11.2366 11.106 13.9027 11.0583 10.8673 13.8369 11.3862 12.2715 11.2626 10.7226 10.7072 10.5965 15.3378 12.4309 13.6822 11.8268 11.9126 13.1467 10.7641 10.5412 10.3642 10.1069 11.4694 10.0105 9.86963 10.9943 14.5236 12.4984
threshold=25.150000000000002 530.50000000000011 1.0000000180025095e-35 0.18898809523809526 8.5000000000000018 0.026286340165858242 0.15504807692307696 0.61120926580290547 -1.0999999999999985 4.5000000000000009 1.195441976788763 0.94281045751633996 4.5000000000000009 0.93541666666666679 38.550000000000004 0.93933823529411775 1.5477262933360028 -1.0918812079665356 419.00000000000006 2.2500000000000004 0 0.012841880341880338 3.5000000000000004 -1.3356457640876254 0.3679437680658863 433.00000000000006 34.097368421052643 7.5000000000000009 1.0000000180025095e-35 -0.63224942141671325 0.074869052516111353 0.62202380952380965 0.17221200980392162 13.450000000000001 505.00000000000006 1366.5000000000002 0.056915565371447686 25.550000000000004 0.6892720306513419 1.5000000000000002 0.17360239838026342 0.52859477124183019 0.2198417500339033 0.63484848484848488 inf 2.5000000000000004 -1.5999999999999994 0.19261309249731087 0.09449404761904763 1 0.39979664432789436 0.30004408323889648 0.06393956968596394 1.2700789047313523 8.5000000000000018 0.5034246575342467 1402.5000000000002 -1.6987761799723742 0.25128127965091285 -44.999999999999993 1.1250000000000002 -1.165686274509804
decision_type=10 2 8 8 8 10 10 8 8 2 8 10 2 10 10 8 10 8 2 8 1 8 10 8 10 2 8 2 2 10 10 10 10 10 2 2 8 10 8 10 10 10 8 8 8 8 10 10 10 9 10 10 8 8 2 8 2 10 10 8 8 10
left_child=8 2 4 5 57 -4 19 10 -1 14 11 16 13 -12 22 34 17 37 -6 20 21 -7 45 -19 25 27 31 -25 38 -30 -21 -27 33 -22 -16 -26 -37 -3 39 -28 41 42 -40 -11 -38 46 49 52 55 53 -51 -52 -47 -10 -23 56 -49 -2 59 60 -41 -61
right_child=1 7 3 -5 18 6 -8 -9 9 43 12 -13 -14 -15 15 -17 -18 23 -20 30 32 54 -24 24 35 26 28 -29 29 -31 -32 -33 -34 -35 -36 36 44 -39 40 58 -42 -43 -44 -45 -46 47 -48 48 -50 50 51 -53 -54 -55 -56 -57 -58 -59 -60 61 -62 -63
leaf_value=0.014697464938206126 0.019415880498633648 0.019832000406585407 -0.012931738653245149 -0.0033363204440122482 -0.044948487717790343 0.061570274843931731 0.044474236166447717 0.018380600390321258 -0.0063251964257115371 0.0006720750067696847 0.0070399972813303862 -0.021045717434514569 -0.0036868430292182407 0.032604986556860338 -0.014807430577472703 0.020411504692542146 -0.0090742419390136622 -0.011611982482569278 -0.014657482327289684 -0.022458073997488698 0.027814996033029327 0.0032184919981153963 -0.016272287163557053 -0.0086973174809525707 -0.014500914526281126 0.0099688574645623342 -0.020149945836631822 0.025299978156243869 -0.01736533580045194 0.0035496493319229212 0.010915615892062308 0.042369362252839618 0.017253821987584579 -0.015580774957068833 0.0087750408200726014 -0.0085451919697972292 -0.0013420231236947228 -0.016673010314093805 0.0019667347691245409 0.017835595310147483 0.016251179024976345 -0.01244916146606477 0.021490444263461812 -0.0082295606665789469 0.023291774174894808 0.0041744308851041582 0.02190140592170604 0.0047009920079452479 -0.0054387930872114992 0.0050753289602705198 0.0093554964478847948 0.037567306641517771 0.017955265334895779 0.020532271204426102 0.034875608326220352 -0.012001464268192773 -0.0061114920587914956 -0.0060796003272382635 0.0054347521191069311 -0.021476891657057514 -0.0040979128833594346 -0.0015232232005017545
leaf_weight=187.76695696357638 39.275713756680489 22.655709684826434 85.766719749197364 1839.0499885678291 34.341331776231527 23.142320923507214 34.814201943576336 110.6062312591821 287.16926604136825 804.26399788446724 477.36695917788893 117.00644229725003 260.05176627263427 69.665456689894199 251.48244627844542 34.926695339381695 378.80440630204976 186.39275630097836 427.9670508056879 54.038234347477555 22.525112176313996 64.378711450845003 77.580024121329188 399.6456398293376 218.66627146303654 83.112015299499035 69.268093451857567 29.044578270986676 173.5108448760584 205.55498911440372 47.988184061832726 40.588621489703655 97.354680515825748 85.416209786199033 62.431182870641351 233.90920371934772 95.63634617626667 175.55826978664845 246.05539557337761 161.30347770173103 292.21725791227072 93.621040439233184 104.70089755766094 582.73652020841837 80.714156612753868 1383.2438576398417 154.49170234799385 1634.7625037319958 818.27729010023177 572.74954500794411 112.13575088605285 65.265500396490097 157.0625650472939 40.854134529829025 42.464402848854661 116.90810851752758 287.63485235907137 892.80569770094007 1293.304205016233 84.75129899661988 140.50241932272911 927.85407321900129
leaf_count=1161 180 345 1736 14876 916 293 314 547 1399 5790 3221 738 1462 340 1476 162 2268 2738 6983 881 253 736 422 3976 1046 546 532 310 1393 1425 355 189 944 1085 354 1106 458 2762 1987 1459 1905 656 718 3516 381 8919 785 7798 4058 2658 667 315 887 192 511 548 1451 6903 7555 752 1470 8323
internal_value=-5.28276e-05 -0.00126072 -0.00387098 -0.000897403 -0.00897821 0.00713394 0.0107987 0.000200978 0.00161902 0.0012872 -0.000103588 -0.000922134 0.00582772 0.0103493 0.00228555 -0.00699944 -0.000508143 9.8986e-05 -0.0169997 0.00802248 0.012542 0.0245273 0.00285411 0.000582239 0.00104144 0.00197888 0.00289091 -0.00634042 0.00229966 -0.00604433 -0.00680715 0.0208546 0.00487122 -0.00635278 -0.0101044 -0.00542782 -0.000568412 -0.0124219 0.00322773 0.00174636 0.00860178 0.00354643 0.0078391 -0.00307111 0.0100004 0.00312049 0.00721585 0.00197124 1.91589e-05 0.00509321 0.00848692 0.019887 0.00559038 -0.00284159 0.0160072 0.00221077 0.00308086 -0.00498562 0.00233548 -0.000715828 0.00764488 -0.00321281
internal_weight=18195.1 10563.4 3791.33 2396.94 1394.39 557.889 472.122 6772.07 7631.74 7443.98 6661.46 5854.38 807.084 547.032 6056.98 348.84 5737.37 5358.57 462.308 437.308 335.281 129.985 5708.14 5160.35 4973.96 4345.03 3916.34 428.69 3792.64 379.066 102.026 123.701 205.296 107.941 313.914 628.926 410.26 198.214 3413.58 2676.98 736.595 444.377 350.756 1387 176.351 5630.56 1232.67 4397.89 2857.58 1078.17 750.151 177.401 1540.31 328.023 106.843 2039.31 1922.4 932.081 2607.72 1314.41 301.806 1012.61
internal_count=130132 87574 36966 21984 14982 7108 5372 50608 42558 41397 50061 45038 5023 3561 32091 1992 44300 42032 7899 5058 3822 1540 30099 38925 36187 33196 28910 4286 28175 2818 1236 735 2282 1338 1830 2991 1945 3107 25357 20091 5266 3361 2705 9306 839 29677 6016 23661 13855 5231 3640 982 9806 1591 1247 9797 9249 7083 19559 12004 2929 9075
cat_boundaries=0 1 2
cat_threshold=2 8
is_linear=0
shrinkage=0.05


Tree=108
num_leaves=63
num_cat=4
split_feature=31 37 9 33 35 110 61 68 13 10 66 59 109 68 47 9 36 67 56 45 5 70 57 27 27 60 104 99 57 37 21 110 96 57 9 96 0 57 61 46 56 0 46 110 63 21 44 4 96 14 19 20 92 45 91 62 55 21 63 103 26 3
split_gain=18.581 16.7568 15.7118 14.7391 17.294 13.8631 13.4993 13.3067 13.1566 16.8834 13.2046 19.8929 13.5744 16.0699 12.9998 12.7237 12.6379 14.3225 12.81 12.3908 12.0333 11.999 14.8474 13.2032 16.5729 16.148 12.4763 14.8924 11.5853 19.8641 14.3944 14.1497 13.8392 11.583 11.4384 11.2698 10.9359 10.8598 13.6374 10.7261 10.6907 10.5418 10.4679 10.3831 10.3474 10.9546 10.299 10.1744 10.1076 10.032 10.9125 13.6458 10.9187 9.9862 9.92803 11.0193 9.90152 9.89826 9.89423 10.7818 9.83706 11.9097
threshold=6.5000000000000009 1.5000000000000002 329.50000000000006 457.00000000000006 2.5000000000000004 0 0.20416666666666669 12.850000000000003 1.5000000000000002 545.00000000000011 5.5000000000000009 -0.6860696339363076 1 12.450000000000001 0.075000000000000025 84.500000000000014 4.5000000000000009 24.450000000000003 0.31980312655944049 10.500000000000002 0.6708440170940172 -1.116666666666666 -0.65072694900074535 0.2365074552157633 0.20779553950410803 -1.3616905355832483 39.046543188801643 36.550000000000004 0.2713389038039517 8.5000000000000018 0.40846264024826934 2 35.901851851851866 -1.4961035582395235 71.500000000000014 34.251666666666672 5.5000000000000009 0.040446584494346967 0.35504201680672276 2.6083333333333338 0.53175265997595611 18.500000000000004 2.7583333333333337 3 0.64495798319327746 0.3367312301702759 4.5000000000000009 0.47866809116809123 39.196875000000013 1.0000000180025095e-35 0.39230769230769241 635.50000000000011 6.5000000000000009 15.500000000000002 0.20344827586206901 0.51684878984014604 -0.11269144952175547 0.37129837236339486 0.72474747474747481 0.16252231512926132 0.12012499512499514 0.2331774475524476
decision_type=2 2 10 2 2 1 10 10 10 10 10 8 1 10 10 10 2 8 8 2 10 10 8 8 10 10 10 10 8 2 10 1 10 10 10 8 2 8 10 10 10 2 10 1 8 8 2 10 10 2 10 2 2 2 8 8 10 10 8 8 10 8
left_child=2 -2 3 4 5 19 -6 39 9 10 12 15 13 28 -15 -12 18 -18 -14 54 -11 22 -19 24 25 -24 27 46 29 30 41 -31 44 -10 43 -8 -35 38 -22 60 -29 42 -5 57 -30 47 -25 -46 -45 50 51 52 -38 -52 55 -1 -34 -20 -21 -60 -7 -62
right_child=1 -3 -4 8 6 7 35 -9 33 20 11 -13 16 14 -16 -17 17 21 34 58 37 -23 23 26 -26 -27 -28 40 32 31 -32 -33 56 36 -36 -37 49 -39 -40 -41 -42 -43 -44 48 45 -47 -48 -49 -50 -51 53 -53 -54 -55 -56 -57 -58 -59 59 -61 61 -63
leaf_value=-0.0054027025676239232 0.02076905395219171 -0.012605152760164216 -0.023837643519279573 0.0084383216635839191 -0.014181669930936487 -0.01411459350438919 0.01006860567192315 -0.01129453419140037 -0.018493320244411617 -0.022069644134743632 0.071034751503008239 0.0042722622945645635 -0.0050509958777300301 -0.017765570924190739 -0.0041666879570126667 0.010289053866610394 0.028982465062469761 0.030159914843677318 0.015043683005753034 0.019119543936413283 -0.012622852400192244 0.00062233464520879047 -0.0093472822286055461 0.012520816964622129 -0.010369919138367441 0.010840145227540459 -0.0015682042588536929 -0.0090572565620717915 -0.010573808683045411 0.0087515277797568444 0.03252012121769015 -0.0090030246362820376 -0.00049533975046110886 0.016309719286563822 -0.0098228621590540979 -0.004491264127731048 0.03328932830567867 -0.021963716495958407 0.05265542658982604 -0.015392740813246189 0.018229014077489 -0.021487022634041918 -0.014764130713369149 0.0026188887522340214 0.0016933878738143026 -0.0079301261924780795 0.030973288462593264 0.026905513861943803 -0.01516724017703865 -0.011977313897947919 0.0097136204844641832 -0.0055452290587164619 0.0011084135245021324 0.035566829652655577 -0.013202986187846414 0.035466737766742674 -0.030539314487668213 -0.0099477729653076243 -0.013473888432092421 0.0096442807043494692 -0.010386734091577038 0.0040132326461899993
leaf_weight=41.238695335574448 40.17643828690052 445.05212406255305 67.269128683954477 764.25901346839964 344.82472159340978 95.240897065028548 141.2032307498157 289.39641753956676 42.440793421119452 134.3627329589799 17.41070819273591 1563.385528948158 1068.119121266529 247.51312380097806 603.32003139518201 16.953991033136845 54.6586206369102 64.021196915768087 282.76585781946778 208.93136111553758 13.587801410816612 1750.5615247692913 129.68862939439714 157.26499033160508 216.35518662072718 409.8073110114783 144.0752167198807 86.385326974093914 283.3394463006407 142.85419697780162 52.846786290407181 422.10819939523935 42.908470887690783 273.21177569031715 177.25423585623503 2045.5273847784847 48.19642112404108 19.717617923393846 17.40505900233984 100.84950706642121 59.941868782043457 32.940770342946053 51.010722684673965 935.58731276914477 843.25636467710137 316.76847634464502 148.88180148229003 41.02105699852109 86.330283598974347 81.040556114166975 171.13428518548608 235.40705543011427 56.932673901319504 47.284124823287129 115.98313400242478 26.243394326418638 75.156119577586651 45.338636048138142 61.89117830619216 254.8652933742851 160.79097887128592 1277.4203423280269
leaf_count=492 351 4299 560 5075 4943 1093 821 3368 262 1134 207 10752 9669 1877 5075 221 311 634 1678 1749 289 13546 807 801 1193 2301 741 475 1503 1052 242 3160 226 1448 971 15063 311 135 195 935 280 287 469 5200 4442 1428 755 255 458 465 839 1399 353 233 809 147 364 207 415 1606 755 9265
internal_value=-0.000162002 -0.00980477 0.000102788 0.000195433 -0.00205065 0.000786539 -0.00500051 -0.00142447 0.00112537 0.000657391 0.00090257 0.00511399 0.000211014 -0.00206314 -0.00813891 0.0422039 0.00174335 0.00383467 -0.00085307 0.0067035 -0.0142818 0.00339163 0.00681137 0.0056846 0.00129176 0.005979 0.011239 0.0153115 -0.000376334 0.00283473 0.00744013 -0.00451059 -0.00331395 0.00675974 0.00208418 -0.00354692 0.0079523 0.00638073 0.0245363 0.000320414 0.00216823 0.0058411 0.00697026 0.00365366 -0.00199695 3.35324e-05 0.021566 0.00289203 0.0010923 0.00436467 0.00675119 0.00114482 0.0160364 0.015447 -0.00437207 0.010777 -0.0197162 0.0112293 0.0106971 0.00509902 0.00136317 0.00239723
internal_weight=18191.7 485.229 17706.5 17639.2 5164.41 2632.85 2531.56 1923.7 12474.8 11519.2 11334.1 1597.75 9736.34 3919.3 850.833 34.3647 5817.04 3221.64 2595.4 709.153 185.073 3166.98 1416.42 1352.4 755.851 539.496 596.549 452.474 3068.47 1466.02 901.057 564.962 1602.45 955.648 1527.28 2186.73 913.207 50.7105 30.9929 1634.3 146.327 848.211 815.27 1350.02 1484.39 1201.05 306.147 884.277 1021.92 639.995 558.955 340.536 105.129 218.418 183.465 67.4821 118.065 328.104 525.688 316.756 1533.45 1438.21
internal_count=130396 4650 125746 125186 41461 20634 20827 15416 83725 78415 76662 11180 65482 25455 6952 428 40027 21844 18183 5218 1753 21533 7987 7353 4301 3108 3052 2311 18503 10285 6073 4212 8218 5310 8514 15884 5048 619 484 12048 755 5831 5544 7543 7628 6125 1556 4697 5658 3600 3135 2063 664 1072 1448 639 590 1885 3770 2021 11113 10020
cat_boundaries=0 1 2 3 4
cat_threshold=344 2 56 18
is_linear=0
shrinkage=0.05


Tree=109
num_leaves=63
num_cat=3
split_feature=9 33 100 32 47 41 33 6 39 87 82 55 21 20 110 67 102 4 43 38 110 7 28 58 12 48 2 110 62 55 81 51 68 64 33 104 102 61 40 105 1 6 61 6 67 107 58 70 104 30 91 9 102 56 30 33 56 21 91 23 48 55
split_gain=17.9316 17.647 14.5703 14.38 14.1201 20.8358 21.5489 17.6854 16.7964 22.3053 16.6752 15.1038 19.4389 16.9333 15.6773 15.0409 15.0382 14.0167 13.9575 13.7679 13.6767 13.1428 12.5987 12.1523 12.0835 11.5798 11.3745 12.5489 13.2389 12.7234 10.9649 10.8022 10.7692 12.7454 10.7107 10.5412 10.396 10.3423 11.2654 10.3018 10.2371 9.88741 9.75944 9.75837 10.8807 9.7531 9.68278 9.68081 9.62796 9.54808 15.0109 14.2418 14.4888 12.6349 10.628 9.70844 9.50121 12.5289 9.42336 11.2516 17.6728 13.6979
threshold=329.50000000000006 391.00000000000006 6.5000000000000009 60.250000000000007 1.6250000000000002 1.5000000000000002 469.00000000000006 34.383333333333347 1075.0000000000002 0.47366555719921105 0.11976190476190472 1.1313821971699098 0.1728954845777276 759.50000000000011 0 37.150000000000013 0.2462723621218634 0.52977994227994241 4.5000000000000009 0.56696428571428581 1 1.0000000180025095e-35 0.16868694289352534 -0.14827317908456658 1.0000000180025095e-35 0.30277777777777787 0.078461538461538485 2 0.028535118182377518 1.1107444210849444 -0.28782736074777887 -0.60564458019915013 12.050000000000002 0.56871423108431751 499.00000000000006 39.833508771929836 0.12050155017463994 0.17752100840336138 8.5000000000000018 0.071714285714285717 0.46291208791208799 39.283333333333346 0.93095238095238109 37.241666666666681 25.450000000000003 34.701282051282057 1.099201358131207 -0.67999999999999872 38.832753404478581 0.24468474787623726 1.0000000180025095e-35 28.500000000000004 0.24868003635126926 0.41837956921186759 0.26340417573294289 451.00000000000006 0.21592294866057174 0.16927268551446187 0.078461538461538485 0.15688570510171285 0.44722222222222224 0.051535341649091994
decision_type=10 2 10 2 8 2 2 10 2 10 10 10 8 2 1 8 8 8 2 2 1 8 10 10 10 10 10 1 8 10 8 10 10 10 2 8 10 8 2 10 10 10 8 10 8 10 10 8 8 10 8 10 10 8 10 2 8 8 8 8 10 8
left_child=1 -1 3 4 5 6 18 46 9 17 15 12 19 14 -14 16 22 -6 24 20 -9 35 36 -21 37 -24 27 30 34 -30 41 40 -32 -34 -29 -10 -7 -3 -39 -19 -27 -4 47 -22 -45 -25 -8 -17 -43 56 51 53 55 54 -51 -53 57 58 59 60 -40 -61
right_child=-2 2 26 -5 8 10 7 11 21 -11 -12 -13 13 -15 -16 42 -18 39 -20 23 43 -23 25 45 -26 31 -28 28 29 -31 32 -33 33 -35 -36 -37 -38 38 49 -41 -42 48 -44 44 -46 -47 -48 -49 -50 50 -52 52 -54 -55 -56 -57 -58 -59 -60 61 -62 -63
leaf_value=-0.02992404140379883 -0.024998227935346135 -0.01314635591583615 0.0073657795552472261 0.033688842086730987 -0.010762154541524844 0.019359909796526437 0.025686074193525261 -0.016150041518331323 -0.0038475130580514828 0.054632018702715793 0.008628776109171999 0.015017441896606558 0.0048645935908767524 0.0052987387557978174 -0.010510647578132346 -0.021194115893113843 -0.0046370669293098569 -0.0051978583242608253 -0.011036861774209247 -0.014854351206311176 -0.0018221161008955813 -8.4925669654364584e-05 0.033769361108960595 -0.0014035902681353268 -0.029059735644837815 0.037018113535208036 -0.010654512811414076 -0.018801103096827577 -0.0035298287753597691 0.025043156311290574 0.0078389274557732792 0.00090910008123411983 -0.016414453408489502 0.014936994400040435 0.0056998310865183964 -0.018296915670514977 -0.015310834797108673 0.020443403647452129 -0.012663256562083273 0.038057418674833754 0.0088489711784978057 0.012095645258622563 0.0033688234254986337 0.045332997354319976 0.010836397939197773 0.023909655511008061 -0.00076264596226083183 -0.0061544712164387193 0.06096791777747404 0.013110305633371644 0.0020305168480627507 0.053816325258508581 0.0071330419493945869 0.022758099071319149 -0.025952649659441995 0.017568194357173241 0.003180395496053002 -0.0090537836008322131 -0.0039146771080115798 0.058138734710528342 0.035731281195806847 0.00055095634470357462
leaf_weight=48.124926554039121 71.004427706822753 109.08696622774005 174.4674710072577 31.659451432526112 61.560541149228811 28.0584118636325 170.41566985659301 59.373529507778585 2043.9226061878726 28.198188301175833 348.32939237449318 357.55392702203244 256.51509750448167 963.48216188326478 439.81275797821581 115.64321574475616 434.10249978490174 20.802470788359642 238.5540075218305 25.539141244255006 135.18631955888122 4971.4313518861309 53.882838429883122 43.838456308469176 30.923082645982504 50.76984865963459 498.42762030754238 240.30811396520585 308.79096535872668 43.565920660272241 160.7190846465528 184.20468668080866 149.56820363365114 40.466407598927617 54.231704702600837 133.64565531723201 84.019687130115926 83.641844764351845 55.734589988365769 38.466429254040122 87.931983195245266 22.899689855054021 247.12031372450292 25.77436912432313 165.44647877383977 282.08003920037299 43.286042250692844 1329.010661708191 17.933070804923773 28.752949176356196 661.20058898814023 50.753890641964972 54.521510888822377 49.40251736715436 41.356959202326834 30.821933792904019 907.47282226383686 504.32044917531312 163.01473393291235 24.74727385956794 27.273672003298998 17.272502964362502
leaf_count=692 623 1665 1538 167 313 296 903 514 14001 166 2330 1961 1434 5274 2437 861 2714 260 1658 443 1056 34612 593 312 294 256 3892 4586 2588 282 1529 1334 2861 343 854 1122 732 442 895 305 401 267 1173 217 1426 2092 216 8831 198 240 3560 446 424 261 304 235 4983 3491 1635 286 293 200
internal_value=-9.6017e-05 3.05057e-06 8.44897e-05 0.000544305 0.000477899 0.00180191 0.00348479 0.00652385 -0.00115676 0.0154007 -0.0016326 0.00544421 0.00401056 0.00100768 -0.00492879 -0.00300237 0.00213032 0.00587196 0.000553681 0.0107607 0.00422141 -0.00150402 0.0081368 0.0179062 0.0015307 0.0125073 -0.00430349 -0.00168709 -0.0063832 6.38512e-05 0.00372832 0.00886598 -0.00166141 -0.00969516 -0.0142859 -0.00474232 -0.00653667 0.00187763 0.00248922 0.0230411 0.0193511 0.0126484 -0.00580218 0.00820758 0.0156978 0.020511 0.0203502 -0.00737221 0.0345039 0.00190772 0.00601733 0.0162821 0.027282 0.00363332 -0.00997336 0.0404992 -0.000311043 -0.00430866 0.00400192 0.0142729 0.00347359 0.03503
internal_weight=18170.4 18099.4 18051.3 16339.9 16308.3 9010.23 6047.16 2968.3 7298.03 149.028 2963.07 2754.6 2397.05 1659.81 696.328 2614.74 922.97 120.829 3078.85 737.238 385.781 7149 488.867 351.458 2840.3 376.789 1711.38 1212.95 646.897 352.357 566.054 322.907 350.754 190.035 294.54 2177.57 112.078 2809.38 2700.29 59.2689 138.702 215.3 1691.77 326.407 191.221 325.918 213.702 1444.65 40.8328 2616.65 916.81 255.61 136.097 119.512 70.1099 81.5758 1699.84 792.363 288.043 125.028 83.0083 42.0198
internal_count=130317 129694 129002 110064 109897 59118 39597 18285 50779 1044 19521 17166 15205 9145 3871 17191 6326 878 21312 6060 3213 49735 3612 2847 19654 2584 18938 15046 8310 2870 6736 1991 4733 3204 5440 15123 1028 19360 17695 565 657 2003 10865 2699 1643 2404 1119 9692 465 17253 5470 1910 1105 805 544 681 11783 6800 3309 1674 1188 486
cat_boundaries=0 1 2 3
cat_threshold=162 584 796
is_linear=0
shrinkage=0.05


Tree=110
num_leaves=63
num_cat=0
split_feature=13 9 66 27 54 0 70 2 20 22 92 46 5 67 96 10 32 5 33 66 46 67 4 99 47 47 8 81 27 67 81 82 101 47 72 20 39 49 46 45 50 32 38 3 21 33 5 34 55 103 67 21 70 29 61 51 104 62 28 5 62 66
split_gain=18.8789 16.8428 12.8737 14.5439 14.5354 14.2856 12.7152 20.1345 14.6224 15.3543 15.7488 14.271 13.8303 12.6868 12.6056 12.4629 21.5184 12.8997 13.6153 12.4035 13.8122 12.7577 13.9773 12.1676 12.6119 12.011 13.0525 15.0297 11.9841 11.5557 12.282 15.0759 17.8212 12.0307 11.2951 15.3752 15.0013 13.4604 11.0778 10.8888 10.7978 10.7598 10.7097 11.0321 13.59 16.4905 14.7827 10.8147 11.6825 10.5914 10.4474 11.3326 10.4188 10.1501 10.025 11.1987 10.0126 9.9806 10.5685 12.0568 9.9781 15.4275
threshold=1.0000000180025095e-35 329.50000000000006 5.5000000000000009 0.28338922753622958 0.98611111111111127 3.5000000000000004 -1.0999999999999985 0.10620300751879701 530.50000000000011 0.052931037696331999 14.500000000000002 1.4833333333333341 0.70837339743589756 26.050000000000004 34.151190476190486 -194.99999999999997 57.250000000000007 0.33143398268398278 481.00000000000006 1.5000000000000002 2.7083333333333344 41.050000000000004 0.34578523328523331 13.350000000000003 0.15000000000000005 2.2500000000000004 0.34313725490196084 -0.51767454885483355 0.25168660697217871 39.050000000000004 1.2047009961892587 0.15902729215229219 2.4000000000000026 2.2500000000000004 1.0000000180025095e-35 1050.5000000000002 1950.0000000000002 0.56331095297312028 1.2416666666666671 10.500000000000002 0.42582417582417587 55.750000000000007 0.97222222222222232 0.3321911884411885 0.23649378320004674 487.00000000000006 0.22691391941391945 4.5000000000000009 -0.91478989870616356 0.27589580943383502 37.95000000000001 0.20005452562704476 -0.89999999999999936 0.31529496647143712 0.47140522875816998 -0.86048871800759053 37.599771646646651 0.94646662125938863 0.1992225278046422 0.54464420383538048 -0.10938897681052247 3.5000000000000004
decision_type=10 10 10 8 10 2 10 8 2 10 2 8 10 8 8 10 2 10 2 8 8 8 10 8 8 8 10 10 10 10 10 10 8 10 8 2 2 8 10 2 10 2 2 8 8 2 10 2 10 10 10 8 10 10 8 10 8 10 8 10 8 10
left_child=1 2 6 4 -4 50 7 15 23 13 60 -12 14 -10 -9 16 17 -1 -19 21 28 22 -17 -8 -25 26 57 39 49 30 31 33 40 52 -16 37 -37 -36 -20 -28 -33 -24 43 -2 46 -46 -45 -48 -49 -21 51 -5 -26 -54 -39 -56 -14 58 -15 -60 61 -11
right_child=42 -3 3 5 -6 -7 8 12 9 10 11 -13 56 25 34 19 -18 18 38 20 -22 -23 41 24 29 -27 27 -29 -30 -31 -32 32 -34 -35 35 36 -38 54 -40 -41 -42 -43 -44 44 45 -47 47 48 -50 -51 -52 -53 53 -55 55 -57 -58 -59 59 -61 -62 -63
leaf_value=0.022422964754712504 0.011205469632052373 -0.02724785430387169 0.0023100508099303052 0.048671023909609347 -0.020116293595653166 -0.00074630663788885997 0.025942875523199266 0.014006733466309877 0.010983979717571262 -0.014921786018503009 -0.022748254527038866 0.013949960575731293 -0.027796816944166042 0.037871682708419202 0.004558870536123116 -0.0024329910279874967 -0.0089460614380208123 0.001410380982017376 0.036469730204922952 -0.0035104162552271204 -0.025389497304325728 0.002782730472845738 0.012527994607462607 0.0047734406054111963 -0.017945772056517244 -0.0082212246939187932 0.036480119160459339 -0.0080207188056418497 0.0086697574267483504 -0.01382019668671278 -0.018879709542399325 0.010185084689113631 -0.018586631118607221 -0.014831526229433931 -0.0092516975370268203 -0.0080577356697564394 -0.033531731236810781 0.020402496036899476 0.0038779538169336405 0.0040576213691999865 0.04862522747679715 0.056674926122311564 0.017526617701140983 0.027754042282905629 0.0027769669420229909 -0.01296174727962969 0.0079158652195658128 -0.039541938426223111 -0.001199319997327258 -0.027853572558217573 0.0037271171365023791 0.018438299005852442 -0.00037116873288615254 -0.013256373469706732 0.0015195334927653927 -0.012981312561647577 -0.0019719600601620937 -0.0017194070568785505 -0.0016367115562778149 0.03402766952976416 -0.00012965148470715429 0.00091453747035287426
leaf_weight=229.55342398583889 389.44517590850592 56.972741881385446 1586.1255722837523 38.844804456457496 74.701922234147787 151.45168593898416 30.220559725537896 125.45416596531868 437.91621853690594 314.87989649921656 153.10036299936473 31.283849989064038 87.382929138839245 56.862372662872076 511.46743204258382 36.699775665998459 134.61652330774814 271.05128715373576 59.942170763388276 335.65844448655844 68.338410956785083 2155.7711509680375 25.819867604412138 270.19536589551717 109.89258877467364 268.64483317825943 33.973625810816884 264.03452526126057 185.28790606092662 450.7536494359374 145.82730858307332 41.599951323121786 28.315080678090453 260.75049477256835 440.1486210078001 359.38167262263596 68.155189149081707 61.19497337192297 46.026026543229818 100.96469064150006 32.56467564497143 30.533131010830402 154.17225240450352 74.511365711688995 446.11239019595087 264.21630306914449 431.0065987482667 23.739043210633099 101.20038800686598 50.623410571366549 85.472188092768192 153.23199863545597 1201.0585777787492 174.13094439078122 1160.8668660707772 149.37697344273329 65.519256306812167 71.241721794009209 66.847233265638351 35.639217872172594 2588.6161124762148 299.49026736430824
leaf_count=1283 1741 527 12587 364 483 918 172 617 3975 3338 1045 238 562 381 3374 174 887 1906 391 2953 750 11434 262 2530 940 3347 366 3980 1289 5118 2363 212 278 2841 2607 1885 357 333 337 1025 330 256 899 498 2360 1401 3486 248 833 373 575 801 11483 1188 5935 721 429 326 398 236 14422 2890
internal_value=0.00020326 -0.000345439 -0.000249256 0.00341256 0.00128984 0.0116083 -0.000791131 0.000797439 -0.00220735 -0.000520417 -0.00231072 -0.0164801 -0.002212 0.00401674 -0.00143005 0.00330855 0.00908806 0.0130985 0.00737688 0.00182301 -0.00431435 0.00357056 0.0215987 -0.00510859 -0.00546364 0.000611462 0.00438757 -0.00109055 -0.00175461 -0.00659647 -0.00495751 -0.00384947 0.0146996 -0.00494608 -0.00213895 -0.00367024 -0.0121874 -0.00165456 0.0224825 0.012429 0.027486 0.0370188 0.00493972 0.00380869 0.00165347 -0.00308725 0.00699121 0.00416361 -0.00874072 -0.00676434 0.0183284 0.0247729 -0.00320159 -0.00201118 0.000788624 -0.000142304 -0.0168155 0.0138297 0.0207488 0.0109744 -0.00149015 -0.00721303
internal_weight=18158.9 16274.5 16217.5 2089.83 1660.83 429.001 14127.7 6658.87 7468.8 4723.49 3387.37 184.384 3028.95 1336.12 2876.05 3629.92 741.189 606.573 377.019 2888.73 639.908 2248.82 93.0528 2745.31 2715.09 898.208 629.563 398.973 571.57 2444.89 1994.14 1848.31 102.48 1745.83 2750.59 2239.12 427.537 1811.59 105.968 134.938 74.1646 56.353 1884.4 1730.23 1340.79 710.329 630.457 555.946 124.939 386.282 277.549 192.077 1485.08 1375.19 1371.44 1310.24 152.902 230.591 159.349 102.486 3202.99 614.37
internal_count=130258 118792 118265 15728 13070 2658 102537 39115 63422 35967 21933 1283 16820 14034 15829 22295 4804 3917 2634 17491 5365 12126 692 27455 27283 10059 6712 5371 4615 24753 19635 17272 820 16452 15212 11838 2242 9596 728 1391 542 518 11466 10567 8826 3761 5065 4567 1081 3326 1740 1165 13611 12671 6989 6656 991 1341 1015 634 20650 6228
is_linear=0
shrinkage=0.05


Tree=111
num_leaves=63
num_cat=2
split_feature=51 40 4 11 104 50 103 17 54 55 55 46 39 57 8 54 24 26 49 105 53 21 8 52 33 10 57 27 48 53 107 81 39 82 110 50 94 55 57 49 46 82 12 10 49 64 59 41 4 62 24 110 37 51 54 81 55 88 66 37 46 26
split_gain=15.3656 15.7179 13.5305 18.5456 20.8339 14.9966 21.8137 14.4643 13.7008 23.9456 19.15 13.13 12.9223 12.4829 12.7699 11.829 11.49 11.144 11.3346 11.1292 10.9467 16.5969 13.2953 13.4841 12.8526 14.61 16.664 13.8856 12.3746 12.3256 12.2409 12.2212 10.8918 11.5216 10.61 10.5778 11.0007 10.7183 12.1211 11.2021 9.91327 9.82816 9.70365 9.68839 9.41225 9.3568 11.5818 10.2446 10.5423 10.0955 10.4568 9.97872 12.6017 9.51833 9.2369 13.0706 10.7561 10.1106 9.23357 9.21882 9.18286 9.10721
threshold=1.6378701509253859 15.500000000000002 0.6494378306878309 1.0000000180025095e-35 37.000925925925934 0.60357142857142865 0.20635197747627917 0.30602006688963218 0.87083333333333346 1.0736250723834104 1.3577502847610383 2.3416666666666672 1175.0000000000002 0.81687887050548313 0.42261904761904767 0.92582417582417598 0.79285714285714304 0.16063170271136926 0.17472056719232193 0.36383572567783101 -0.95975498674251469 0.13671007091511972 0.38675213675213682 0.46966911764705888 487.00000000000006 -144.99999999999997 -0.34101438015453234 0.23445147080450496 0.39642857142857152 -0.5174247547809786 35.18949874686718 -1.6120226594854434 2050.0000000000005 0.060713959243370925 0 0.89642857142857157 10.500000000000002 1.6016075962995344 -0.77318042786720875 -0.63967573681194623 0.48333333333333361 0.22033300033300032 -1.0000000180025095e-35 -104.99999999999999 -0.27734228624751395 0.74109352814536633 0.083479879953079303 1.5000000000000002 0.46668447293447307 -0.099446592585526433 0.16025641025641027 1 3.5000000000000004 0.1128356435695639 0.53033088235294124 1.0910067482061081 -0.03343840629390931 1.0000000180025095e-35 3.5000000000000004 12.500000000000002 1.1750000000000005 0.1123724358313576
decision_type=10 2 10 2 10 10 8 10 8 8 10 10 2 10 10 10 10 10 10 10 8 10 10 10 2 8 8 10 10 10 10 8 2 10 1 10 2 8 8 10 10 10 8 10 10 10 10 2 10 10 10 1 2 10 10 10 8 2 10 2 10 8
left_child=1 2 3 8 7 6 -4 -5 9 11 13 41 -7 14 -10 -12 20 18 32 -6 31 22 -22 30 29 26 27 -26 -28 60 -24 -3 -14 -34 -33 37 -37 38 39 -19 43 42 -1 -2 -30 51 58 48 -48 -49 -51 52 -44 -50 56 -56 -27 -58 -47 -53 -23 -31
right_child=40 16 5 4 19 12 -8 -9 10 -11 15 -13 17 -15 -16 -17 -18 35 -20 -21 21 24 23 -25 25 54 28 -29 44 61 -32 34 33 -35 -36 36 -38 -39 -40 -41 -42 -43 45 -45 -46 46 47 49 53 50 -52 59 -54 -55 55 -57 57 -59 -60 -61 -62 -63
leaf_value=0.016985544287167451 -0.026059806028996421 0.034656655196732382 0.053589158473327625 -0.027731965874974326 -0.0038862370781153673 0.032666574926012326 0.0032587168946396671 0.0034314367246119507 -0.0016259116328157239 0.027657002203420097 0.026231309834587543 -0.0038379483754105779 -0.017186683322935693 -0.028913468047053373 -0.014418128527661268 0.0023591747760523516 0.0036594518009190821 -0.004724751111471746 0.03180156806741833 0.02214680345670958 0.012451176331897075 -0.0079000025553390748 0.012778802591655175 0.039409864571312125 0.0097453189865016956 0.00092916636463750654 -0.012551261339777985 0.05889611748058126 0.033027087921567999 -0.015201700957898176 -0.011401279270014386 0.0018011043204885534 -0.010652438919272865 0.044241157757405579 -0.013417220816789081 -0.0038322990728487565 0.036560129754103374 0.043307579623454689 0.0053396001284598989 0.037089010049793252 -0.016590743061538304 0.016623694757006414 -0.010667049786113436 0.028000337822234246 0.0064732701835549722 0.01012810446885889 0.0050550896776324628 -0.021113206388578248 0.029481885516692393 -0.0075083788865849058 0.0094375530848556984 0.003977286147775129 0.00075032268124433817 0.0023238458479580087 -0.0024966125595774673 -0.026794065202568964 0.033165755993373291 0.001514981092256783 0.033804850738709431 -0.0061949262740665185 -0.027604020541853215 -0.0023988069393021437
leaf_weight=120.69472715258598 11.115474133752285 15.173102719709275 40.442004134878516 155.04077683016658 241.24432697147131 40.964360910467803 45.089688174426556 48.636018101125956 740.97815360873938 95.373177330940962 55.183704923838377 715.78538735769689 132.01305148750544 56.764486789703369 263.9667396042496 683.73198730684817 1111.3166030142456 21.060084709897637 16.515698006376624 48.431721229106188 375.87051506526768 202.84860804863274 71.024905590340495 17.437865284271538 28.723127877339721 535.67103807535022 70.092112269252539 28.739772509783506 40.169052492827177 143.96350831259042 191.04499021917582 159.39739887230098 21.502196338959038 15.787845018319784 422.97463421709836 230.37659560702741 17.1812844267115 25.005161583423615 302.26237775944173 63.23886230122298 199.77789300028235 134.92040903680027 325.47219347581267 25.67202324885875 180.4724051207304 132.78950814716518 651.32924354448915 57.760846342891455 92.25984150916338 175.70828826352954 186.78849263489246 2672.2961250944063 930.05134011805058 49.606639254838228 806.73202373273671 58.455215364694595 54.110237004235387 46.724134787917137 59.641656842082739 242.09008449874818 83.250244429334998 3351.2418338479474
leaf_count=604 229 155 339 1109 1616 521 361 267 3836 500 265 4106 2760 254 1596 3450 5533 311 145 263 3198 2108 924 223 344 3949 603 270 253 1461 3125 2053 328 239 6120 3250 224 252 3197 739 4487 740 1978 531 954 652 2938 357 488 868 850 16287 5641 329 4757 457 349 291 302 1641 1000 23120
internal_value=0.000425604 0.000593197 0.00192396 0.00131431 -0.00809879 0.0075251 0.0274008 -0.02031 0.00186523 0.00291381 -0.00200248 0.00254921 0.00557744 -0.00630171 -0.00499701 0.00417504 -0.00105592 0.00422704 -0.0065626 0.000527514 -0.00181755 -0.00120217 0.0063225 -0.00193411 -0.00207889 0.0013358 0.010548 0.0349148 0.00562883 -0.00374933 -0.00482445 -0.00827895 -0.0104698 0.0131368 -0.00945508 0.00727417 -0.000893129 0.0121771 0.0100568 0.0267099 -0.012207 0.00333373 0.0030161 0.0114085 0.0114347 0.00271072 0.00623684 0.00442133 0.00776214 -0.00188758 0.00122552 0.00152068 -0.00219807 0.0200682 -0.000805827 -0.00416728 0.00376268 0.0186585 0.0176032 0.00311977 -0.0137097 -0.00293034
internal_weight=18140 17903.4 9907.99 8936.55 493.353 971.439 85.5317 203.677 8443.19 6642.57 1800.63 6547.19 885.908 1061.71 1004.94 738.916 7995.43 844.943 185.819 289.676 6884.12 6286.57 655.378 279.508 5631.19 1849.89 348.196 57.4629 290.734 3781.3 262.07 597.545 169.303 37.29 582.372 659.124 247.558 411.566 386.561 84.2989 236.565 5831.41 5696.49 36.7875 220.641 5575.79 1405.88 1213.45 793.196 420.258 362.497 4169.91 1255.52 141.866 1501.69 865.187 636.505 100.834 192.431 2914.39 286.099 3495.21
internal_count=130097 124850 63603 50937 3255 12666 700 1376 47682 38281 9401 37781 11966 5686 5432 3715 61247 11445 3472 1879 55714 47386 7470 4272 39916 12227 2424 614 1810 27689 4049 8328 3327 567 8173 7973 3474 4499 4247 1050 5247 33675 32935 760 1207 32331 6784 5830 3755 2075 1718 25547 7619 817 9803 5214 4589 640 954 17928 3108 24581
cat_boundaries=0 1 2
cat_threshold=376 132
is_linear=0
shrinkage=0.05


Tree=112
num_leaves=63
num_cat=4
split_feature=40 9 72 10 68 48 79 33 110 9 64 64 29 106 38 30 67 9 6 20 107 110 55 5 69 21 57 41 104 21 49 34 53 54 30 8 106 29 107 60 57 61 29 52 99 4 104 110 64 107 57 99 47 29 69 68 95 114 4 35 42 82
split_gain=15.7741 15.0242 14.6438 15.5023 13.0898 17.2994 13.7488 10.9063 20.56 14.3593 11.3942 11.2625 11.5146 11.4055 14.1824 12.6261 10.8678 11.8668 10.9614 10.7141 11.5216 10.5056 10.2974 10.2757 10.1464 10.118 11.7124 11.629 10.8408 9.82392 13.2873 9.81134 9.78089 9.47524 9.39478 9.33099 11.1766 9.31414 9.30749 9.23518 10.806 10.428 14.2797 9.14978 9.02485 8.94613 8.93017 17.4271 10.5017 9.64559 12.4798 9.26084 9.9162 8.88365 19.9611 10.2968 12.8971 9.43328 10.2554 8.86456 8.81857 10.7025
threshold=8.5000000000000018 329.50000000000006 1.0000000180025095e-35 995.00000000000011 12.15 0.19722222222222227 0.31009615384615391 475.00000000000006 0 85.500000000000014 1.362019067644203 0.95824153535835765 0.19753508349999579 0.2856824548001019 0.20714285714285716 0.31589473684210528 37.95000000000001 64.500000000000014 35.08333333333335 59.500000000000007 40.073003033367044 1 -0.77387074408617618 0.2848640248640249 -0.88313008130081438 0.093485907110719649 -0.440421620810172 1.5000000000000002 37.577835348301676 0.18574559520743308 -0.5113612130133679 4.5000000000000009 0.47960388156989903 0.73205128205128212 0.24996433666191156 0.57738095238095244 0.34792185405094816 0.27159019797474121 35.433514492753638 -1.640584320947972 -0.16893435565579407 0.21651785714285718 0.23612059940531055 0.12132352941176472 35.250000000000007 0.64585113960113982 38.362518011527385 2 0.77412710163679443 34.800359712230225 0.0965767822390491 36.050000000000004 0.15000000000000005 0.11772405297197415 -0.2197222222222219 12.250000000000002 36.45000000000001 3 0.31251780626780634 1.5000000000000002 1.5000000000000002 0.017045454545454645
decision_type=2 10 10 10 8 10 10 2 1 10 10 10 10 8 2 10 8 10 10 2 10 1 10 8 10 8 8 2 10 8 10 2 10 8 10 10 8 10 10 8 8 10 10 10 8 10 10 1 10 8 8 8 8 8 10 8 8 9 10 2 2 8
left_child=-1 2 3 7 16 6 -6 8 10 11 34 12 -10 14 23 19 17 21 24 33 -21 29 32 -14 -18 26 -9 35 -29 30 -4 46 -11 -16 -2 36 -28 -20 -8 44 41 -41 -43 -27 -15 59 47 49 -48 50 -7 52 -49 54 55 56 -45 58 -57 -36 -55 -62
right_child=1 -3 4 -5 5 31 38 25 9 22 -12 -13 13 39 15 -17 18 -19 37 20 -22 -23 -24 -25 -26 43 27 28 -30 -31 -32 -33 -34 -35 45 -37 -38 -39 -40 40 -42 42 -44 53 -46 -47 48 51 -50 -51 -52 -53 -54 60 -56 57 -58 -59 -60 -61 61 -63
leaf_value=0.0068303155546605354 0.0029329611164736593 -0.024928386562810562 0.062509626976472832 -0.026053150942870973 -0.019852624318369705 0.038964696118333544 -0.023494445924915563 -0.016027076764764725 -0.0065621043051922031 -0.035126962348932922 -0.010747907730397356 0.0032586327070765657 0.018604675226148764 -0.00076818774704566484 0.034311882009692041 0.023342085397872844 0.022318984996451404 0.013283264341695335 -0.016297044818406801 0.0026265324674209136 -0.031343412155921346 -0.0038304300923963936 -0.0067655093632069258 -0.012615164207424145 -0.0054894157297813023 -0.011437677770680282 0.0072212104195211015 0.014858695198472381 -0.029651321181908726 0.0027839096649340781 0.0069411540923654319 -0.011575098502055167 0.00012542816178599865 -0.0013532211194053341 0.023357704286888388 0.046309245327926185 0.038622919147379552 0.004454894557818348 0.014206189868359182 -0.0095364845346160004 -0.0044634403367015459 0.040876049054749342 0.0051685488802820654 0.060766896079861812 -0.036288052654442432 0.037140040352087164 -0.0012799206043270241 0.024617475063999025 0.014632477444002569 -0.0016038052645512312 0.0029030243946896392 -0.015241820359651362 -0.0063735751811052014 0.0092354446593416375 -0.017295579350903516 0.015870153913900863 0.014954677143771376 0.01633294558652457 -0.023974239119223736 0.0053481533600537312 0.0045858049670956186 -0.00052221444628199997
leaf_weight=733.05856891348958 825.79952134657651 62.501131623052061 18.799406920559704 55.288398809731007 323.68288287706673 39.987268635071814 21.944239219650626 33.08382152300328 1287.4876680718735 65.458424624055624 110.46690900996327 1012.6997715737671 29.211690800264478 31.273302428424358 48.38128106482327 82.235496390610933 54.588369182310998 238.58614521287382 222.67581175081432 1010.6087429216132 24.595458371564746 425.13058748841286 540.77598137035966 210.45827515609562 79.291484176181257 136.74282757006586 101.32252484932542 30.184711271896958 23.406710697337985 81.970833890140057 24.181769079528749 320.62474208138883 27.941751699894667 29.77973635494709 91.349821619689465 31.027438442222774 38.69077205657959 70.823446235619485 56.245430396869779 57.384577995166183 1408.7199356947094 38.950888924300671 94.793542917817831 24.126192910596728 40.903301948681474 32.421066172420979 345.83954070974141 29.41345336381346 147.00189814344049 178.96741277817637 58.283786421641707 344.67654326930642 169.71272121369839 318.35017086751759 55.888463641516864 27.109777377918363 41.959418787620962 136.47569949086756 37.131828892976046 266.26718585751951 1345.2063038367778 4303.4305034196004
leaf_count=3948 6081 572 285 491 4774 365 229 717 11510 821 578 5154 227 213 412 602 571 1926 2415 8640 281 3226 4038 1876 723 1307 838 271 220 517 202 2964 179 257 515 405 208 586 552 450 7333 225 553 202 323 447 3776 221 789 1792 341 3448 1358 1863 544 153 374 941 315 1489 8047 25609
internal_value=-0.000349567 -0.000652041 -0.000563207 0.000134147 -0.00358709 -0.00603732 -0.0153191 0.000239028 -0.00108765 -0.00232452 0.00452751 -0.0014927 -0.00258806 -0.000939853 0.00232886 0.00455488 0.000517629 0.00399578 -0.00589517 0.00314752 0.00178997 -4.92491e-05 -0.00944028 -0.0087485 0.00593063 0.00170138 0.0113964 0.0154885 -0.00476864 0.0120883 0.0321147 -0.00374727 -0.0246912 0.0208779 0.00596028 0.0218264 0.016111 -0.0112913 0.00346229 -0.00374544 -0.00294896 0.00817869 0.015794 0.00131087 -0.0211185 0.0123459 -0.00182971 -0.00502111 0.00348636 0.00513646 0.0178215 -0.0101083 -0.00169567 0.0015898 0.00965736 0.0153468 0.0323361 0.00962058 -0.00622096 0.0100008 0.00115197 0.000694842
internal_weight=18155.4 17422.3 17359.8 14107.4 3252.43 2036.38 401.873 14052.1 7367.96 6041.66 1326.3 5407.48 4394.78 3107.3 1435.27 1195.6 1216.05 788.669 427.379 1113.37 1035.2 550.083 634.176 239.67 133.88 6684.14 257.716 224.632 53.5914 124.952 42.9812 1634.51 93.4002 78.161 1215.84 171.041 140.013 293.499 78.1897 1672.03 1599.85 191.129 133.744 6426.42 72.1766 390.038 1313.88 821.041 492.841 277.238 98.2711 543.803 199.126 6289.68 322.691 266.803 66.0856 200.717 64.2416 357.617 5966.99 5648.64
internal_count=130289 126341 125769 94709 31060 20609 5555 94218 52204 43094 9110 38056 32902 21392 12295 10192 10451 6156 4295 9590 8921 4230 5038 2103 1294 42014 2659 1942 491 1004 487 15054 1000 669 8532 1451 1046 3001 781 9097 8561 1228 778 39355 536 2451 12090 7525 4565 2498 706 5027 1579 38048 2529 1985 576 1409 468 2004 35519 33656
cat_boundaries=0 1 2 3 4
cat_threshold=328 18 345 9
is_linear=0
shrinkage=0.05


Tree=113
num_leaves=63
num_cat=2
split_feature=27 54 55 37 94 55 12 17 54 55 4 54 110 65 102 18 54 4 82 82 46 28 55 91 82 37 52 47 40 56 33 13 5 103 38 69 102 59 4 44 45 38 5 23 50 61 110 20 103 63 6 50 107 104 34 63 90 56 55 52 59 58
split_gain=17.6888 15.7129 33.5635 17.2127 16.9918 17.746 13.6733 19.225 13.4478 18.9229 13.3761 13.2152 14.989 13.5952 13.5104 12.8509 12.6673 14.0741 12.5855 12.4781 13.4661 12.7912 12.5375 12.917 12.0302 11.8518 15.0723 11.8485 11.6144 15.4999 12.0203 11.48 11.0546 10.7809 10.7727 10.2436 10.224 11.2568 10.2162 10.7566 10.1418 12.3677 9.95152 10.0414 12.4198 9.84287 11.0356 14.2956 13.5361 12.0933 10.5139 9.73775 10.7677 9.72082 9.71096 9.69948 10.8879 10.1565 9.64794 10.6401 12.9535 12.3856
threshold=0.2597924685741973 0.90312500000000007 1.1107444210849444 7.5000000000000009 9.5000000000000018 1.195441976788763 1.0000000180025095e-35 0.36515151515151517 0.85912698412698429 0.85338331711779181 0.37485560463501649 0.73431372549019625 0 10.500000000000002 0.15627161134163212 0.30901856763925734 0.82843137254901966 0.50003885003885029 0.10416666666666667 0.067658730158730182 0.10000000000000007 0.28736298131351479 0.56407726395161784 0.14642857142857144 0.22033300033300032 7.5000000000000009 0.7958333333333335 0.075000000000000025 11.500000000000002 -0.92350516185777598 405.00000000000006 1.5000000000000002 0.77223290598290617 0.2339199722719999 0.24264705882352944 -0.95244047619047822 0.19787296879516411 0.9010303235206415 0.61669973544973555 5.5000000000000009 14.500000000000002 0.6132478632478634 0.43161879786879792 0.16950603668446718 0.60912698412698429 0.97048611111111127 1 1921.5000000000002 0.22393952219103533 0.56458333333333344 34.641666666666673 0.39642857142857152 34.206250000000004 35.381826045926395 -4.4999999999999991 0.58012820512820518 0.52272727272727282 0.51605841968305544 0.30076836603382751 0.66145833333333337 1.2171561264413475 0.27277522807094307
decision_type=10 10 10 2 2 8 10 10 10 10 10 8 1 10 10 8 10 8 10 10 8 8 8 10 10 2 10 8 2 8 2 10 10 10 2 10 10 8 10 2 2 2 10 10 10 10 1 2 10 8 10 10 8 10 2 10 8 10 10 10 8 8
left_child=6 2 8 10 5 34 11 -8 9 24 -4 12 14 28 -1 -10 17 -11 53 20 -13 -21 25 27 -2 -22 -27 -24 32 40 -31 -32 35 -18 -3 -14 37 55 39 -37 -30 -42 -39 44 -44 46 47 50 49 -48 -9 -33 -53 -17 -7 56 -16 -57 -38 61 -61 -60
right_child=1 4 3 -5 -6 54 7 45 15 16 -12 19 13 -15 36 18 33 -19 -20 21 22 -23 23 -25 -26 26 -28 -29 29 30 31 51 -34 -35 -36 38 58 42 -40 -41 41 -43 43 -45 -46 -47 48 -49 -50 -51 -52 52 -54 -55 -56 57 -58 -59 59 60 -62 -63
leaf_value=-0.0080014803466719117 0.002592920278782268 -0.02085852235432736 0.023828438862077458 0.0085015389309007396 -0.018954278781859017 -0.0072942545867453416 -0.019237568501989974 0.00017480432688324248 0.010394772320041639 0.014542392819661923 0.061522393630222771 0.024222192246118338 0.01005529191260331 -0.020941622615223421 0.022021025672296315 0.0087043484325642663 -0.013479047813838286 0.045556232166734052 -0.035479022861768877 0.0098744458758317395 -0.022706212622028252 -0.0047375604959843621 0.028774122959247202 -0.011999251890005936 0.027135829629498051 -0.016052774875102583 0.013003104943436775 -0.0022351847247787204 -0.019395895679405681 -0.020775167025120347 0.0016679839489407774 0.0014075113687278611 0.025442774338090314 0.019078375189326507 -0.0039296828155479342 0.00058746370579847564 -0.0037455198994874222 0.0033115898524440496 0.019011962917059765 -0.025203022286755535 -0.014028035591408975 0.031709927765139687 0.04907371148848793 0.0093146906911136928 0.0046380859839636945 0.0060901167938466312 0.0080687981666330028 0.012825207633020625 0.015306798377661981 -0.029842872359504502 -0.019068810187033117 0.034632144029274156 0.0075445101717874948 -0.011730175368379895 0.0048939624974424899 0.014452473060047967 -0.012377660909751557 -0.0091123261302587591 0.025428890087492752 0.0026352000538424161 0.028645390051735515 -0.010460216021071184
leaf_weight=755.52331056538969 2805.8125081900507 117.75786078348756 64.776984766125679 92.540043726563454 126.74910470098257 190.57526840083301 230.6682673022151 94.860080175101757 100.86807435564697 103.65666100382805 38.185525248758495 35.256037379615009 483.14627120085061 61.993569877929986 24.895897244103253 79.060083381831646 49.193197075277567 56.871730561368167 41.08130784984678 290.8198295738548 205.41987380385399 306.79886828362942 30.843383957631886 388.41835513524711 49.849845936521888 120.05902220029384 69.782352795824409 944.97320885583758 141.20632721856236 55.76933413092047 3593.4297128301114 112.03515987098217 80.555672317743301 50.568090367130935 453.78282927721739 119.86189436912537 1929.9821843905374 271.37267282512039 42.007760827429593 59.972970755770802 34.306232966482639 24.460597222670913 43.866787382401526 117.44209331739694 24.557995138689876 220.45359984785318 40.63006503880024 55.347447548061609 110.90240228548646 41.878634214401245 280.73444213345647 72.085436816327274 75.104429111815989 213.3683143844828 1114.2594090402126 130.73438963852823 210.14801425486803 69.200777569785714 28.101643059402704 122.58419832214713 77.774841051548719 137.67824391461909
leaf_count=7445 18118 737 308 539 780 1180 2229 482 805 513 255 255 2700 623 287 450 318 467 235 2040 1420 2067 227 2096 324 1028 357 7036 2790 677 28228 514 698 270 2780 670 14269 1986 498 346 475 317 286 776 451 981 238 286 589 219 1608 505 583 1214 6394 878 2401 346 407 633 395 1015
internal_value=-2.69711e-05 0.00226435 0.00417551 0.0242917 -0.00130981 -0.000108464 -0.00109216 -0.00647653 0.00306126 0.00421031 0.0382652 -0.000578821 0.000308127 0.00213619 -0.00198938 -0.0051721 0.0170908 0.0257439 -0.0098972 -0.00387708 -0.00595998 0.00237771 -0.00657817 -0.00430028 0.0030307 -0.0144096 -0.00536017 -0.0012266 0.0024371 0.00137107 0.00206691 0.00240287 0.00800361 0.00304957 -0.00744797 0.0059777 -0.000568901 0.00397046 -0.00290806 -0.00810519 -0.0121715 0.00522157 0.00943951 0.0183209 0.0334221 -0.0029736 -0.00617853 -0.0104831 0.00376276 -0.0113008 -0.0142211 0.0125444 0.0209547 -0.00619472 0.00310961 -0.00178694 -0.00865629 0.00629156 -0.00233375 0.00509786 0.0128239 -0.0042606
internal_weight=18116.6 5748.96 3745.83 195.503 2003.12 1876.38 12367.6 1075.47 3550.33 3115.95 102.963 11292.2 8899.8 4955.94 3943.86 434.378 260.29 160.528 333.51 2392.37 1794.75 597.619 1759.5 1364.23 2855.66 395.261 189.841 975.817 4893.94 4108.4 3908.42 3852.65 785.545 99.7613 571.541 704.989 3188.34 892.219 221.843 179.835 199.973 58.7668 457.24 185.867 68.4248 844.807 624.353 430.942 193.411 82.5087 375.595 259.225 147.19 292.428 1304.83 434.979 235.044 199.935 2296.12 366.139 200.359 165.78
internal_count=130044 35687 23816 1102 11871 11091 94357 6632 22714 20010 563 87725 71199 39624 31575 2704 1568 980 1899 16526 12419 4107 12164 9359 18442 2805 1385 7263 39001 34089 30507 29830 4912 588 3517 4214 24130 7411 1514 1016 3582 792 3499 1513 737 4403 3422 2376 1046 457 2090 1602 1088 1664 7574 3912 2688 1224 16719 2450 1028 1422
cat_boundaries=0 1 2
cat_threshold=197 646
is_linear=0
shrinkage=0.05


Tree=114
num_leaves=63
num_cat=1
split_feature=26 40 57 52 104 70 56 13 10 107 29 41 33 95 8 6 32 4 81 56 68 27 54 71 28 23 1 48 104 58 27 82 0 17 47 97 80 28 28 54 49 102 49 60 40 95 102 87 88 64 82 6 8 82 70 115 81 81 62 40 16 54
split_gain=16.5418 21.5805 20.0486 18.7997 16.5355 13.4042 15.6545 12.8372 14.0845 12.5962 14.8843 11.9569 15.8327 19.4777 15.8505 13.432 13.1364 11.4445 11.4221 11.2459 11.2268 10.8001 10.6394 12.8015 11.515 11.9651 11.7557 21.1829 14.1961 12.9395 12.5874 11.7092 11.8775 11.7509 11.7062 11.1542 10.6314 10.407 10.2745 14.2603 10.1063 9.95997 13.5862 9.92759 9.89093 9.82607 9.75873 9.74999 9.71157 16.3927 13.3503 10.3729 9.67268 9.41161 9.38822 10.7669 13.1901 15.5987 10.4693 10.1776 9.32459 9.26132
threshold=0.20524266430317731 6.5000000000000009 -0.25226840735842809 0.80662393162393176 35.166684511063529 38.492318840579721 0.44090563225640012 2.5000000000000004 605.00000000000011 36.700584795321646 0.19827781333416591 2.5000000000000004 493.00000000000006 38.550000000000004 0.43303571428571436 37.558333333333344 53.500000000000007 0.64123122248122255 -1.2561049046282582 -2.0084572569623234 12.15 0.30584330006960903 0.9076704545454547 2.5000000000000004 0.31253476084538384 0.61120926580290547 0.067816091954023008 0.44281045751633991 39.633392018779354 0.19638279059327521 0.28338922753622958 0.20235840548340547 5.5000000000000009 0.13188405797101452 4.5000000000000009 4.5000000000000009 0.35504201680672276 0.28421835839599002 0.30503561716964456 0.72474747474747481 0.37831836344289754 0.26418695671961051 1.0690667879240205 -1.3616905355832483 17.500000000000004 34.150000000000013 0.28461711946150381 0.25938741509675772 1.0000000180025095e-35 1.4466960318170503 0.012513690013690017 36.416666666666679 0.71825396825396837 0.059358974358974338 -1.2249999999999985 0 -0.99118387874042335 -0.69092865707290108 -0.19269863515475652 14.500000000000002 0.10458537636726119 0.71651785714285732
decision_type=10 2 10 10 8 8 10 10 10 10 10 2 2 8 10 10 2 8 8 8 8 8 8 10 10 10 8 10 10 8 10 10 2 8 8 8 10 10 10 8 8 10 10 10 2 8 10 10 2 10 8 10 10 10 8 9 10 10 10 2 2 10
left_child=1 -1 3 4 17 6 18 8 19 -7 -11 12 15 -14 -15 16 -4 -3 -6 36 -19 -5 23 24 25 26 27 34 30 41 -29 33 -33 -31 35 -21 -2 -12 39 45 54 42 -28 -40 -35 -9 -37 -43 49 50 -24 -50 -18 -16 -17 56 -56 -58 -59 -60 -10 -26
right_child=7 2 11 21 5 9 -8 38 60 10 37 -13 13 14 53 40 52 20 -20 22 -22 -23 48 -25 61 -27 29 28 -30 31 -32 32 -34 44 -36 46 -38 -39 43 -41 -42 47 -44 -45 -46 -47 -48 -49 51 -51 -52 -53 -54 -55 55 -57 57 58 59 -61 -62 -63
leaf_value=0.041626283871194283 -0.00036397104457963891 -0.0069215864858778106 0.012431546784003232 0.00020533823389328205 0.0090271951170188807 -0.011807348093521998 0.025783480285410762 0.022076389503396729 -0.0080681664813496579 -0.010965330466091194 0.021087870938736347 -0.0078620082486169293 0.010826371396543095 -0.022425859854103787 -0.0056307114973823671 0.026518271936963059 0.00092345670741565136 0.034171244931795214 -0.018012990923998658 0.011308019595390151 0.0032315779865904797 0.025280601462507202 -0.013795978507126437 0.015351641632078271 0.018532286690507951 0.013197855126400555 -0.02978855365674531 0.014869950247527883 0.043062990335691553 -0.01223873729096 -0.017819027680272565 -0.0011435274162504483 0.031845509159956931 0.00046442330122801394 -0.019440797927023322 -0.0023286914855864269 0.037911537036689702 -0.0056118604224199009 0.0016539545807521567 -0.011733545216718955 -0.011839225884458054 0.020210838170787976 -0.0037536314284764734 0.031150976030324531 -0.0068666939517328445 0.0036282405934844547 0.014008111602395169 -0.013249795230019979 -0.0043255253479927746 0.022037862950870808 0.0016053101980590572 -0.019881802759546485 -0.012360012582747527 0.028850367612512015 0.033766055281705586 -0.0091135672198449803 -0.034257327571969691 -0.01977184190373886 0.024379418364969638 -0.0010548880409363144 -0.04366960084897159 0.0042728522332854419
leaf_weight=26.850428268313408 33.70457437261939 176.70290406048298 230.58511045295745 373.90646838396788 40.703305939212441 359.31394929997623 21.609535513445735 106.30939305014908 56.578404683619738 120.59474756289274 107.71197892259806 482.29099658317864 625.95038572140038 90.516397513449192 50.264635683968663 27.119082793593407 1513.3848019428551 40.00361012481153 721.87919944152236 257.11610344424844 103.76895060390234 47.515189442783594 170.59705783426762 157.48547616973519 137.24660813994706 178.8729382455349 103.2795377150178 266.82053935341537 39.134226796217263 208.69948537275195 32.23773336969316 52.67053884267807 55.462667126208544 5182.2068230034783 65.434906690381467 803.76707386877388 38.243899445980787 54.409171867184341 43.958716852590442 101.22718697134405 415.10228882730007 41.525793017819524 97.09828632324934 80.867452738806605 503.90159398131073 222.04840101674199 102.1258541867137 43.64326829276979 894.08377146627754 81.713342849165201 780.84014963544905 120.93770584650338 149.68170791584998 31.367356164380908 32.761450374498963 321.81603683624417 27.608148204162717 33.254316801205277 72.29159326851368 84.715078990906477 26.694231913425028 652.09376486204565
leaf_count=158 346 1139 1799 2600 652 3089 210 533 446 1220 954 3545 3855 498 456 232 9356 553 15051 1740 1387 254 988 737 734 841 725 1961 320 1750 234 252 337 29797 908 8424 566 398 221 542 2099 224 486 413 3255 1288 938 231 4896 389 4491 908 1733 264 213 2900 195 430 509 729 238 3618
internal_value=-0.000245231 -0.00229349 -0.00248552 -0.00638726 -0.00867324 -0.0109779 -0.0153616 0.000868753 0.000500253 -0.00560802 0.00228478 -0.000464905 0.000499491 0.00673311 -0.00812702 -0.00121286 0.00127464 0.00158559 -0.0165598 0.000654785 0.0120169 0.00308572 0.000525315 0.00126697 0.00101386 0.000447304 0.000155312 0.00402918 0.0150903 -0.000810264 0.0112985 -0.000314718 0.0159137 -0.000615057 0.000974244 0.00213858 0.020222 0.0121478 0.00828828 0.00459559 -0.00585191 -0.0111905 -0.0172539 0.020859 -0.000186352 0.00964992 -0.000473546 0.00310979 -0.00272572 0.000687107 -0.0011678 -0.00619677 -0.00027881 0.00780755 -0.00169385 -0.00307428 0.00468571 0.00017854 0.0053284 0.0107362 -0.0198635 0.00677252
internal_weight=18122.3 6383.68 6356.83 2168.12 1746.7 1426.22 784.192 11738.6 11184.2 642.03 282.716 4188.71 3706.42 798.099 172.148 2908.32 1893.65 320.475 762.583 11100.9 143.773 421.422 11029 8980.82 8823.34 8034 7855.12 1566.64 338.192 6288.49 299.058 6002.94 108.133 5894.81 1228.44 1163.01 71.9485 162.121 554.411 429.585 1014.67 285.547 200.378 124.826 5686.11 328.358 905.893 85.1691 2048.17 1033.15 951.437 1015.02 1663.07 81.632 599.566 572.447 250.631 217.869 190.261 157.007 83.2726 789.34
internal_count=130255 56478 56320 27507 24653 21574 15913 73777 70780 5661 2572 28813 25268 5073 1218 20195 12888 3079 15703 70096 1940 2854 69184 57512 56775 52423 51582 14525 2515 37057 2195 35391 589 34802 12010 11102 912 1352 2997 2363 7307 1666 1211 634 33052 1821 9362 455 11672 5868 5479 5804 11089 720 5208 4976 2076 1863 1668 1238 684 4352
cat_boundaries=0 1
cat_threshold=4
is_linear=0
shrinkage=0.05


Tree=115
num_leaves=63
num_cat=4
split_feature=9 66 29 68 28 110 99 12 54 55 44 59 69 55 103 21 58 71 83 9 38 110 67 104 47 22 90 57 102 62 38 59 21 93 3 70 24 64 102 82 54 69 86 21 55 110 30 60 28 50 18 56 60 71 66 94 34 110 21 99 31 30
split_gain=16.2861 19.416 13.7671 12.9583 12.8752 12.4858 17.0366 12.1481 12.3891 17.7074 13.627 13.3026 12.7137 12.0862 12.0217 11.853 11.3494 11.0382 11.1611 23.4918 10.8959 13.8345 10.7922 10.3259 10.261 16.3461 12.4874 11.0265 10.125 12.176 10.3186 10.26 10.0303 11.9776 14.2722 12.5418 12.0521 11.012 11.1378 10.7997 10.0239 11.352 11.2119 12.6934 12.402 10.0074 12.989 11.6503 10.0058 9.96557 11.2318 10.2223 9.73623 9.52349 11.5472 10.2575 9.45554 13.6527 14.8649 12.6239 10.7511 10.7116
threshold=111.50000000000001 3.5000000000000004 0.17273516414141418 12.65 0.13582576286978806 0 35.650000000000013 1.5000000000000002 0.81009615384615397 1.0736250723834104 1.5000000000000002 0.98213682527722668 -1.1987500000000002 0.60933710627318416 0.32506157635467986 0.045179515217787507 0.087318697529619946 1.0000000180025095e-35 1.0000000180025095e-35 26.500000000000004 0.11437908496732027 1 38.850000000000001 35.230661800486629 1.1250000000000002 0.030728045264987593 0.43650793650793657 0.23887391309928729 0.26923785238702375 1.2038058912683092 0.74166666666666681 0.73560126331789766 0.23649378320004674 0.16064516129032261 0.52792115292115305 -0.88571428571428512 0.23303167420814483 0.010245290434282758 0.23020160592430106 0.10984848484848493 0.93933823529411775 -1.5240777338603431 1.0000000180025095e-35 0.15342314554416528 1.7803491081704799 2 0.18819316318163185 -0.47724317129669552 0.092151922359089214 0.18465909090909094 0.38278388278388281 0.3502777995176371 -1.1250572014944022 1.5000000000000002 2.5000000000000004 1.5000000000000002 3.5000000000000004 3 0.14530185691353206 38.250000000000007 4.5000000000000009 0.15563210084232726
decision_type=10 10 10 10 10 1 10 10 8 8 2 10 8 10 8 10 8 10 2 10 2 1 10 8 8 8 8 8 10 8 2 8 10 10 10 8 8 8 10 10 8 8 2 8 8 1 10 8 10 10 8 8 8 10 8 2 2 1 10 10 2 8
left_child=1 3 -2 7 -4 6 23 8 13 10 -10 12 -12 15 16 -1 -7 52 20 48 21 -19 28 -5 25 -21 27 -26 29 -15 31 -30 33 34 -27 -36 -35 38 -38 -34 41 -11 43 -42 -44 46 47 -6 -20 -39 -51 -52 -3 54 55 -46 57 58 -17 -60 -59 -58
right_child=2 17 4 5 45 14 -8 -9 9 40 11 -13 -14 22 -16 56 -18 18 19 24 -22 -23 -24 -25 26 32 -28 -29 30 -31 -32 -33 39 36 35 -37 37 49 -40 -41 42 -43 44 -45 53 -47 -48 -49 -50 50 51 -53 -54 -55 -56 -57 61 60 59 -61 -62 -63
leaf_value=-0.016692812849724781 -0.018394607504303297 0.026653298352628054 0.029089439421306779 -0.00092114839048721255 -0.031147804498274652 -0.012502395361201442 0.00089725594790854334 -0.014323507839800194 0.007685832966904004 0.032460315351284463 -0.030229445016923269 0.00025721910293803331 -0.010566409354607849 -0.0028999058751878618 -0.015198453357902979 0.017143265274214902 0.0015875645550016656 0.0086799054310222577 0.01139752515148911 -0.015824162368413018 0.005638746430975645 -0.015176019995397041 -0.014243187363040461 -0.02145665742421389 0.00095123761888228858 0.034952655489449577 -0.0028554509428464088 0.042636958640375637 0.047144561568548939 0.025159672532328495 0.0027892006398755262 0.017239712810784524 -0.00036969925904699704 0.029524823128970631 0.047582092667177965 2.4389429683327987e-05 -0.030788068103528451 -0.012016691612358781 0.0025212051818657554 0.018259573217937485 -0.015787270040181562 0.0044496660270567714 -0.015884957789696529 0.0085884732665410871 0.0061096802999537694 -0.0091247678378436805 0.0040409637923804424 0.0017252049532686651 -0.017204798498690974 -0.0028385484793787851 0.039463338542563779 0.0048971491394771798 -0.020384947439968468 0.013630545463519057 -0.030436432242872104 -0.017618513383465914 0.0085104532193560605 0.0018483453585219423 0.0051346853766122396 -0.022168816353014403 -0.0056411869858031989 -0.0041856862811374398
leaf_weight=95.237944819033146 176.67567244078964 11.797149311751125 28.680798658169806 77.239192867651582 54.633728947490454 164.26099599897861 198.60920217912644 146.8627997264266 126.20904831960797 38.623539787717164 94.661715009249747 245.6840959507972 607.24019077327102 149.327323355712 151.70474610105157 271.10168327298015 1056.2429555878043 95.818306799046695 34.434386632405221 85.012079883366823 3050.5385728217661 135.81321754399687 42.392320088110864 295.77013224642724 34.95418222527951 98.330331299453974 1006.331333999522 28.117278248071671 46.257902340963483 51.090985760092735 56.068638576194644 78.160148445516825 520.19583618827164 45.788865186274052 15.650349615141748 82.818933521397412 40.906102715060115 40.992436729371548 62.221749439835548 90.46902434900403 63.272360052913427 422.22499888669699 218.92008591257036 316.13367587327957 151.72247468680143 531.66175411082804 461.80879631079733 52.087424252182245 234.43516045622528 51.681241352111101 55.355568431317806 34.981454830616713 82.241372894495726 86.092655024491251 38.329168635420501 63.905182544142008 190.49755826685578 2714.7426965208724 789.02098482847214 43.751976598054171 580.82557793240994 1255.3717106692493
leaf_count=1011 2089 177 303 648 481 3212 1816 892 709 244 701 1265 3459 850 1110 2184 8121 736 410 1048 22732 1046 290 3176 388 800 7450 158 260 244 302 392 3005 362 206 1264 354 183 474 502 474 2253 1240 1591 831 4060 3235 493 2102 412 361 180 1483 510 346 307 1449 17041 4416 266 4450 7901
internal_value=-7.73823e-05 0.000339195 -0.00545531 -0.000911431 -0.00341574 -0.00461185 -0.0107457 -0.000110339 0.000127468 -0.00287505 -0.00770152 -0.00975691 -0.0132575 0.00129453 -0.0019582 0.00071211 -0.000317409 0.00264012 0.00291451 0.00044147 0.0048447 -0.00559197 0.00944724 -0.0172182 0.00208233 0.00520583 -0.00149543 0.0199102 0.0121142 0.00434249 0.0206727 0.0286454 0.00678742 0.0118227 0.0215681 0.00798541 0.00599727 0.0021426 -0.0108599 0.00241554 0.000831741 0.00686243 -0.00213416 0.00449259 -0.00663212 -0.00428876 0.000394996 -0.0152364 -0.013513 0.00948878 0.0157368 0.0262783 -0.0142656 -0.000646142 -0.00552049 -0.00097147 0.000998496 0.00215128 0.00693273 0.00367535 0.000525452 -0.00250821
internal_weight=18172 16866.4 1305.55 10927.6 1128.87 1943.83 571.619 8983.73 8836.87 2473.02 1073.8 947.586 701.902 6363.85 1372.21 5940.55 1220.5 5938.88 5844.85 2562.68 3282.17 231.632 423.297 373.009 2293.81 1224.4 1069.4 63.0715 380.905 200.418 180.487 124.418 1139.39 528.727 196.8 98.4693 331.927 286.139 103.128 610.665 1399.22 460.849 938.376 379.406 558.97 1100.19 568.53 106.721 268.87 183.011 142.018 90.337 94.0385 340.049 253.957 215.628 5845.31 4399.44 1103.87 832.773 3295.57 1445.87
internal_count=130455 119794 10661 73961 8572 18083 5640 55878 54986 13930 6134 5425 4160 41056 12443 38718 11333 45833 44173 19659 24514 1782 2338 3824 17147 9151 7996 546 2048 1094 954 652 8103 4596 2270 1470 2326 1964 828 3507 7796 2497 5299 2065 3234 8269 4209 974 2512 1136 953 541 1660 1994 1484 1138 37707 28357 6866 4682 21491 9350
cat_boundaries=0 1 2 3 4
cat_threshold=145 794 737 120
is_linear=0
shrinkage=0.05


Tree=116
num_leaves=63
num_cat=4
split_feature=80 26 72 20 34 104 59 84 65 40 47 99 33 28 68 0 82 92 3 39 110 17 70 82 83 109 29 60 4 60 64 40 54 4 26 39 68 81 99 38 39 110 23 59 114 3 26 80 53 103 26 33 26 29 5 60 56 0 97 24 48 28
split_gain=15.41 18.9916 13.6612 13.7033 13.5255 17.0848 13.3133 13.4714 12.9946 12.7893 12.8936 14.3402 12.9507 12.9561 12.7718 12.612 12.4574 11.7618 13.3315 13.885 12.2725 11.4805 10.957 11.2092 10.9514 16.2135 17.1006 19.5697 14.6879 13.6261 13.3685 13.1699 12.8287 12.6462 12.0623 14.299 12.3987 11.1755 11.1799 11.3095 13.0303 12.4338 12.0435 10.838 10.8296 10.6849 10.6652 12.1649 10.5622 10.4917 14.1288 12.1558 10.3853 10.3678 10.3526 10.2839 10.1689 10.1012 14.126 16.7221 14.1223 10.3544
threshold=0.60555555555555574 0.16380373482472113 1.0000000180025095e-35 600.50000000000011 5.5000000000000009 35.321307682866966 1.1592349214464102 0.16025641025641027 9.5000000000000018 7.5000000000000009 0.35000000000000003 33.750000000000007 493.00000000000006 0.2153980870268086 13.050000000000002 10.500000000000002 0.015199449243566894 7.5000000000000009 0.35680021367521375 1650.0000000000002 0 0.37715517241379315 -0.79912280701754301 0.11111607142857143 1.0000000180025095e-35 1 0.2679518743903006 -0.45913933974195459 0.37122113997114009 -0.057846655380289526 0.63943439472259755 15.500000000000002 0.31009615384615391 0.43748638344226587 0.34495448775085763 1550.0000000000002 11.65 -1.5799407635515319 37.250000000000007 0.71008403361344552 1075.0000000000002 2 0.13639373871161953 0.8872228022892702 3 0.54496629296629306 0.16547190818773555 0.45804195804195807 -1.1388828146124959 0.21321557592210624 0.24988849241748443 511.00000000000006 0.26337620600905631 0.31634332974310403 0.35385489510489515 -1.1851743971333033 0.13595848525237506 2.5000000000000004 7.5000000000000009 0.5590277777777779 0.9472222222222223 0.20012674271229408
decision_type=10 10 10 2 2 8 8 2 10 2 8 8 2 8 8 2 10 2 10 2 1 8 8 10 2 1 8 10 10 10 10 2 8 8 10 2 8 10 10 2 2 1 8 10 9 10 8 10 10 10 8 2 8 10 10 8 10 2 8 10 10 10
left_child=8 6 57 -4 5 -5 -2 14 9 -1 11 16 13 -13 15 48 -11 18 19 21 -20 -15 -7 -24 25 26 27 33 46 31 -31 43 -32 56 35 -27 52 45 39 41 -41 42 -39 -29 -34 -30 47 -26 -8 51 -51 -48 -37 -14 -46 -43 -12 60 -59 -60 61 -3
right_child=1 2 3 4 -6 22 7 -9 -10 10 24 12 53 17 -16 -17 -18 -19 20 -21 -22 -23 23 -25 28 34 -28 29 37 30 32 -33 44 -35 -36 36 -38 38 -40 40 -42 55 -44 -45 54 -47 49 -49 -50 50 -52 -53 -54 -55 -56 -57 -58 58 59 -61 -62 -63
leaf_value=0.013785829235630646 -0.011658961124270934 -0.00062857774999976884 -0.015072847690360009 -0.019404699277663605 -0.017190417928872301 0.025947379280837603 -0.042321428068698236 0.038925675695866989 -0.012240711427063329 0.040949244353241883 -0.022092085619167954 0.0059991865291890633 0.010523990413003203 0.01912815668047195 -0.014334125662040391 0.026068599912862318 0.0098909367992036507 -0.012142259574772239 0.0022943693741348625 0.016290760753957294 -0.013213107954402205 -0.0074484219074526714 -0.0011018702053750638 0.027485275471744397 -0.00044778243119074861 0.0047518447363623555 0.010506569281741308 0.037162893212878814 0.0057622497905139222 -0.0042925019191634864 0.036699763241607557 0.0040878004576116881 -0.012455069192059191 0.00070060057716292141 0.0085807662817257366 -0.0014901708527950866 -0.005535606091439888 0.045404773954700217 -0.0085157081350284349 0.043215939206826967 0.0070407670557224179 -0.014991472040620688 0.006078235456744476 0.005409297489038031 -0.0020645691516583717 0.038869759893316459 -0.012922952091549922 0.025393014305833256 0.0033484794977460697 -0.0086664613585838556 0.0017050101244875115 0.0059161714125502722 0.019973593539931431 -0.010412591967931607 0.030475558422060012 -0.00014853594384493007 -0.003253001900057337 0.00034305222178430045 -0.01390743258853697 0.017616432610504579 -0.012761639024378005 0.011157516728232392
leaf_weight=192.98209041729569 784.58317876979709 284.05441696476191 305.07216830831021 74.056090101599693 112.04407714959234 61.032615129835904 13.893010575324295 20.497017464600503 185.73828582186252 42.553354870527983 128.81112642586231 726.17169157136232 651.63214357383549 50.965309049934149 120.00345417391509 55.915831288322806 128.81792708300054 247.82961073890328 256.31289592944086 196.52734019607306 242.43087837193161 185.4553214199841 251.84528364241123 38.683177433907986 262.17688091751188 581.40494626387954 782.32843322772533 94.470018061809242 71.261146135628223 262.33745684940368 43.276876896619797 99.441465703770518 47.225189562886953 710.20522679574788 288.90047400444746 150.10838364250958 1814.1974691152573 24.392493707127869 272.90531521756202 25.705399613827467 381.01593840960413 151.16545391734689 85.21437559556216 37.930050976574421 43.736951753497124 36.384201337583363 660.53115536086261 54.111285280436277 83.697227694094181 611.59714329242706 707.16045344434679 97.764658443629742 89.114402836188674 64.227585732936859 54.066868670284748 500.73718983586878 160.73649513721466 2398.3927535694093 335.7735171886161 47.203913863748312 99.464015915989876 540.19046340882778
leaf_count=967 9744 2793 3872 629 1025 536 332 200 1521 239 707 5117 3902 258 1124 522 739 1477 1821 907 1707 864 2301 392 1905 4129 4663 585 462 2112 205 638 218 6466 1446 985 12128 249 2458 172 3055 1396 634 175 199 395 3731 292 1113 3232 3491 510 470 333 248 4128 750 15446 3468 259 453 4046
internal_value=-0.000127629 -0.00230043 -0.000884998 -0.00662699 -0.00181567 0.00226255 -0.00826216 0.000811293 0.000850319 0.00104872 0.000844845 0.00382454 0.00290479 0.000749393 -0.00217642 0.00735913 0.0177959 -0.00248498 9.41129e-05 0.00650556 -0.00547339 -0.00166286 0.00686884 0.00278566 -4.73964e-05 0.00141769 0.00440416 0.00156167 -0.0020498 0.00808257 0.00300061 0.0179054 0.01313 -0.00289348 -0.00110042 -0.00216478 -0.00412451 0.0017435 0.000577302 0.00270695 0.00942748 -0.000890138 0.0139044 0.0281748 0.00589357 0.0172074 -0.00450423 0.00403922 -0.00351644 -0.00580652 -0.00310787 -0.0104895 0.00655529 0.00863364 0.0145751 -0.00355363 -0.0116811 0.000422474 -0.0010823 -0.0099862 0.00494975 0.00709991
internal_weight=18128.5 5626.4 4547.81 842.733 537.661 425.617 1078.59 294.007 12502.1 12316.3 12123.3 2792.92 2621.55 1905.69 273.51 153.506 171.371 1179.52 931.692 432.948 498.744 236.421 351.561 290.528 9330.41 5388.29 2464.57 1682.24 3942.12 682.485 450.643 231.842 188.306 999.753 2923.73 2634.83 2053.42 1548.78 1441.14 1168.23 406.721 761.51 109.607 132.4 145.029 107.645 2393.34 316.288 97.5902 2077.05 1318.76 758.296 239.223 715.86 97.8038 651.903 289.548 3705.08 2781.37 382.977 923.709 824.245
internal_count=130341 48255 35220 8755 4883 3858 13035 3291 82086 80565 79598 17364 16386 12151 3091 1967 978 7034 5557 2029 3528 1122 3229 2693 62234 36124 16966 12303 26110 4380 2982 1398 870 7923 19158 17712 13583 12949 12092 9634 3227 6407 883 760 665 857 13161 2197 1445 10964 6723 4241 1455 4235 447 5524 1457 26465 19173 3727 7292 6839
cat_boundaries=0 1 2 3 4
cat_threshold=206 1 320 24
is_linear=0
shrinkage=0.05


Tree=117
num_leaves=63
num_cat=1
split_feature=40 46 96 49 64 68 109 107 37 67 87 92 63 20 9 6 67 53 24 95 69 3 39 99 40 47 24 6 14 60 99 82 91 60 1 40 70 8 93 3 63 19 16 39 48 27 27 6 23 50 82 30 53 13 87 30 99 103 22 103 29 0
split_gain=13.6633 13.3466 15.4183 13.6388 11.8764 11.7791 14.9313 23.731 18.6904 20.6773 17.31 16.2438 18.5946 14.0366 15.6385 13.9574 16.6292 13.7258 12.9578 12.8873 13.2061 12.3491 11.9182 11.7617 16.593 11.7367 11.6398 11.5924 11.5732 17.2232 11.6017 13.6077 11.0715 10.9028 11.5248 11.1724 10.6819 12.5069 10.5927 12.6669 15.7012 13.3266 10.5095 13.0874 11.3078 14.5602 13.291 11.4152 10.4453 11.1329 10.2615 10.2275 10.0315 9.88054 9.76947 10.4906 9.73032 9.71344 12.0034 11.74 10.9014 11.0467
threshold=6.5000000000000009 3.0083333333333337 13.434166666666668 -1.5352793628146968 1.6413027661438566 11.65 0 37.202293577981656 6.5000000000000009 26.150000000000002 0.71102430555555574 5.5000000000000009 0.92582417582417598 237.50000000000003 26.500000000000004 34.983333333333341 35.95000000000001 -1.0317388613893543 0.37171052631578955 34.350000000000001 0.29999999999999899 0.27955298786181143 1175.0000000000002 38.050000000000004 15.500000000000002 2.7500000000000004 0.55050505050505061 37.783333333333346 1.0000000180025095e-35 -0.53186921584726299 36.250000000000007 0.071405800082270654 1.0000000180025095e-35 -0.77897693507312005 0.90454545454545465 14.500000000000002 -0.1306020066889628 0.81534090909090928 0.26006441223832533 0.29465048840048846 0.64495798319327746 0.89444444444444449 0.083702064896755177 1550.0000000000002 0.43095238095238103 0.21580619036590684 0.26792621723075233 35.441666666666677 0.32218209103279882 0.3708333333333334 0.0057823140911376089 0.25003568369968604 0.030494066203351579 1.0000000180025095e-35 0.17221200980392162 0.29876783726343492 33.550000000000004 0.25464270445779097 0.023681813824177934 0.21201548657906447 0.23097950623679914 8.5000000000000018
decision_type=2 10 8 8 10 8 1 10 2 10 10 2 10 2 10 10 8 10 10 8 10 10 2 8 2 8 10 10 2 10 8 10 8 8 10 2 8 8 10 10 10 10 2 2 10 10 10 8 8 10 8 10 10 10 10 10 10 10 10 8 10 2
left_child=-1 2 -2 -4 26 15 7 11 13 22 33 12 28 18 42 32 -17 56 -8 -11 -21 -12 -10 36 -25 -26 52 -24 30 -30 31 -7 -5 -9 35 -35 37 53 -19 -40 54 -42 43 -15 51 47 -47 -46 49 -14 -22 -45 -3 -13 55 -41 -16 58 -18 -60 -59 -62
right_child=1 4 3 5 -6 6 8 10 9 19 21 23 48 14 17 16 57 38 -20 20 50 -23 27 24 25 -27 -28 -29 29 -31 -32 -33 -34 34 -36 -37 -38 -39 39 40 41 -43 -44 44 45 46 -48 -49 -50 -51 -52 -53 -54 -55 -56 -57 -58 60 59 -61 61 -63
leaf_value=0.019907781800305845 0.022084259835013473 -0.015002244747695815 -0.01802639629023001 0.029281756151609373 0.023753700708953003 0.00742183001272356 -0.001943827558036247 -0.0074273371637600802 0.026192933491666473 -0.0023740189114603025 -0.007606704529049481 0.010160267445737206 0.020534764301962799 0.0076911919018414505 0.0089097061800705018 0.032799295283349648 -0.025975164181177318 0.010697895832070564 -0.019991330441972432 -0.015019727635836175 -0.03422815021207553 0.01962931983689209 -0.00067391155203086082 0.0029308613628893543 -0.0095690943121836819 -0.039935362654189711 0.0039904546387610476 -0.018096409365563917 -0.002975419828660549 0.037999400740539063 0.0018365525828160012 0.037442951189970194 0.0080051390413323608 0.0042363348041010822 -0.011709384351835548 -0.0018469773493691125 0.00083884670854672658 -0.01909686614240326 0.0087665869465597106 -0.010910904170237015 0.00085410089880044021 0.030907586690507249 -0.02688640630639812 -0.014806183665435763 0.028032489093255016 -0.015132702874121074 0.010056622539964588 0.00016975345726288397 0.0071359143242725829 0.049773889195872556 0.0014705737664191601 0.0015222776393315264 -0.0036750756610610434 0.03636597124685783 0.0028585274257800575 -0.038593154105330416 0.041744969076214056 0.0047865692050414327 -0.0016788019598952585 0.011680668741519641 -0.0079228069658006592 -0.035570723847221847
leaf_weight=87.611365124583244 81.806700274348259 374.75831164605916 98.229012828320265 67.555881259962916 33.084475319832563 141.78529859893024 647.43205464351922 638.41720066405833 38.887780474498868 598.02722512930632 54.753002122044563 410.97876432351768 133.70912332832813 338.60085605271161 47.048044562339783 38.294996267184615 33.374294819310308 529.32567676808685 116.57091321051121 740.05424198321998 21.08103137742728 166.6905124373734 2458.6147360242903 304.67025474272668 169.54171462822706 38.504342804662883 215.97526215203106 98.338167074136436 42.16651729401201 63.922258861362934 792.49624678120017 50.801162913441658 584.82932057231665 1201.9735408918932 207.49732850492001 2024.7077652802691 776.32173379231244 32.802662486210465 390.16465450078249 162.41494526527822 218.20956875942647 43.405570521950722 38.145179254934192 292.20878234505653 75.383612552657723 137.9264364503324 83.180015087127686 70.887173174880445 92.327249720692635 43.525011828169227 227.11670904327184 142.25313705950975 409.17908465303481 38.682138651609421 90.042796071618795 42.882837478071451 43.620421997271478 105.77723375335336 365.22006652969867 297.82264153193682 137.8876239284873 48.384990019723773
leaf_count=463 396 5645 1545 499 180 893 4985 5407 256 4112 260 2697 597 2200 481 246 454 4264 559 7300 204 1057 14586 1872 1227 260 1078 901 292 402 5347 346 3397 8554 991 17742 4947 403 1813 998 1161 218 359 2294 391 693 418 422 426 241 2144 968 2787 215 500 237 444 748 2675 1982 788 314
internal_value=0.00032218 0.000225805 0.000561673 0.000456161 -0.00528937 0.000565312 0.000123916 0.00172299 -0.00141997 -0.00367747 -0.000691082 0.00503164 0.00913803 0.00127033 0.00293828 0.00453695 0.000900661 0.00620917 -0.00472003 -0.00817302 -0.0116763 0.0128912 -0.000928224 0.00187405 -0.00450379 -0.0153533 -0.0062731 -0.00135078 0.00622172 0.0218377 0.00451951 0.0154934 0.0102498 -0.00143259 -0.000316319 0.000419732 0.00447332 0.0103076 0.00503972 0.00186953 -0.00296912 0.00593909 -0.00141245 -0.000537599 -0.00401771 0.0024368 -0.00565389 0.0146222 0.0208765 0.0279543 -0.00168673 -0.00946864 -0.0091022 0.0124903 -0.0108535 -0.0168523 0.0249898 -0.00036705 0.002843 0.0043305 -0.00800527 -0.015256
internal_weight=18097.9 18010.3 16977.3 16895.5 1033 16797.2 15118.1 7426.27 7691.82 4182.12 4294.04 3132.23 1360.73 3509.7 2745.7 1679.15 1026.76 1567.11 764.003 1586.28 988.252 221.444 2595.84 1771.5 512.716 208.046 999.913 2556.95 1091.17 106.089 985.083 192.586 652.385 4072.6 3434.18 3226.68 1258.79 482.464 1476.45 947.12 556.956 261.615 1178.59 1140.44 801.839 367.377 221.106 146.271 269.561 177.234 248.198 434.462 783.937 449.661 295.341 205.298 90.6685 988.467 696.417 663.043 292.05 186.273
internal_count=130281 129818 120128 119732 9690 118187 107084 54176 52908 29503 34011 20165 8544 23405 17861 11103 7207 10116 5544 13760 9648 1317 15743 11621 3359 1487 9510 15487 7280 694 6586 1239 3896 32694 27287 26296 8262 3315 9191 4927 3114 1379 7745 7386 5186 1924 1111 813 1264 838 2348 3262 8432 2912 1735 1235 925 6961 5111 4657 1850 1102
cat_boundaries=0 1
cat_threshold=1
is_linear=0
shrinkage=0.05


Tree=118
num_leaves=63
num_cat=3
split_feature=31 100 33 54 55 55 54 54 55 67 54 28 2 55 55 36 37 107 59 55 47 91 107 13 3 26 57 20 66 69 2 3 96 54 63 91 63 58 57 0 106 20 95 37 110 115 107 95 20 8 34 55 97 26 20 67 26 110 67 95 4 103
split_gain=16.8146 13.5607 12.8337 11.6583 23.279 16.921 16.127 15.1989 26.3702 14.9022 14.3291 13.7215 13.9683 13.0193 12.7683 12.6295 12.2187 11.9013 13.1055 11.5264 11.4445 14.6553 14.8961 14.0149 13.4291 11.8553 12.2401 14.0754 12.4631 11.8675 11.1775 11.0319 12.0971 10.9014 15.8991 10.8421 15.4257 11.3115 12.2088 10.6657 13.8624 11.8117 11.177 10.4781 15.7642 11.7779 10.424 11.0243 13.2756 10.3178 10.2178 10.5422 10.1751 10.0992 10.0592 10.0411 9.94872 13.8135 11.5238 12.8702 14.1073 10.7705
threshold=7.5000000000000009 6.5000000000000009 391.00000000000006 0.92582417582417598 0.92464948773395716 1.1313821971699098 0.81009615384615397 0.81534090909090928 0.58617098083917463 24.650000000000002 0.69337606837606847 0.34029539151839971 0.29705882352941182 1.3577502847610383 1.6016075962995344 7.5000000000000009 16.500000000000004 36.998437500000009 0.26251530626645125 0.59788644099493449 1.3750000000000002 0.097619047619047633 39.099897750511253 1.0000000180025095e-35 0.53845193205487341 0.20771011111466228 0.73985326699777831 350.50000000000006 2.5000000000000004 -1.4500000000000008 0.20942982456140355 0.36250176105945336 37.975735294117655 0.26568627450980398 0.81534090909090928 0.45227272727272733 0.32247899159663873 0.18224270710940757 0.79935345793356705 2.5000000000000004 0.21333959899749377 282.50000000000006 34.550000000000004 8.5000000000000018 0 1 40.701250000000009 36.850000000000001 392.50000000000006 0.68990384615384626 1.5000000000000002 0.18294018146456234 2.5000000000000004 0.26899059080394044 404.50000000000006 25.850000000000005 0.14729205950136184 2 26.750000000000004 36.95000000000001 0.55561868686868709 0.1857230715164295
decision_type=2 10 2 8 10 8 10 10 10 8 10 8 10 10 8 2 2 10 8 10 8 10 10 10 10 8 10 2 8 10 10 10 8 10 10 10 8 8 10 2 8 2 8 2 1 9 10 10 2 10 2 8 10 10 2 10 8 1 8 8 10 8
left_child=1 2 -1 4 7 -5 -6 8 9 49 31 12 -7 35 -13 -9 20 -16 -19 -17 21 23 24 30 43 26 27 28 -22 -30 56 32 -10 34 -29 36 -8 -38 -39 40 42 -42 -3 -23 45 -45 47 48 -27 54 51 -46 -33 -53 -4 -37 -11 58 59 -58 -61 -59
right_child=-2 39 3 5 6 11 13 15 10 16 -12 14 -14 -15 17 19 -18 18 -20 -21 25 22 -24 -25 -26 46 -28 33 29 -31 -32 52 -34 -35 -36 55 37 38 -40 -41 41 -43 -44 44 50 -47 -48 -49 -50 -51 -52 53 -54 -55 -56 -57 57 61 -60 60 -62 -63
leaf_value=-0.02780909760095833 -0.01710415994142012 0.030304133807583563 -0.0017593394725418814 -0.010695967154159342 0.02891077941330078 0.0032507152079373869 -0.013568412283144191 -0.0075220873142612735 -0.0032105559184477626 -0.0032350108626316093 0.0061015277598499267 -0.012291482032288532 0.0286623794724787 0.023807586452300064 -0.0038249416850189791 0.026366819916506908 -0.016886014520720846 -0.018382529772645085 0.012480415066562387 -0.0023425585780167536 0.0057872611726802288 0.0035126377801205201 -0.025301954053149341 0.016828772473142822 -0.014416335440917716 -0.0036361363554164709 0.009654224151940588 -0.02200300182026263 -0.02192258794913729 -0.00070053226806701067 -0.0071984684951913657 0.050746136150383751 0.032101159610986869 -0.0060632334253664863 0.0089163250545457422 -0.018219633995059784 -0.015645565116375406 0.015307870554630738 -0.013681357503962828 -0.0064670513487430671 -0.0067154254082532894 0.035239668838509777 -0.0040260176574030146 -0.0032266115177140287 -0.0074655081986846243 0.021735513968470562 0.025453033558832047 -0.0057560443608452565 0.0041984733523510896 -0.010639035878593786 -0.014859121823004482 -0.0021535143540876429 0.012625927064245297 0.030726291197580826 0.020432506881436718 0.006303910619568415 0.027782502239270614 -0.0075420868519321298 0.0061022412769050609 -0.0013842257657009354 0.030546900595662452 0.003998593223198804
leaf_weight=38.880525801330805 142.54984912648797 24.562823916785419 68.151594175025821 507.11092914175242 89.128762014210224 556.29666259605438 74.030801053158939 875.69974474422634 60.914659671485424 397.89691753126681 827.75076060276479 303.13391254283488 58.950977381318808 96.600905496627092 790.86860828381032 54.127037407830358 104.17916158866137 39.160487563349307 242.07849918119609 95.175935870036483 382.05149755161256 1193.8205068819225 61.698459610342979 199.19779095705599 161.13832733593881 807.92002761829644 137.72820810601115 265.41225608251989 98.704511540010571 194.3604637561366 238.66048566997051 45.719464207068086 39.123830799013376 734.49584810715169 48.698945507407188 88.918105460703373 36.763242647983134 427.04968853108585 38.921613942831755 1271.8573844991624 24.231084427796304 51.535836623050272 326.33550671488047 96.235113479197025 238.91174099594355 91.421016205102205 39.972650137729943 642.36944215092808 1630.1124046742916 45.911662550643086 279.55521503090858 53.135221492499113 29.343285885639489 40.500160925090313 200.8939630240202 77.174675218760967 148.822854061611 270.36317047104239 949.72100234497339 122.5882632303983 47.143275110982358 791.96615911833942
leaf_count=558 1480 253 423 3181 499 3408 671 5340 290 4096 4971 1747 288 510 4904 315 826 299 1337 559 2828 6509 403 1328 1516 5423 662 3053 1330 2555 1406 298 230 6264 304 410 264 2395 180 13119 251 476 4795 532 1391 518 377 3985 10095 412 1609 288 226 200 1088 372 1108 2144 6908 755 679 5603
internal_value=-5.96499e-05 7.64634e-05 0.000520188 0.000589729 0.00116096 -0.002552 0.00880104 0.000606558 0.00111456 0.000392975 0.00886568 -0.000472856 0.00572814 0.00663405 -0.00324917 -0.00523038 7.00764e-05 -0.000683419 0.00813307 0.00817167 0.000242122 0.00184035 -0.00127765 0.00402262 -0.000578319 -0.00148475 -0.00464158 -0.00578878 -0.000156509 -0.00789838 0.00315752 0.0218237 0.0107805 -0.00941135 -0.0171963 0.0043718 0.00761117 0.0107507 0.0128623 -0.00417348 0.00266262 0.0219093 -0.00154363 0.000546856 -0.0038791 0.00853273 0.000399328 6.60658e-05 0.0016018 0.0110915 -0.00770548 -0.00189628 0.0362062 0.0122424 0.0148254 -0.00685529 0.00406565 0.00531292 0.00880462 0.0170926 0.00761168 0.00104731
internal_weight=18117.7 17975.2 16276.7 16237.8 13740.2 2497.6 928.588 12811.6 11786.6 10783.7 1002.85 1990.49 615.248 839.459 1375.24 1025 10468.8 1072.11 281.239 149.303 10364.6 5382.78 2216.42 3166.36 2154.72 4981.83 1861.45 1723.72 675.116 293.065 2967.16 175.101 100.038 1048.61 314.111 742.858 576.765 502.735 465.971 1698.52 426.665 75.7669 350.898 1993.58 799.758 187.656 3120.37 3080.4 2438.03 314.957 612.102 332.547 75.0628 93.6354 269.046 166.093 2728.5 2330.6 1268.28 318.554 169.732 1062.33
internal_count=130244 128764 109870 109312 94148 15164 5301 88847 82633 76618 6015 11983 3696 4802 8287 6214 74695 6540 1636 874 73869 36993 12966 24027 12563 36876 16996 16334 6713 3885 22699 1044 520 9621 3357 4292 3510 2839 2575 18894 5775 727 5048 11047 4538 1050 19880 19503 15518 1923 3488 1879 524 488 1511 782 21293 17197 9450 2542 1434 7747
cat_boundaries=0 1 2 3
cat_threshold=56 4 419
is_linear=0
shrinkage=0.05


Tree=119
num_leaves=63
num_cat=4
split_feature=100 12 97 10 110 4 80 28 26 56 52 21 66 52 82 31 56 20 54 53 22 33 96 14 104 110 95 103 31 87 107 80 103 111 29 11 115 68 39 9 28 8 69 23 56 59 56 46 28 87 54 26 50 69 104 104 103 95 104 26 27 34
split_gain=11.6881 12.6545 16.2053 13.4867 17.8503 13.223 21.9927 14.6326 12.624 16.5895 14.868 14.6956 18.2407 18.125 17.4311 16.8428 16.2582 16.5108 15.9934 14.6321 12.9593 12.9408 14.7254 12.7706 12.5905 16.5595 13.9842 14.5855 12.4108 13.8319 16.2972 13.7912 13.342 12.8551 12.4094 11.9899 11.9752 11.7929 11.7885 11.7365 11.5749 11.7404 11.4282 11.4145 12.4344 11.7353 11.1857 11.183 14.07 11.0291 10.6278 10.6258 10.6021 11.777 10.5265 17.5014 11.712 11.456 10.3509 10.2438 10.1611 10.0736
threshold=2.5000000000000004 1.0000000180025095e-35 1.5000000000000002 -194.99999999999997 0 0.54765211640211653 0.16025641025641027 0.29762468968630112 0.21371289293615273 -2.0084572569623234 0.12132352941176472 0.19324377401753681 3.5000000000000004 0.53708791208791218 0.027186147186147151 2.5000000000000004 0.79079028845100041 35.500000000000007 0.23431372549019611 -0.86099818398138517 0.0574563765348068 485.00000000000006 40.306250000000013 1.0000000180025095e-35 38.670054347826095 1 38.45000000000001 0.21739823425870744 3.5000000000000004 0.54092261904761918 36.299679487179496 0.095454545454545472 0.21534892148605025 2 0.241614047628503 1.0000000180025095e-35 3 13.15 2675.0000000000005 57.500000000000007 0.25688648226069771 0.29705882352941182 0.95714285714285741 0.2847569873161972 -0.98728240207789042 0.72821028069547922 0.50621083237043807 0.5208333333333337 0.24694749239668437 0.045603089720736796 0.56458333333333344 0.22227305072684764 0.23431372549019611 -0.2499999999999982 37.837791467938537 37.666869948931534 0.21683470878347369 34.550000000000004 39.723104297837402 0.25207526540887443 0.21616808281098679 3.5000000000000004
decision_type=8 10 10 8 1 8 10 10 8 8 8 8 10 8 8 2 8 2 8 10 10 2 10 2 10 1 10 8 2 10 10 10 10 1 10 2 9 10 2 8 8 10 10 10 10 8 10 10 10 10 8 8 10 10 8 10 8 10 10 8 10 2
left_child=28 3 35 4 47 42 -7 46 10 -10 -5 12 37 38 20 19 23 -18 36 -14 -15 -12 24 40 -23 -26 27 39 31 30 43 -1 33 -33 -29 -3 61 -11 -13 -27 41 -17 -6 50 -45 -46 54 48 -2 -43 -30 -31 -42 -54 55 56 60 -58 -32 -51 -8 -16
right_child=1 2 -4 8 5 6 7 -9 9 11 21 13 15 14 18 16 17 -19 -20 -21 -22 22 -24 -25 25 26 -28 34 29 51 58 32 -34 -35 -36 -37 -38 -39 -40 -41 52 49 -44 44 45 -47 -48 -49 -50 59 -52 -53 53 -55 -56 -57 57 -59 -60 -61 -62 -63
leaf_value=-0.0086933891865856715 -0.0024202784765290208 -0.0020082493431916623 -0.020680214468959023 -0.014432079913509378 0.002185752758828327 0.045404145074241092 0.0207976350685357 -0.01741765754749907 0.035442488099539808 0.0015590486222059777 -0.0041706850085842058 -0.013606616719310214 -0.0012670547194692466 -0.027963281257347941 0.025890972138837759 0.0336744702507564 0.028117424867457243 -0.013140193840655977 0.00040895326098700825 0.03949788782918142 -0.0044245873420445296 -0.00094399518115902907 -0.031053604301253642 -0.019280757285179334 -0.0048872717982224902 0.047070747999850768 -0.0042334269786278474 -0.001834290295599347 0.0097761135253345115 0.01965952512074939 -0.010035864888124265 -0.0041804801303941793 0.010354714015276736 0.012012659594512596 0.033763703622308176 -0.029581649042284015 -0.00082671131263146623 -0.018025175964407759 0.016637686223781083 0.014099930261614374 -0.0010829654967131296 -0.026201631962783724 0.03010250215037278 0.014141372445248272 -0.021970081247185861 -0.0032605202482987108 -0.022282732096355125 -0.0040701833299868978 0.019001299636295415 0.021025674289653962 -0.00057560763675754167 0.0023924868016630563 0.042167848167106885 0.0053116281241894735 0.0022070905188345466 0.06893222496074379 0.015641416059908288 0.054021331649144161 0.016488371205505125 -0.00464196848842598 -0.012675635981287577 -0.00057368642894211166
leaf_weight=154.5644319653511 174.00802684761584 798.13767223060131 160.40475183166564 270.69183176010847 661.01833762601018 51.467153739184141 49.203942002728581 40.33985248208046 32.609770799055696 1100.7057087561116 2945.0141340484843 394.65114819444716 30.217642440460622 61.321470435708761 153.19505186099559 35.456137418746948 28.358602879568934 139.04525311104953 2372.7193240253255 79.471903246827424 962.47591961175203 792.16238725092262 32.017653424292803 28.294451169669628 135.15337103419006 71.869166508316994 62.797825340181589 77.712189560756087 487.01669236365706 141.41791831329465 578.44294564239681 395.45484871789813 1008.5146156931296 164.55635564215481 34.677773872390389 40.487809181213379 109.40651656966656 81.634378303773701 34.236386405304074 44.701314388774335 28.645343787968159 27.231403846293688 37.828788792714477 80.063852556049824 102.89070926234126 436.27479175105691 18.577334444969893 858.5858560577035 135.73095235414803 74.220994171686471 503.81336781196296 238.85335874184966 85.305398955009878 29.366021376103163 83.880674409680068 18.203406322747469 47.487643347121775 33.414209023118019 38.387801239266992 79.830915433354676 40.437470910139382 46.837273130193353
leaf_count=752 1449 4465 1471 4515 3633 530 759 464 448 8202 26544 2818 372 392 882 201 322 1424 12447 713 5198 6299 402 322 1114 571 506 593 3491 849 3655 2069 5006 852 224 420 702 945 205 392 141 435 228 392 520 2105 152 7542 905 892 3136 1263 852 318 1354 260 589 418 241 874 504 284
internal_value=-3.96901e-05 -0.000753983 -0.00616984 -0.000328577 0.00318281 0.00776794 0.0152949 0.0104984 -0.0010826 0.000412691 -0.00309588 0.000215861 0.00392164 -0.00144073 -0.000313307 0.0105367 0.00697478 -0.0060256 0.00180544 0.0283578 -0.00586037 -0.00236132 0.00189778 0.0125798 0.00278795 0.00969885 0.0160674 0.0223283 0.00222499 4.84632e-05 -0.00145757 0.00551629 0.00692117 0.000730328 0.00935032 -0.00337311 0.0124776 0.000192771 -0.0111592 0.0346549 0.01513 0.00778127 0.00373775 0.0011908 -0.00413053 -0.00686499 0.0144119 -0.00112282 0.00699783 0.00256002 0.00451724 0.00884859 0.0261127 0.0328569 0.0169847 0.0235057 0.0182834 0.0319592 -0.00836114 0.00778035 0.0057245 0.0197223
internal_weight=18061.5 13731.2 999.03 12732.2 2250.18 1081.86 383.012 331.545 10482 6015.24 4466.8 5982.63 1847.78 4134.84 3705.96 665.444 555.755 167.404 2682.16 109.69 1023.8 4196.11 1251.09 388.351 1219.07 426.912 291.758 228.96 4330.25 2607.16 2226.89 1723.09 1568.53 560.011 112.39 838.625 309.439 1182.34 428.888 116.57 360.056 216.739 698.847 1610.06 619.229 539.166 291.205 1168.32 309.739 181.283 990.83 380.271 143.317 114.671 272.627 188.747 170.543 80.9019 616.831 154.052 89.6414 200.032
internal_count=130023 105692 6356 99336 18787 8891 5030 4500 80549 39389 41160 38941 16013 22928 19905 6866 5781 1746 14315 1085 5590 36645 10101 4035 9699 3400 2286 1780 24331 15652 13540 8679 7927 2921 817 4885 1868 9147 3023 963 3713 2402 3861 9644 3017 2625 4036 9896 2354 2201 6627 2112 1311 1170 3884 2530 2270 1007 3896 1766 1263 1166
cat_boundaries=0 1 2 3 4
cat_threshold=645 145 4 4
is_linear=0
shrinkage=0.05


Tree=120
num_leaves=63
num_cat=3
split_feature=40 46 56 55 101 56 101 1 46 26 112 82 59 27 81 54 55 55 54 104 23 55 58 27 97 57 61 34 47 31 55 28 37 61 55 23 81 66 62 57 104 112 57 60 5 50 29 33 18 98 60 115 50 87 50 27 83 39 21 26 53 61
split_gain=13.7152 16.5214 12.9247 11.699 12.5243 11.111 10.8934 18.2659 12.265 11.5832 10.29 10.1491 10.7042 9.86316 9.66834 9.73065 21.1126 20.335 12.3437 12.5002 11.8675 11.5338 18.1177 11.116 11.0577 10.6379 12.1337 10.5787 10.7512 10.0005 11.2014 15.7943 10.2654 9.79037 9.77797 10.621 9.6757 9.62398 10.856 11.5245 11.5374 10.1578 9.57878 12.4184 11.4942 11.4238 11.8505 10.2101 9.914 12.3145 11.538 9.45172 12.7321 9.38235 11.9677 9.36907 9.34498 9.25946 9.10765 9.06788 9.75006 9.92599
threshold=13.500000000000002 3.9250000000000003 0.63396261851832547 2.989779433296647 2.6999999999999997 0.20458541919940523 0.19999999999999932 0.1126984126984127 0.10000000000000001 0.33077414284310841 0 0.08249999999999999 0.855260656973441 0.23577492728151053 1.9969316285348506 0.82843137254901966 0.82555668365932611 0.92464948773395716 0.89087301587301593 35.346708589373883 0.037348305202957184 1.1107444210849444 1.0227013006635315 0.26316650874321651 4.5000000000000009 0.51415755996112589 0.45993589743589752 2.5000000000000004 1.6250000000000002 4.5000000000000009 2.4392241621407424 0.34029539151839971 6.5000000000000009 0.20416666666666669 0.59788644099493449 0.61120926580290547 0.6358473077053205 3.5000000000000004 -0.0094219133998806742 0.30948977220916002 35.166684511063529 1 0.244342098159025 -2.0330800892519818 0.34268453768453772 0.12916666666666668 0.22010788738587284 469.00000000000006 0.45080645161290328 5.5000000000000009 -0.92962834956758578 2 0.54356060606060608 0.076459750566893456 0.24264705882352944 0.21422780285681989 1.0000000180025095e-35 1850.0000000000002 0.14307343529368619 1.0000000180025095e-35 0.95590259313838499 0.9104278074866311
decision_type=2 10 10 8 10 10 10 8 8 10 1 10 10 10 10 10 10 8 10 10 8 10 8 10 10 10 10 2 10 2 8 10 2 8 8 8 10 10 10 10 10 1 8 8 8 8 10 2 10 2 10 9 10 8 8 10 2 2 10 10 10 10
left_child=3 14 13 4 6 -6 7 8 -1 37 -11 51 -13 -3 15 16 20 33 21 24 -2 22 -19 -18 -20 26 -25 28 42 30 31 -21 -33 -17 35 -30 -29 41 -39 40 -40 55 43 -22 45 46 -44 -47 49 -45 -50 52 -8 54 -35 -9 -5 -52 -49 -46 61 -61
right_child=1 2 -4 56 5 -7 11 9 -10 10 -12 12 -14 -15 -16 17 23 18 19 29 27 -23 -24 25 -26 -27 -28 36 34 -31 -32 32 -34 53 -36 -37 -38 38 39 -41 -42 -43 44 48 59 47 -48 58 50 -51 57 -53 -54 -55 -56 -57 -58 -59 -60 60 -62 -63
leaf_value=0.029561726566125747 -0.0090330652035196784 -0.02690466604650631 0.010715855136824933 -0.0054301582599221455 -0.018287317998597345 0.0019059192600990712 0.0024210497854483802 -0.0034452041642238163 0.0063174785788931908 0.013904080025226204 -0.0028104976994820846 0.0078332774738891758 0.027840741620727995 -0.0060419052617797387 -0.019006732383647581 0.012590774553885487 0.0031452377617415851 -0.012921747158143169 -0.013163225781453416 0.0065068909680003799 -0.013745298240524846 0.017809514228196738 0.016019805225574845 0.013142167636725467 0.01512539372214192 0.0010067421101239841 0.04803492496426548 -0.0010793696241855858 -0.005613267525869773 -0.011609884265795315 0.015850976729675861 -0.016234889669513721 -0.00058394590416709709 -0.0017661972080528659 0.01265108042201519 0.026735822238105746 -0.0093247044482590857 -0.0013034857856157227 -0.0035748807283529048 0.0018983768497216594 0.022993346810269058 -0.0035584783861906041 0.016130220523128607 0.0047772061961192363 0.028210138996637803 -0.016645265217976917 -0.0068539383365375699 0.018317984506643483 0.024097887655683266 -0.019234214589943281 0.0023995644152541972 -0.003320384247492108 0.020622722179242534 -0.0090326892978771552 -0.03518837655586806 0.027843331668480312 -0.036718909352738853 0.025251638370173475 -0.0060718776847861061 -0.0020199392619709633 0.0076767636935666204 0.0077913152795693972
leaf_weight=59.319195964373648 360.33306752890348 129.61446233652532 47.18414992839098 109.64082008879632 135.14882826432586 135.99346316047013 270.00880856066942 44.899653667584062 990.41767655219883 267.09839526563883 139.80343368276954 174.07321072462946 108.74129640497267 101.33082957472652 70.251721409149468 42.976691503077745 121.02674838807434 119.20368119515479 342.78062735591084 448.77967463526875 83.610634943470359 158.76705537457019 97.294511960819364 46.973717502318323 37.568424914963543 37.389174085110426 54.622550996020436 1857.599862344563 932.2401557834819 156.94293883629143 125.25077149178833 173.60243276972324 262.1483713760972 39.764383621513844 87.332328055985272 25.105359338223934 439.1974539058283 724.79580704309046 53.270945623517036 317.08074692636728 171.02241475880146 2026.583472667262 113.76564152538776 1403.5830291695893 32.469883622601628 226.1234802827239 108.85051646083593 42.971966646611691 142.37518331408501 54.535678402520716 235.51593307219446 252.66049161553383 148.41768783051521 558.12554799113423 81.753911032341421 49.742000732570887 29.676864296197891 53.682004272937775 295.34972194954753 1262.789201548323 554.91452582925558 322.84837171062827
leaf_count=422 4394 1947 244 780 1271 707 1267 269 8795 1241 659 1147 561 1094 943 590 782 853 2057 2936 903 962 569 380 333 176 296 13246 8002 1129 685 1064 1567 190 629 169 4548 4710 280 1482 868 10642 520 14804 272 1207 494 244 912 576 1310 1641 1147 3502 688 267 232 297 1473 10410 2722 1620
internal_value=6.0668e-05 -0.000934023 -0.0129548 0.00196526 0.00229491 -0.00818946 0.00278655 0.00182394 0.00765786 0.000208323 0.00816847 0.00766776 0.0155971 -0.0178163 -0.000644972 -0.000531556 0.000260242 -0.00319353 -0.000503946 -0.00247795 -0.000163219 0.00761907 9.84714e-05 0.0142704 -0.0103367 0.0238664 0.0321874 0.000224068 0.00133218 9.06468e-05 0.00191886 -6.96174e-05 -0.00684215 -0.0103378 -0.00327355 -0.00473793 -0.00265943 -0.000749997 0.00269824 0.00804831 0.0166954 -0.00280857 0.00230794 0.00500541 0.000508623 -0.00466482 0.00491148 -0.0084437 0.00584187 0.00386658 0.0124913 0.00430789 0.00891104 -0.0118041 -0.0243553 0.0131187 -0.0123093 0.00671385 -0.00292914 0.00238371 0.00197896 -1.86386e-05
internal_weight=18096.9 11888.5 278.129 6208.4 6069.08 271.142 5797.94 4844.03 1049.74 3794.3 406.902 953.901 282.815 230.945 11610.4 11540.2 8895.21 2644.96 1922.34 1547.07 8635.19 375.265 216.498 260.012 380.349 138.985 101.596 8274.86 5978.06 1166.72 1009.78 884.53 435.751 722.621 1044.68 957.346 2296.8 3387.4 1266.17 541.374 224.293 2121.23 4933.39 1973.3 2960.08 787.061 222.616 564.445 1889.69 1458.12 431.573 671.087 418.426 679.644 121.518 94.6417 139.318 289.198 338.322 2173.02 2140.55 1585.64
internal_count=130127 91739 3285 38388 37376 1978 35398 29635 9217 20418 1900 5763 1708 3041 88454 87511 70386 17125 12155 9771 68752 2384 1422 1634 2390 852 676 64358 46564 7381 6252 5567 2631 4970 8800 8171 17794 18518 7340 2630 1148 11178 37764 18802 18962 3938 1014 2924 17899 15380 2519 4055 2414 4380 878 536 1012 1607 1717 15024 14752 12030
cat_boundaries=0 1 2 3
cat_threshold=4 1 4
is_linear=0
shrinkage=0.05


Tree=121
num_leaves=63
num_cat=6
split_feature=9 51 12 2 87 28 94 9 12 30 31 91 93 96 37 110 18 87 26 58 38 110 109 110 110 13 104 63 43 62 5 16 53 82 55 46 59 36 103 87 84 26 110 57 46 96 102 26 9 69 67 30 24 38 26 23 33 8 55 38 95 84
split_gain=13.0528 13.0795 13.6793 15.8248 12.1904 11.2871 10.5346 13.9585 10.1403 12.6986 13.6356 11.2661 14.5333 12.3427 12.1064 20.0251 12.5344 12.0218 11.9399 11.8406 11.7993 16.4007 13.0889 16.5771 14.1543 14.1118 12.6866 16.5442 14.0541 14.4775 14.2735 11.7484 11.598 12.7173 11.5004 11.4705 11.2437 10.9198 10.8871 10.8106 11.4582 11.9735 10.5917 13.2441 10.3482 15.4784 11.2469 10.1626 10.1022 10.0482 11.629 10.0016 11.9422 10.0822 9.94175 9.85684 10.8313 9.83263 14.4482 10.0529 10.0758 9.76277
threshold=181.50000000000003 -1.4331400279912994 1.0000000180025095e-35 0.13961038961038963 0.6101173642533938 0.23027620742943217 5.5000000000000009 63.500000000000007 -1.0000000180025095e-35 0.091229193341869422 2.5000000000000004 0.2752525252525253 0.35147058823529415 35.901851851851866 8.5000000000000018 0 0.36515151515151517 0.10658777120315584 0.10931824986656601 1.0882163321147924 0.48529411764705888 1 2 3 4 1.5000000000000002 35.966350050694139 0.22474747474747478 1.5000000000000002 0.064335670229625733 0.73719769813519831 0.28008696240080461 -0.56050652568428416 0.026041666666666716 0.69594997339924014 0.11666666666666674 0.06931002488620662 1.5000000000000002 0.33370955605718594 0.16724941724941728 0.16025641025641027 0.2560420832732046 5 -0.49873198693602422 3.0083333333333337 13.502500000000003 0.2039927123431525 0.23451618921030234 19.500000000000004 -2.0062499999999992 25.050000000000004 0.25197183661861683 0.35504201680672276 0.72474747474747481 0.2488908571990946 0.20973213574217642 455.00000000000006 0.25833333333333336 -0.66588325854488184 0.080128205128205135 34.550000000000004 0.057189542483660136
decision_type=10 8 10 10 10 10 2 10 8 10 2 10 10 10 2 1 8 10 8 10 2 1 1 1 1 10 8 8 2 8 10 2 10 10 8 8 8 2 10 10 2 10 1 8 10 8 10 10 8 8 8 8 10 2 8 8 2 8 8 2 10 2
left_child=1 6 8 5 49 -4 -1 -8 9 -3 -11 18 38 14 15 -14 -17 -16 42 -19 21 31 24 44 -22 35 27 37 29 -28 48 57 -21 -34 -35 -26 -29 -23 51 40 41 -38 -10 -44 45 -24 -46 -27 -31 -5 -51 -13 53 -53 -25 56 -56 58 -20 60 -59 -2
right_child=61 2 3 4 -6 -7 7 -9 11 10 -12 12 13 -15 17 16 -18 19 20 32 22 26 23 54 25 47 28 36 -30 30 -32 -33 33 34 -36 -37 39 -39 -40 -41 -42 -43 43 -45 46 -47 -48 -49 -50 50 -52 52 -54 -55 55 -57 -58 59 -60 -61 -62 -63
leaf_value=0.00732912742283519 -0.001883193561935893 -0.019674293265269073 -0.028709309141706937 -0.018930519877663532 -0.016764827073661403 -0.006621181191527702 0.0028362281304655421 -0.021753993748697985 -0.013946960952077869 -0.018286094417201679 0.015798952302190191 -0.010147387397488866 -0.004756234596403534 -0.0087110145445176475 -0.021684888676763502 0.027477320897927916 0.0066297205290293164 -0.0068722410796067945 0.024698949227283041 0.027632248280779221 0.009504072065146342 0.061965296522284122 0.041561851942777811 -0.0078297724739702645 0.023654422215181561 0.04142910538164303 -0.0070381475126794595 0.023723967673209435 -0.0039885299957746851 -0.009829380065314107 0.040701630310020435 0.026611377309024565 0.01507982893591792 -0.01730250296533559 0.01437201785158803 0.0012943132950540915 -0.0022087913148941727 0.018106229585112901 -0.029165158095374323 -0.012019215485219331 0.035625984127891808 0.014757147880020775 -0.025164219400630152 0.0022674933777463522 -0.038192315036478762 0.0044724746024895831 0.0031220944053126365 0.0061339372489943597 0.011264662515663814 0.021535368195428659 -0.00090618001465864585 0.002937088786837638 0.019510641142121008 -0.021562292898276506 -0.027179407706283194 0.0052177035642425856 -0.00010228459077676313 -0.0052933959948711362 -0.0012733270501800516 -0.0046123698332666968 -0.028233659174971198 -0.017524094735435994
leaf_weight=995.68900814652443 216.6537423976697 34.371157139539719 108.61817016080022 69.980500252917409 134.86961077526212 124.11385317146778 233.46054844558239 75.583789236843586 241.2463056538254 32.148373222909868 264.28980372287333 603.47284749522805 420.48642593622208 396.58195778355002 83.313298773020506 79.244439186528325 726.62697337567806 442.32263102196157 61.804672207683325 50.557929499074817 975.22940599359572 18.549483495764434 27.993553645908833 765.45698790531605 57.702899712137878 37.847495757974684 162.38848410453647 70.192421830259264 1011.1449050288647 67.555800382047892 34.777763806283474 30.184701923280954 98.858488343656063 99.315698508173227 39.251138836145401 2510.4677561512217 292.80428643990308 57.272091998718679 56.20695218257606 102.27621824573725 29.213398387655616 160.08953729830682 48.802431654650718 376.77473515551537 28.02141791395843 969.16735270433128 37.778812515549362 43.803750660270452 333.39146082662046 60.844065800309181 866.27194989658892 132.98312215320766 67.486673932522535 60.244360089302063 55.11145163141191 394.45009735040367 108.0798504576087 97.124420784413815 362.69673113524914 1646.0033648461103 94.481476494111121 184.35550184641033
leaf_count=4498 1876 290 1126 385 689 925 1033 336 3259 201 1640 3805 2167 2037 490 450 3601 2303 327 318 7415 228 141 6975 445 256 1958 637 7971 381 233 272 493 502 189 19147 2315 738 334 660 219 978 1396 3941 288 7881 378 244 2107 316 4716 843 370 368 570 2216 911 932 1744 14258 917 1576
internal_value=-0.000190696 1.20199e-05 -0.000372263 -0.00516297 -0.00271464 -0.0170086 0.00482782 -0.00322863 6.39783e-05 0.00870754 0.0120534 -0.000131557 -0.00267469 -0.000651629 0.000918657 0.00405474 0.00860462 -0.00380749 0.000623455 -0.00174118 0.0010303 -0.00086614 0.00249152 -0.000384291 0.00438401 0.00245167 0.00207646 0.00754555 -0.000396063 0.00567373 0.0104165 -0.00386135 0.0061363 0.0014622 -0.00829153 0.00180572 0.00496101 0.0295031 -0.00802382 0.00267065 0.00580544 0.00380765 -0.00586189 -0.000908517 0.00424294 0.00555429 -0.0147802 0.0227975 0.0076949 -0.000799289 0.000588213 -0.00661666 0.00156342 -0.004773 -0.0041032 0.000943554 -0.00935636 -0.0042966 0.00255723 -0.00588042 -0.0166932 -0.00909947
internal_weight=18068.1 17667.1 16362.3 1364.7 1131.97 232.732 1304.73 309.044 14997.6 330.809 296.438 14666.8 3356.95 2436.56 2039.98 1226.36 805.871 813.619 11309.9 730.306 10643.1 4631.95 6011.11 2386.06 3625.05 2649.82 2339.66 730.397 1609.26 598.114 435.725 2292.3 287.983 237.425 138.567 2568.17 654.576 75.8216 920.394 584.383 482.107 452.894 666.823 425.577 1062.96 997.161 65.8002 81.6512 400.947 997.097 927.116 864.187 260.714 193.227 1323.1 557.641 163.191 2262.11 424.501 1837.61 191.606 401.009
internal_count=130215 126763 120896 8157 6106 2051 5867 1369 112739 2131 1841 110608 18270 12550 10513 6218 4051 4295 92338 3805 83742 36875 46867 19360 27507 20092 18425 5775 12650 4679 2721 18450 1502 1184 691 19592 4809 966 5720 4172 3512 3293 8596 5337 8688 8022 666 500 2488 5417 5032 5386 1581 1211 10672 3697 1481 18178 2071 16107 1849 3452
cat_boundaries=0 1 2 3 4 5 6
cat_threshold=176 165 1 308 98 904
is_linear=0
shrinkage=0.05


Tree=122
num_leaves=63
num_cat=4
split_feature=13 71 40 67 110 104 29 26 56 33 54 26 3 91 80 17 47 33 110 21 77 26 115 99 107 20 32 27 101 93 0 53 33 26 53 101 67 87 23 87 110 26 100 1 90 47 42 46 104 59 54 7 23 55 23 104 10 34 21 104 80 25
split_gain=15.9718 14.3009 11.3761 13.6295 11.1314 17.9884 17.527 13.974 12.0626 11.2116 11.1975 11.0722 13.5598 10.6616 15.3511 13.3068 11.0681 10.6298 10.434 10.4157 14.3312 11.6545 10.6648 18.6095 16.3263 11.4243 17.3869 10.663 11.9085 11.199 10.4279 11.515 11.3933 10.2166 11.4667 11.7803 12.4826 10.2514 11.7924 9.96284 9.95918 11.7951 9.91748 14.7092 14.2683 14.0717 12.9456 11.0575 9.92195 10.7625 10.7297 13.6734 11.4335 10.8018 10.3331 9.90083 11.0739 10.1261 9.79165 10.6019 9.7546 9.68256
threshold=1.0000000180025095e-35 2.5000000000000004 15.500000000000002 37.850000000000001 0 38.705173951828733 0.28852551217983008 0.2885463791744497 1.0748194543070127e-14 517.00000000000011 0.82247899159663873 0.14293952875267757 0.41649540935255225 0.2752525252525253 0.91287878787878796 0.91987179487179505 6.5000000000000009 499.00000000000006 1 0.19261309249731087 1.0000000180025095e-35 0.38046896363139193 2 33.650000000000013 40.200277777777792 586.50000000000011 52.250000000000007 0.24324748477290856 0.14999999999999861 0.75595238095238104 4.5000000000000009 0.72790732024546856 441.00000000000006 0.30909927239274071 -0.71306907505429784 0.40000000000000219 28.050000000000004 0.3256178210929343 0.11098541980894923 0.57854191263282184 3 0.23079361982342328 6.5000000000000009 0.14495798319327732 1.0000000180025095e-35 1.8750000000000002 1.5000000000000002 0.50833333333333375 39.256265703517592 0.66956374081752723 0.81980519480519487 1.5000000000000002 0.21434416647182605 0.55342428911206343 0.17145146520146523 38.600308641975317 -214.99999999999997 12.500000000000002 0.20807345358039744 39.046543188801643 0.080128205128205135 6.5000000000000009
decision_type=10 10 2 10 1 8 8 8 8 2 8 10 10 10 10 10 8 2 1 8 8 10 9 8 10 2 2 10 10 8 2 10 2 10 10 8 8 10 8 10 1 10 10 8 8 10 2 8 10 8 10 10 10 10 8 10 8 2 10 10 8 2
left_child=1 2 19 11 5 9 -7 8 -6 -5 -10 12 -4 15 -15 16 61 39 -3 20 -1 22 23 -22 25 -24 -27 55 30 -30 31 -29 -32 34 35 36 -25 -37 -39 -14 41 -33 43 44 -13 60 -44 -48 50 -50 53 -52 54 -45 -53 56 -21 -58 -57 -60 -46 -2
right_child=13 18 3 4 7 6 -8 -9 10 -11 -12 42 17 14 -16 -17 -18 -19 -20 27 21 -23 24 33 -26 26 -28 28 29 -31 32 40 -34 -35 -36 37 -38 38 -40 -41 -42 -43 46 48 45 -47 47 -49 49 -51 51 52 -54 -55 -56 58 57 -59 59 -61 -62 -63
leaf_value=-0.016289996091485546 0.007485763891272177 -0.0026747494085020917 -0.00087025102895872328 -0.019889983286853631 -0.014124875715331164 -0.0047432541606478784 0.045772481642264821 0.0080210486434926977 0.00064207433586508495 0.014597078463264785 -0.013312609248112582 0.030530288507613197 -0.023937912628961371 0.0026128066317807727 -0.019713406106340009 0.03596106844516371 -0.0092248601715475952 0.010940168419700122 0.019984233706027421 0.0098247554696513292 0.038889808265293126 0.027401270588900069 -0.0030932122853767189 -0.0052886955342594652 -0.030786338544956937 0.043282559266416623 0.0041255465138798596 -0.0020222610002469752 0.0047440139649021738 0.023457607047668066 -0.028561525816814266 -0.027411155822625783 -0.0035137989148716917 -0.01006986864626227 0.010026767070732565 -0.011457271226633653 0.015778335996244452 -0.010932916692331028 0.030163478930728932 0.018234525509872593 0.0093877806861095755 0.0057763819970461433 0.018749458581066584 0.00017692531551124005 -0.013650286415968002 -0.0079295579908056964 0.0030698169703305455 -0.015134310743112498 -0.027694698647174838 -0.0047026736205429166 -0.001096699209320529 -0.014770006338774504 -0.023024380687953341 0.0098504329794004558 0.020915024397793885 -0.010287846922406842 -0.0049998917254238853 -0.026489287870651523 0.014533108163365369 0.00052942821046028958 0.0088368286934454136 0.031930671721251115
leaf_weight=93.860487573780119 734.96294516976923 81.393587158992887 312.64866264536977 353.64015339035541 310.24852935504168 78.812503978610039 20.901956954970956 219.29203651938587 628.70048293098807 24.543083761818707 185.33698763884604 54.259484847076237 188.49517711531371 885.99647951498628 83.31181600689888 40.291314613074064 94.261759517714381 29.514192059636116 133.70019716769457 122.42618925124407 40.681508549489081 48.965986451134086 784.92996980436146 112.38504305575043 41.035494419746101 28.89503922406584 556.57613443210721 763.9446507114917 410.8970655426383 98.512493941932917 48.256937010213733 42.887372933328152 586.56940992176533 103.67321119550616 800.99418919440359 223.54893123358488 185.05597141012549 32.719051761552691 35.471976610831916 14.406536987982689 583.43511500582099 67.959830861538649 42.445070127025247 2019.1031288355589 50.776318144053221 186.01162242610008 116.03116289526224 293.0913004912436 64.076782815158367 236.37336105294526 636.60629178583622 47.835330089554191 155.98063822463155 335.71246287971735 33.70075237005949 141.98099522478878 1898.8802017625421 55.520397668704391 179.35431245900691 539.66489584371448 725.72654265817255 42.015290316194296
leaf_count=907 5312 384 2351 3502 5289 830 163 1528 5438 207 1386 545 2764 4506 469 186 676 407 626 794 302 312 7872 1143 664 279 4879 4175 2218 459 267 210 3076 707 6011 2655 1444 305 325 160 2741 324 479 12723 365 2122 1088 3309 384 1480 3413 356 816 1821 224 1032 10855 335 1023 3018 6451 298
internal_value=-3.23318e-05 -0.000538527 -0.000711115 -0.00215447 -0.00590553 -0.0123891 0.0061951 -0.00347392 -0.00575202 -0.0176193 -0.00254751 -0.000920949 -0.00768098 0.00432786 0.000675535 0.00820668 0.0068834 -0.0167999 0.0122382 0.000520786 0.0028468 0.00345178 0.00304455 0.00592831 -9.26959e-05 0.000848178 0.00612859 -0.000776282 0.00155399 0.00840182 -0.000115857 0.00221271 -0.00545975 0.00500527 0.00613593 0.000838303 0.00782732 -0.00628969 0.0105718 -0.0208688 0.00686881 -0.00660389 -0.000182295 0.000520278 0.00581599 0.00439254 -0.00724098 -0.00997654 -0.00100657 -0.00968177 -0.0001966 -0.00492408 -0.0151348 0.00155962 5.41454e-05 -0.00284037 -0.00470864 -0.00562359 0.00166634 0.00403788 0.00735071 0.00884697
internal_weight=18089.3 16208.4 15993.4 7364.27 1821.48 477.898 99.7145 1343.58 1124.29 378.183 814.037 5542.79 545.065 1880.84 969.308 911.531 871.24 232.416 215.094 8629.08 3088.79 2994.93 2945.97 1534.53 1411.44 1370.4 585.471 5540.29 2602.46 509.41 2093.05 1458.23 634.826 1493.85 1390.18 589.181 297.441 291.74 68.191 202.902 694.282 110.847 4997.73 4546.16 1016.77 962.514 451.568 409.122 3529.39 300.45 3228.94 874.123 237.517 2354.82 81.5361 2937.83 2076.83 1954.4 861 719.019 776.503 776.978
internal_count=130390 118943 117933 59601 18343 4702 993 13641 12113 3709 6824 41258 5682 11447 4975 6472 6286 3331 1010 58332 27805 26898 26586 12892 13694 13030 5158 30527 13470 2677 10793 7450 3343 12590 11883 5872 2587 3285 630 2924 3275 534 35576 30700 9483 8938 4876 4397 21217 1864 19353 4809 1396 14544 580 17057 11984 11190 5073 4041 6816 5610
cat_boundaries=0 1 2 3 4
cat_threshold=525 161 4 48
is_linear=0
shrinkage=0.05


Tree=123
num_leaves=63
num_cat=1
split_feature=12 6 8 9 34 67 2 68 28 70 8 103 81 62 38 9 13 104 104 103 81 107 68 101 8 56 93 18 48 96 104 70 33 30 30 104 28 27 56 104 62 20 33 6 62 42 33 34 38 33 112 82 58 7 9 63 106 17 14 42 33 67
split_gain=12.9657 17.7237 13.9516 17.0672 15.8773 12.5323 12.7124 13.24 16.8464 12.923 12.5011 13.612 13.3765 15.5483 11.2484 11.0832 10.6562 10.5805 17.4816 11.5046 10.5898 12.2671 12.0968 11.8846 14.2167 11.5915 11.5497 13.8159 10.5181 12.579 10.2667 11.2325 12.9879 10.1299 10.1278 10.0062 9.99749 9.98658 9.90805 9.82672 9.80632 15.017 13.7906 10.0347 12.478 9.78401 9.59707 11.2894 13.9329 9.56776 9.42286 11.5597 10.4765 9.75956 14.8634 9.37555 10.1323 10.2315 12.2523 13.2962 9.73363 9.72872
threshold=1.0000000180025095e-35 38.916666666666679 0.26969696969696971 34.500000000000007 5.5000000000000009 38.850000000000001 0.037749287749287756 12.15 0.17245143803644034 0.88 0.55050505050505061 0.30307765151515159 -0.31084643197457668 0.21061857468231132 0.93095238095238109 225.50000000000003 2.5000000000000004 35.346708589373883 35.191160656197788 0.29416493285417067 1.0000000180025095e-35 36.80058139534885 12.450000000000001 1.6999999999999995 0.18465909090909094 0.10303952566447735 0.36939571150097467 0.33809523809523817 0.82247899159663873 34.151190476190486 38.72892436402892 -0.15000000000000122 479.00000000000006 0.11136950904392766 0.30560796645702309 39.362421992181744 0.29546462853916278 0.1558504419104613 0.36435440395295254 39.232884267631114 0.76609829167012988 392.50000000000006 501.00000000000006 34.641666666666673 0.72567099707773308 4.5000000000000009 513.00000000000011 1.0000000180025095e-35 0.53589743589743599 487.00000000000006 0 0.10984848484848493 0.26514770402734483 3.5000000000000004 69.500000000000014 0.10357142857142858 0.46697819314641748 0.43875000000000003 1.0000000180025095e-35 5.5000000000000009 483.00000000000006 25.550000000000004
decision_type=10 10 8 8 2 10 8 10 10 8 10 8 8 10 2 10 10 10 8 10 10 10 8 8 10 8 8 8 10 10 10 10 2 10 10 10 8 10 10 8 10 2 2 10 8 2 2 2 2 2 1 10 8 10 10 8 8 8 2 2 2 8
left_child=2 40 17 4 10 6 7 46 14 30 11 35 55 -14 -9 50 -7 18 28 36 33 22 25 24 -24 -22 27 -23 29 -1 34 49 -33 -19 -10 -4 -20 -37 -28 -6 43 42 -42 44 -2 -36 -5 -48 -49 -32 51 52 -8 54 -53 -12 57 58 59 -57 -58 -61
right_child=1 -3 3 5 39 16 15 8 9 -11 12 -13 13 -15 -16 -17 -18 20 19 -21 21 26 23 -25 -26 -27 38 -29 -30 -31 31 32 -34 -35 45 37 -38 -39 -40 -41 41 -43 -44 -45 -46 -47 47 48 -50 -51 -52 53 -54 -55 -56 56 60 -59 -60 61 -62 -63
leaf_value=0.022789126655015465 0.0075209841072233427 -0.025461594570886467 0.00032899323179358809 0.0061802311517649934 -0.008587490888403361 -0.005224475400853839 -0.021803046010897782 -0.015912282510564004 -0.0038314846077955492 0.036265496777697491 0.030381848901425392 -0.010559108476406412 -0.014454547784321693 -6.4040424001822561e-05 0.018486531184513325 -0.022478845777078104 0.018556565385157906 -0.017207037709817959 0.000259474315344776 -0.02816509158203237 0.044202062215178223 0.0023117026619814906 -0.0011144817395931834 -0.012688087190609938 0.017208818165298491 0.015562692807665432 -0.023661382344626558 0.036209074366378609 -0.0031547326713401943 0.0017715614519249632 -0.0072441593288590502 0.05663675993778803 0.0028871180567120055 0.0027071551755019308 -0.0042399576196682958 -0.010321960855446542 -0.020753927077863932 0.015383232894920502 -0.00022422651203595325 -0.02863694660005996 -0.018232545718707482 0.0045116536633997414 0.013010444577617323 -0.010344761449947731 -0.02305805223572624 0.03969873375396446 0.0041422493866566023 0.011365364708581932 0.056123659814029836 0.023553507595318424 -0.0023392306530388611 0.026198903300937604 0.0020156750390676564 0.028754093943713352 -0.016248241212013782 -0.0092128107759600168 0.00040806658764050863 -0.020844446401129521 -0.019634879193414289 0.040546545437272825 0.031629299596482502 0.0075733821991904428
leaf_weight=115.69057769328356 185.97909354139119 91.066328808665276 1816.6950911954045 1433.462381250225 390.93567091412842 1011.972751064226 46.163122927770019 202.94595494493842 427.03676198609173 28.270823563449085 23.877141826786101 256.06333523057401 560.68700335873291 281.92429178953171 26.053524143062532 52.771677987650037 48.436791941523552 64.805254608392715 190.71402253583074 73.833546448498964 41.130728848278522 111.09515571035445 175.61958205327392 66.060272365808487 265.05939596891403 237.83453310281038 59.119173504412174 40.288614861667156 311.33215188980103 183.05392633378506 65.331805479712784 25.896426859311759 19.499763365834951 2170.6898563355207 22.912948787212372 45.189274251461029 79.478117611259222 212.12366919033229 180.5086658410728 71.886455282568932 154.1498814560473 650.12741805240512 44.942942455410957 579.59459011349827 39.612391790375113 26.862238716334105 58.863069657236338 35.495608543977141 34.329136117361486 39.742044770158827 1825.2865136768669 37.647540416568518 2190.8469216562808 73.067831614986062 43.253561453893781 112.8733861092478 62.171402458101511 76.857390394434333 67.892329716123641 25.91819360293448 40.743273209780455 137.04355726204813
leaf_count=552 1104 795 11351 11230 3259 10868 320 3099 4785 327 378 1412 9351 2280 385 409 352 317 912 345 224 635 832 332 1331 1176 290 208 1388 962 738 326 217 10044 201 333 387 1326 816 672 764 3134 198 4030 244 235 449 273 249 362 13671 245 14547 453 292 1196 389 659 703 253 247 1305
internal_value=-1.29415e-05 -0.00410761 0.000425076 -0.000458164 -0.00303319 0.000927184 0.0017249 0.0045976 -0.000290551 0.00378922 -0.00194501 0.000294035 -0.0056959 -0.0096455 -0.0119353 7.77873e-05 -0.00412176 0.00284376 -0.00180941 -0.0108055 0.004145 0.00798239 0.01158 0.00695408 0.00992062 0.0199281 0.000742201 0.0115114 0.00327294 0.00995961 0.00227016 0.0136107 0.0341087 0.00212242 -0.00132962 0.00163844 -0.00597544 0.0108464 -0.00608077 -0.0117566 -0.00291751 0.000831105 -0.01115 -0.00686726 0.00207344 0.0197873 0.00736389 0.0203994 0.0338524 0.00451666 0.000365374 0.0024302 0.00151463 0.0156369 0.00358335 0.000390458 -0.00103279 -0.00447783 -0.000768405 0.00392942 0.0129538 0.0130329
internal_weight=18070.8 1745.47 16325.3 11959 4182.88 7776.15 6715.74 2446.7 884.552 655.553 3720.06 2330.07 1389.99 842.611 228.999 4269.04 1060.41 4366.31 954.102 344.026 3412.21 1176.72 785.705 506.739 440.679 278.965 391.012 151.384 610.077 298.745 627.282 150.47 45.3962 2235.5 476.812 2074.01 270.192 257.313 239.628 462.822 1654.41 849.22 199.093 805.186 225.591 49.7752 1562.15 128.688 69.8247 105.074 4216.27 2390.98 2237.01 153.969 80.9011 547.377 523.5 420.585 343.727 275.835 102.915 162.962
internal_count=130167 10269 119898 99147 35114 64033 52813 22876 10675 7191 31183 14422 16761 11631 3484 29937 11220 20751 4546 1644 16205 5844 3895 2495 2163 1400 1949 843 2902 1514 6864 1643 543 10361 5221 13010 1299 1659 1106 3931 9474 4096 962 5378 1348 436 12201 971 522 1100 29528 15857 14867 990 537 5130 4752 4116 3457 2754 636 1558
cat_boundaries=0 1
cat_threshold=4
is_linear=0
shrinkage=0.05


Tree=124
num_leaves=63
num_cat=6
split_feature=10 39 31 112 95 4 81 59 3 110 59 49 110 82 6 58 38 110 13 110 55 55 37 10 101 107 28 59 107 48 48 20 58 20 67 45 110 34 6 101 63 24 106 54 55 40 55 67 78 43 2 9 3 93 32 20 70 107 54 20 33 1
split_gain=13.9486 21.913 13.9867 12.9496 13.6057 12.7905 14.8722 23.6198 14.4864 13.4902 17.8724 13.1407 11.569 11.1554 10.8887 12.7981 11.2112 10.2403 10.234 11.3084 10.4599 12.5099 11.7852 11.7015 11.5357 13.8031 12.2594 10.5955 10.3643 10.1839 9.84052 9.71557 14.4864 14.2997 12.3436 11.6304 9.64482 9.60544 9.53671 14.6385 13.869 10.9942 9.50677 9.4962 15.6454 12.0186 15.2542 10.1073 15.2815 11.2422 19.2556 12.5609 14.523 18.2775 12.9199 11.0913 14.6842 10.8206 12.8558 11.4912 10.8762 10.7822
threshold=35.000000000000007 1650.0000000000002 7.5000000000000009 0 33.550000000000004 0.54169210419210423 -0.21933807432960548 0.8872228022892702 0.45454657776086355 1 0.81072254452232506 -0.71875095840008629 2 0.13150072150072159 38.883333333333347 1.3300144735248611 0.65686274509803932 3 1.5000000000000002 4 0.26357258500618935 0.34908301568050881 12.500000000000002 -94.999999999999986 0.099999999999997882 34.601136363636371 0.26466478129934212 1.2041363125938014 35.700381679389324 0.4393382352941177 0.92582417582417598 441.50000000000006 0.5408286030260715 202.50000000000003 25.150000000000002 13.500000000000002 5 1.0000000180025095e-35 35.383333333333347 3.3000000000000012 0.84807692307692317 0.60555555555555574 0.42588071154516921 0.95227272727272738 1.6566098733171926 9.5000000000000018 1.6016075962995344 39.050000000000004 41.500000000000007 1.5000000000000002 0.1731634182908546 48.500000000000007 0.32266414141414146 0.71825396825396837 57.250000000000007 1366.5000000000002 -0.014039408866994839 37.000925925925934 0.22048611111111113 465.50000000000006 491.00000000000006 0.19722222222222227
decision_type=10 2 2 1 10 10 8 8 10 1 8 8 1 10 8 8 2 1 10 1 10 10 2 8 8 10 10 10 10 10 10 2 10 2 8 2 1 2 10 10 8 8 10 10 10 2 10 10 8 2 10 8 8 8 2 2 10 10 10 2 2 10
left_child=2 -2 5 4 -3 8 7 30 18 11 -11 -8 -6 -9 15 31 -17 -16 19 20 22 -22 23 37 26 -26 -23 28 -24 -20 -7 32 33 35 -33 -5 -35 -1 40 -40 41 -13 -27 44 47 -45 -47 48 55 50 51 52 53 -50 -53 56 -21 59 61 -51 -60 -59
right_child=1 3 -4 14 12 6 9 13 -10 10 -12 38 -14 -15 17 16 -18 -19 29 43 21 24 27 -25 25 42 -28 -29 -30 -31 -32 34 -34 36 -36 -37 -38 -39 39 -41 -42 -43 -44 45 -46 46 -48 -49 49 57 -52 54 -54 -55 -56 -57 -58 58 60 -61 -62 -63
leaf_value=0.022660837975521694 -0.0087194632675268707 -0.012463937958096527 -0.017887317213493247 0.027346181264388311 0.012679584357808291 0.01290706895719909 -0.0057756627894795763 -0.0034384685726463263 -0.004216684000442201 -0.0081027927295243968 0.0061359650548141638 0.012216719457710514 -0.0043970498931889153 0.025084173374262164 0.012333817028198643 0.0013781138340402026 -0.018926250265857716 -0.013167123712033333 0.02741727916143577 0.045625267803266208 0.02290944840976843 0.013912740176565975 -0.026306657068718438 0.00020712432455845557 0.039821654241671708 0.003398452120934935 -0.0037935891988965728 0.012476365799243015 -0.0046789672819379435 0.0050700563330499963 0.047272077908580061 0.028166773801303582 -0.0078940566475370223 0.016656134298568558 0.0064198726351132373 -0.0029627969642021298 -0.0136956074441969 0.00096130012167376785 0.0037096618031387074 0.052863984878557896 -0.0070870479792630352 0.050315998375122455 0.018281985450984306 0.013075173217976941 0.032723567578437945 -0.020008383894711441 -0.0028267655967260386 -0.0062275032736765707 0.019779161886562917 -0.0050627004608048021 -0.0085187780736705725 0.0072692178139009455 -0.0078110424602059626 -0.007366715532545272 0.025085137394988896 0.0040444991465361244 0.0067034134132975239 0.020786397689333571 -0.013299230390371905 0.0022981742019170053 -0.00088919630632701115 -0.0067702946246566142
leaf_weight=115.99120339006186 1114.509229041636 389.93824397074059 100.80794435366988 104.63661213312298 122.66421781759709 663.07696765288711 134.63024948164821 391.90870291087776 1728.5799081679434 605.77742695156485 345.1861040815711 32.420226998627186 373.46252488205209 36.558489786460996 41.607443333603442 172.60305014997721 111.0313429068774 185.67254296969622 56.156896959990263 46.171178257092834 105.04176227934659 123.54094034433365 92.330938449129462 1052.8965712664649 35.686033617705107 347.68914305232465 453.58264629915357 46.739148676395416 137.62633609864861 480.48610518500209 20.683399412781 69.757348168641329 292.66008171625435 27.051521267741919 860.80263224989176 44.93262992426753 79.364463947713375 90.572570621967316 224.41454080957919 15.261136827990411 25.122375559061766 47.452241100370884 154.57920927740633 67.997472628951073 34.938629686832428 201.82436005026102 356.89956352859735 651.55094328988343 151.68169005960226 786.11792733892798 277.46832264959812 570.12029632925987 271.3295923769474 103.70835441723466 123.33493369445205 156.52999368309975 50.669102370738983 71.985354031436145 507.65850569494069 1623.4691288331524 270.64062941819429 68.381447231397033
leaf_count=626 9560 3795 1067 943 921 6879 2332 3540 11466 9438 4069 278 2911 292 428 972 632 1970 288 315 580 613 635 6766 177 2158 2221 243 980 2184 121 453 1801 284 6045 406 770 493 2992 202 184 430 767 318 174 1057 1827 4422 709 4467 1425 3858 1375 470 719 875 406 569 2942 8635 1487 363
internal_value=-0.000162416 -0.00277087 0.000578237 -0.000463582 -0.00548813 0.000712886 0.00391925 0.00825296 -1.62029e-06 0.000545782 -0.00290282 0.00728851 8.66142e-06 -0.000952065 0.00177514 0.00310418 -0.00660879 -0.00850167 0.000751012 0.000356988 0.00302715 0.00649221 0.000292223 0.00234631 0.00492654 0.0101868 1.41941e-05 -0.00903232 -0.0134391 0.00745522 0.0140141 0.00496983 -0.000308027 0.00836182 0.00807857 0.0182817 -0.00562118 0.0131967 0.0126043 0.00704616 0.0251057 0.0351938 0.00800627 -0.000798099 -0.000163502 -0.00663946 -0.00905783 -0.000369676 0.000382824 -0.000246709 0.00334952 0.00605314 0.000230011 0.00877007 0.0104694 0.0123273 0.0255371 -0.00186545 -0.00647946 -0.000104385 -0.00899053 0.00740888
internal_weight=18048 3990.69 14057.3 2876.18 886.065 13956.5 2542.49 1112.23 11414 1430.26 950.964 479.301 496.127 428.467 1990.12 1762.84 283.634 227.28 9685.4 9148.75 2756.28 1220.12 1536.16 1259.46 1115.08 537.954 577.124 276.696 229.957 536.643 683.76 1479.21 548.645 255.985 930.56 149.569 106.416 206.564 344.671 239.676 104.995 79.8725 502.268 6392.48 5765.76 626.721 558.724 5730.82 5079.27 4825.9 1497.64 1220.17 526.72 255.39 693.455 253.37 96.8403 3328.25 918.666 2409.59 778.299 140.367
internal_count=130325 31891 98434 22331 7627 97367 30757 10832 66610 19925 13507 6418 3832 3832 14704 12306 1604 2398 55144 52672 16259 6516 9743 7885 5936 3102 2834 1858 1615 2472 7000 10702 4204 2403 6498 1349 1054 1119 4086 3194 892 708 2925 36413 33211 3202 2884 33037 28615 27019 8556 7131 2554 1179 4577 1596 721 18463 5361 13102 4429 932
cat_boundaries=0 1 2 3 4 5 6
cat_threshold=2 353 104 73 11 273
is_linear=0
shrinkage=0.05


Tree=125
num_leaves=63
num_cat=3
split_feature=54 71 91 104 68 107 40 49 48 65 104 87 5 20 9 102 66 71 70 100 68 61 49 87 39 27 60 70 33 105 22 110 99 21 51 57 68 9 40 60 22 110 5 67 12 99 56 87 87 53 51 110 7 30 38 103 60 9 21 23 38 38
split_gain=15.2959 13.8099 12.438 14.9009 14.3965 12.5392 10.9089 11.4397 10.872 10.7984 18.7285 12.7855 10.4949 10.0698 9.91542 15.2601 11.8324 14.3243 14.0441 16.9254 14.17 14.3919 12.8813 11.832 11.8384 11.8302 12.1238 13.0014 10.9409 10.9038 10.7828 10.7773 30.1268 13.166 13.2992 12.1929 11.1867 10.7025 10.4559 10.4082 12.576 10.3541 10.3168 10.8356 10.2399 10.0707 15.8083 15.8291 10.0412 9.861 12.7781 11.0125 9.79415 9.71411 9.68544 10.5766 9.42571 9.36804 9.36749 9.45027 9.67728 9.36103
threshold=0.93541666666666679 2.5000000000000004 0.067816091954023008 35.381826045926395 11.350000000000003 38.900480769230775 6.5000000000000009 -1.3426315221908103 0.91421568627450989 5.5000000000000009 35.107166199813264 0.4446486928104576 0.51473301820728301 775.50000000000011 111.50000000000001 0.16843512524627077 3.5000000000000004 1.0000000180025095e-35 -0.22499999999999873 10.500000000000002 12.250000000000002 0.24264705882352944 -1.0243269590409543 0.28608630952380959 1350.0000000000002 0.30002496255616579 -0.051897376603211497 -0.97974358974358899 461.00000000000006 0.28910545765144824 0.066145306302599724 0 35.050000000000004 0.30430575192651627 -0.047419494831944554 -0.15050677527709752 11.65 98.500000000000014 13.500000000000002 -1.2495256524534457 0.13140378927923685 1 0.70119588744588757 41.250000000000007 3.5000000000000004 34.050000000000004 0.13987210617963455 0.083624708624708652 0.16637831603229533 1.4354851283896533 -0.34026156581583916 2 1.5000000000000002 0.1569366733884329 0.87083333333333346 0.23271698367219903 -1.1936074665688812 21.500000000000004 0.29073258067990099 0.26089216306607615 0.68990384615384626 0.68990384615384626
decision_type=10 10 8 10 10 10 2 8 10 10 8 10 10 2 10 10 10 10 8 8 10 8 8 10 2 10 8 10 2 8 10 1 8 8 10 8 8 10 2 10 10 1 10 10 10 10 10 10 10 8 10 1 10 10 2 8 8 10 10 10 2 2
left_child=1 6 4 8 -2 61 -1 57 -4 14 -11 12 -12 -14 16 -16 18 -18 19 20 -9 56 29 24 -23 31 30 -28 -29 45 -27 32 33 34 -24 36 -33 -34 41 -26 48 -38 43 44 -20 46 47 -19 -41 51 -51 58 -3 -6 55 -55 -22 -8 59 60 -17 -5
right_child=2 52 3 5 53 -7 7 9 -10 10 11 -13 13 -15 15 49 17 22 42 -21 21 23 25 -25 39 26 27 28 -30 -31 -32 35 37 -35 -36 -37 38 -39 -40 40 -42 -43 -44 -45 -46 -47 -48 -49 -50 50 -52 -53 -54 54 -56 -57 -58 -59 -60 -61 -62 -63
leaf_value=0.019844620714641815 0.018472259976912295 0.025289913114100566 -0.017027950736783672 -0.0042815171722216114 0.020817432943740489 -0.018382982079789372 -0.029493691367800459 -0.0049506529069668955 -0.00077507495351258676 0.0268035463609608 -0.029074371245726774 0.0067866164538656825 -0.020865343102576577 0.010377387817584162 -0.019375389631011222 -0.0059931243314114944 -0.017449303048539078 0.017986712237875492 0.0023285054730719699 -0.0087216362490364369 0.0067404585804361128 -0.013872291866482596 0.03424445862562589 0.015981865081189733 -0.018362360264004951 -0.019116319497174416 -0.0040335549716274633 0.005430463038207229 0.031054205511324276 -0.011964163993305577 0.0084347471029117931 0.025558047501236504 -0.0069418248668060723 -0.0029814231151500063 0.0016083253823239029 0.0021225774362505683 0.030527466308128484 0.020326302687749043 0.0021807261285145337 0.013163648429142909 0.036925754272749065 0.0027845207645521906 -0.0038217988456938148 -0.012051273187403148 -0.018846462437348277 0.0091631868973568627 0.0022408269847220166 0.086023488624860117 -0.011023765015509418 0.00060766543641432424 0.032784589427292093 -0.0080642529803720189 0.0032189663885156313 -0.023204478540455341 0.01796205755133836 0.00055800432780803079 -0.037831281616070737 -0.0051735216187405913 -0.010054580813337436 0.029703560394378777 0.020468475729455426 0.0056277617063868563
leaf_weight=70.478638911619782 119.48899539373815 93.187307585030794 391.78601237665862 725.27837286517024 37.226236160844564 114.24491694848984 51.927772236056626 680.69661187846214 139.54791028797626 32.192146153189242 114.02156699355692 63.049404717981815 56.893763925880194 45.671135978773236 139.45012895483524 91.008726667612791 83.534081792458892 14.934800712391732 5791.9674440491945 921.5881464923732 18.985291546210647 90.227596377953887 95.454161252826452 242.79342276416719 34.427263543941081 48.8236502725631 53.933596570044756 59.552063882350922 141.53443808667362 22.701402470469475 122.6521644089371 97.19888882432133 906.46632608491927 68.305066138505936 46.302138794213533 2516.2154511455446 67.894083360210061 36.520401199348271 337.97026203246787 136.0693438090384 37.39755180478096 76.747763517312706 946.41524846851826 137.08642849139869 56.672595865093172 49.212218738161027 18.251038940623403 21.253768031485379 61.575523068197072 104.15468715131283 42.865531027317047 521.4133738251403 108.51240667328238 89.673700049519539 33.373602151870728 96.745036141946912 29.478620556183159 159.61798357218504 78.696907214820385 46.48861395008862 54.385202024132013 353.76304160058498
leaf_count=375 638 440 2337 4185 376 851 872 4641 636 267 1013 472 971 444 1645 912 1480 232 34357 9126 259 646 509 1440 274 395 316 423 849 221 645 930 7185 335 446 17094 572 299 4704 1075 176 610 7861 1129 325 708 171 287 424 467 245 4443 507 806 272 769 439 2484 436 314 483 1995
internal_value=-5.71991e-06 0.000522784 -0.00401473 -0.00581175 0.00421025 -0.00270588 0.000355798 0.000266898 -0.0127688 0.00042525 -0.00876994 -0.0129461 -0.0186952 -0.00698739 0.000615087 -0.00400318 0.000969314 0.00295716 -8.81729e-05 -0.00351652 8.95991e-05 0.00535965 0.00331571 0.00747747 0.00170866 0.00288768 0.0108166 0.0177078 0.0235301 0.0190073 0.000524885 0.00208946 -0.00203115 0.015031 0.0236704 0.00361913 0.0101612 -0.00586536 0.00701383 0.00695769 0.0107285 0.0182144 0.00102653 0.00179362 0.00212014 0.02584 0.0404783 0.0591838 0.00561059 -0.00170212 0.0101473 -0.00391179 0.0134904 -0.00246611 -0.00648606 -0.0109354 -0.0205874 -0.011254 0.00423146 0.0103317 0.00397715 -0.00103056
internal_weight=18046 15944.9 2101.13 1724.62 376.508 1193.29 15743.2 15672.7 531.334 15461.1 311.828 279.636 216.586 102.565 15149.3 1078.46 14070.8 4885.46 9185.38 2253.24 1331.65 650.955 4801.92 602.491 359.697 4675.57 426.496 255.02 201.087 126.353 171.476 4249.07 1153.05 210.061 141.756 3096.03 579.811 942.987 482.612 269.47 235.042 144.642 6932.14 5985.73 5848.64 103.652 54.4396 36.1886 197.645 939.013 147.02 791.993 201.7 257.019 219.792 186.419 48.4639 211.546 270.579 191.883 145.394 1079.04
internal_count=130238 117373 12865 10004 2861 7031 116426 116051 2973 112695 3167 2900 2428 1415 109528 8945 100583 38411 62172 18500 9374 4733 36931 4035 2595 35312 2628 1588 1272 1619 1040 32684 8774 1290 955 23910 6816 7484 5886 1949 1675 1182 43672 35811 34682 1398 690 519 1499 7300 712 6588 947 2223 1847 1575 698 3356 2145 1709 1395 6180
cat_boundaries=0 1 2 3
cat_threshold=69 792 712
is_linear=0
shrinkage=0.05


Tree=126
num_leaves=63
num_cat=2
split_feature=40 66 88 21 52 58 54 13 42 51 29 55 107 57 110 102 96 67 23 46 96 104 36 57 80 94 99 52 28 31 26 47 103 110 99 9 28 42 5 21 64 6 53 103 103 29 64 26 102 26 69 56 28 0 28 33 4 53 63 21 52 80
split_gain=15.5358 12.8378 14.9929 17.1199 15.8377 19.5849 17.6753 13.1638 12.9514 17.739 12.2409 12.9668 12.4578 11.8135 12.0757 12.631 11.1848 12.2914 11.0954 11.03 11.0292 10.6314 10.253 11.3917 11.0726 10.2312 11.3526 10.026 9.90307 9.73862 17.9821 15.1243 14.6769 14.9748 11.1835 10.9967 10.8466 10.4073 12.3118 10.8903 10.2405 10.2015 12.2159 9.62494 9.95328 9.4691 9.34391 10.1883 9.26176 9.17827 9.10475 14.965 13.1051 9.12612 9.09407 9.07763 13.8914 16.1951 13.1504 12.8718 11.1827 11.8812
threshold=9.5000000000000018 3.5000000000000004 1.0000000180025095e-35 0.1579115627944542 0.35147058823529415 1.4886573095705398 0.68990384615384626 2.5000000000000004 9.5000000000000018 -1.2211565290190669 0.2806398758882106 0.28280594099096962 36.454839968774401 -0.6368170301352214 0 0.16674656439757113 37.434313725490206 38.250000000000007 0.14932730015082959 0.85833333333333361 34.934166666666677 35.830040650406517 4.5000000000000009 0.075951440581943128 0.82085561497326209 13.500000000000002 37.050000000000004 0.45227272727272733 0.14547317436661703 2.5000000000000004 0.21214001052710732 1.3750000000000002 0.19255057048772517 1 39.150000000000013 213.00000000000003 0.18188768418126219 2.5000000000000004 0.60929029304029314 0.094484009562498972 -1.6552779780488003 38.741666666666681 -0.94863683468348781 0.20922137228894502 0.25003775294472974 0.30935891399190235 1.1254793246521002 0.27435226304510602 0.24783254839049138 0.27830641364574665 0.79999999999999905 -0.41851353849145262 0.25533337125952899 2.5000000000000004 0.20012674271229408 479.00000000000006 0.34029139433551209 2.0037699788359173 0.13484848484848486 0.37129837236339486 0.60357142857142865 0.40588235294117653
decision_type=2 10 2 8 10 10 8 10 2 8 10 10 8 8 1 8 8 10 10 8 8 8 2 10 10 2 8 10 8 2 10 8 8 1 8 10 10 2 8 8 10 10 8 10 10 8 10 8 8 10 8 10 10 2 10 2 10 10 10 8 8 8
left_child=-1 2 3 -2 13 6 10 29 9 20 12 19 22 -4 -15 -16 17 25 27 -12 -8 -20 50 -24 -25 26 28 -11 -5 30 -3 35 33 -32 -34 40 49 38 -33 41 43 42 -39 -31 -45 -10 47 -28 -38 -36 51 -6 -52 -53 -17 60 59 58 -58 -57 -18 -62
right_child=1 7 4 16 5 -7 8 -9 45 18 11 -13 -14 14 15 54 55 -19 21 -21 -22 -23 23 24 -26 -27 46 -29 -30 31 32 37 34 -35 36 -37 48 39 -40 -41 -42 -43 -44 44 -46 -47 -48 -49 -50 -51 52 53 -54 -55 -56 56 57 -59 -60 -61 61 -63
leaf_value=0.0051185308802685634 0.0046849032232781761 -0.004486951401246793 -0.027887618303411882 -0.0075598261317756489 0.0257881349479634 -0.015896904993748379 0.028388788637109585 0.013008871259681219 -0.0083970548623894178 -0.01081249603020225 0.021873484705178019 0.032937102818787388 -0.014860107720930611 -0.015155269359335324 -0.016531354439942698 0.012054040770975398 -0.012712744842618931 -0.0075002312226111938 -0.0037694554049094208 -0.0070825383096300683 0.0025865599206543639 -0.017273821342703458 0.0038921420806554891 -0.0037914540189953913 -0.024889238592061116 -0.01934286078408582 0.0013835772833905369 0.023150555538481294 0.015245755478785261 -0.00039487327078668454 -0.025754051302546217 -0.0010972041308563796 0.039049813637828945 0.0072304395545830557 0.014309015332622311 -0.016242032261442559 -0.003643641255155438 0.011604341889338564 -0.021177573764368893 -0.0022637948166384955 0.0026192399955127159 -0.024718284209826552 0.060064711759540902 0.055468057461001176 0.0095094339234648197 -0.026072641906137995 0.016965295575712781 -0.021241474787632549 0.014450506415822961 0.050347642808167739 0.0072684600093966961 -0.02432591023435535 0.032635037241808766 -0.00064334520784089025 -0.0034959594776378931 -0.0018665074264337883 0.028855445174380351 0.036169855873833069 0.001139954647893454 -0.018393504003692742 -0.0087894315901262763 0.0013592370521434459
leaf_weight=1374.07850184571 1562.2820795364678 283.49812061246485 75.987754804082215 53.772613670676947 41.94642620626837 236.82952974177897 63.542583867907524 233.01313041336834 288.0120477322489 33.537112455815077 55.640250282362103 60.180712886154652 119.54271047096699 327.59319893456995 140.49679129384458 124.3444207906723 410.10515310056508 220.50595912896097 514.28840527776629 77.600168898701668 116.22603002935648 202.83535941503942 477.14616055879742 414.6509179007262 72.281978778541088 37.859994739294052 238.67889547720551 58.327128442935646 380.60727394558489 32.473919807001948 38.443505680188537 149.02427548263222 43.990383858792484 103.92057497333735 42.544211161322892 74.052094656974077 103.75772902183235 57.159505877643824 155.74308924563229 2043.6594114899635 2604.2626989521086 12.3875749502331 16.117865067906678 25.482760011218488 22.11045849416405 102.70270790718496 68.882040988653898 61.828248908743262 218.84430520422757 30.70252238586545 403.99166501685977 53.035925407893956 57.461688864976168 164.79790518712252 375.28979357890785 637.65457350946963 44.654075460508466 37.451923694461584 686.11382827628404 143.59421645477414 515.1734967622906 653.00114628113806
leaf_count=7657 15365 3296 1834 328 516 1272 287 1470 1623 288 319 336 948 3111 1545 1162 3296 1303 2782 445 511 1169 3478 2106 431 240 1352 392 1960 505 270 1257 254 720 370 678 718 1006 1991 15661 19692 309 227 300 237 561 328 304 1189 193 2241 366 285 1090 3059 3084 533 179 4605 659 2675 4080
internal_value=1.00239e-05 -0.000410545 -0.00148811 0.000219505 -0.00359632 -0.00202847 -0.00105167 0.00137254 -0.00540287 -0.00235194 0.00195329 0.0138737 0.000668833 -0.00901894 -0.00751008 -0.0032923 -0.00144623 0.00298497 -0.00551039 0.00508216 0.0118134 -0.00760784 0.00177849 -0.00159452 -0.00696787 0.00573773 0.00694167 0.0107687 0.0124117 0.0009229 0.00582932 0.000103926 0.0108518 -0.00308616 0.0153599 0.00263838 0.0126355 -0.0027681 -0.0113944 -0.00152865 0.00316509 0.015833 0.0229287 0.020668 0.0347521 -0.0130979 0.000493046 -0.00332646 0.00863765 0.0298898 0.0062832 -0.00120266 0.0104909 -0.00649414 0.000390331 -0.00295147 -0.000232317 0.00453895 0.00287065 -0.00492381 -0.00561915 -0.00312009
internal_weight=18075.7 16701.6 10410.5 5752.17 4658.29 3614.58 3377.75 6291.19 1379.47 988.757 1998.28 193.421 1804.86 1043.71 967.724 640.131 4189.88 1062.14 808.988 133.24 179.769 717.124 1685.31 964.079 486.933 841.629 803.769 91.8642 434.38 6058.18 865.701 5192.47 582.203 142.364 439.839 2758.38 395.849 2434.09 304.767 2129.32 2684.33 85.6649 73.2774 80.0671 47.5932 390.715 369.389 300.507 322.602 73.2467 721.234 259.78 461.453 217.834 499.634 3127.75 1549.47 768.22 730.768 781.249 1578.28 1168.17
internal_count=130448 122791 72448 40291 32157 21446 20174 50343 7613 5429 12561 1100 11461 10711 8877 5766 24926 5815 4631 764 798 3951 10513 6015 2537 4512 4272 680 2288 48873 7010 41863 3714 990 2724 21412 2470 20451 3248 17203 20734 1542 1233 1042 537 2184 1984 1656 1907 563 4498 1972 2526 1456 4221 19111 9060 5317 5138 3743 10051 6755
cat_boundaries=0 1 2
cat_threshold=712 800
is_linear=0
shrinkage=0.05


Tree=127
num_leaves=63
num_cat=1
split_feature=53 35 68 33 49 31 43 44 49 1 55 8 21 57 87 64 57 47 64 60 100 93 101 30 69 54 6 57 63 52 8 5 95 53 42 102 99 30 35 33 5 103 63 57 55 28 18 103 49 55 115 30 103 55 23 68 104 6 4 100 0 61
split_gain=10.8992 10.1539 14.1768 12.4314 20.3017 13.3169 14.3428 11.8012 11.6244 11.5731 15.7442 12.032 12.8161 11.5578 11.382 11.2472 17.08 10.605 17.4586 16.9192 11.8698 11.1646 11.8387 15.4095 10.6049 11.1401 10.5367 14.8832 10.4287 10.1903 10.1728 10.2962 9.98239 9.71466 9.68675 9.63637 9.62952 9.54583 11.3096 9.50899 9.39612 9.49774 11.8263 10.4486 11.1228 13.5688 11.5191 10.2192 9.37889 9.36285 10.9745 9.20829 10.5732 9.19281 9.18365 9.30485 9.61247 11.6047 12.8752 12.7001 10.5153 14.9766
threshold=-1.7367507370177637 2.5000000000000004 13.250000000000002 457.00000000000006 -0.68424157417452791 4.5000000000000009 4.5000000000000009 4.5000000000000009 2.4730911044211115 0.32071428571428579 -1.0466767286687992 0.82085561497326209 0.24130312789733083 0.34937159445304239 0.37553418803418814 0.15416852116781019 0.028988200073564247 0.35000000000000003 1.0754183853962382 -0.87487637633133641 4.5000000000000009 0.22902097902097904 0.40000000000000219 0.19178483911139679 -4.7633333333333345 0.42582417582417587 39.441666666666677 -0.42244745513386661 0.46291208791208799 0.93933823529411775 0.32291666666666669 0.22292353479853483 33.250000000000007 -1.3705030370172555 4.5000000000000009 0.20994810384594756 36.350000000000001 0.16072336869641043 6.5000000000000009 443.00000000000006 0.91674242424242436 0.24762072493668127 0.21130952380952384 0.28203728453920368 -0.29199596539463135 0.26230242012416166 0.31698564593301443 0.25986635676729336 0.98177479624591424 -0.16591477155983023 0 0.17205091714105 0.1567207820546391 -1.839009736790904 0.69056183624528955 11.250000000000002 35.312746615087043 35.08333333333335 0.35715048840048852 2.5000000000000004 5.5000000000000009 0.77525252525252542
decision_type=10 2 10 2 10 2 2 2 10 8 8 10 10 8 8 10 10 10 8 10 8 10 10 8 10 8 10 10 8 10 8 10 8 10 2 8 8 8 2 2 10 10 10 8 8 10 8 10 10 10 9 10 8 8 10 8 8 8 10 8 2 10
left_child=48 7 3 4 37 54 26 9 33 10 35 12 14 -14 17 28 -17 19 24 20 -12 22 23 -21 49 -26 30 -28 29 -4 31 -7 -33 -6 -25 -2 -8 38 39 -3 41 -35 -43 44 -44 46 -46 -47 -1 -19 -51 52 -13 -32 55 -5 -57 -58 -59 -60 -61 -62
right_child=1 2 15 5 8 6 36 -9 -10 -11 11 51 13 -15 -16 16 -18 18 -20 21 -22 -23 -24 34 25 -27 27 -29 -30 -31 53 32 -34 40 -36 -37 -38 -39 -40 -41 -42 42 43 -45 45 47 -48 -49 -50 50 -52 -53 -54 -55 -56 56 57 58 59 60 61 -63
leaf_value=-0.01900283656282693 -0.011155034448335254 0.036154891772632862 -0.013193632696154221 0.017777320033066892 0.022186191067684203 -0.025143452204872904 -0.0069529293857935664 -0.00036003422309468597 0.020851035294833765 0.0014233640856194151 0.07090772090857933 -0.0052916566976766496 -0.0021712999872797313 0.015766628929567716 0.025605370326507306 0.017127304748473883 -0.0091266903466304915 0.043096776385042619 -0.025912212290443895 0.00048339353964369511 0.020126546014841248 -0.01334380180580313 -0.010305301579859405 0.018660096780353238 -0.015217650612434097 0.01052312808062484 -0.0050088472858397202 0.059030435400814131 -0.031064382556702588 0.026574165061975703 0.027037654623678232 0.0081996056350325721 -0.0096512377242008313 -0.0058395396027957694 0.057976467502739749 0.016987554365755789 -0.035802921989395463 -0.01744797251353665 -0.019443241305824033 -0.0070539325895688388 0.023166274521944929 -0.022224840067698926 -0.0058610145030901593 -0.0035009392076997118 0.00443781480138706 0.027279964100514944 0.039744980216393437 -0.0035389566787659707 0.019868334463572779 0.030263345913304353 -0.010739526537410032 -0.013643332333213848 0.05296635786768248 -0.0004732578879584948 0.025362956152864238 -0.0038720574112811705 0.0093021300285550616 -0.0017490989556177674 0.013782146096869567 0.0053127168520340339 -0.0087764903879821009 0.013976957343920918
leaf_weight=118.04081407468766 165.05905444640666 26.979794835671782 169.25890373019502 89.023264616727829 39.432615201920271 76.20236836373806 65.229696759954095 4390.3348529706709 56.059092454612255 2724.5813096156344 23.04857905767858 19.800235638394955 280.41643597371876 130.96676712855697 177.57612337358296 83.782990455627441 229.10807017982006 35.491753761656582 38.214098643511534 36.91307860892266 24.203405048698187 33.657952316105366 27.301182743161917 29.562830971553922 58.810644145123661 140.55207576975226 19.241959019564092 15.929569827392696 79.837969828397036 16.861066821962595 30.322575061582029 103.15234479308128 316.13715719804168 1142.2390006422065 35.946558297611773 36.307098574005067 51.85828520078212 328.44174746004865 37.10253019630909 22.857969622127712 33.742127305828035 46.848535269498825 85.109551228582859 279.57645458728075 34.314334091730416 35.549648307263851 71.469617459923029 101.18122758343816 17.014549281448126 33.732933191582561 30.038740585558116 92.688607945106924 11.669177131727336 992.81012373697013 40.930843979120255 694.39984163828194 540.51346770767123 1643.9378031138331 299.20705974195153 987.23850769922137 343.97477731946856 90.552363861352205
leaf_count=1664 1860 316 2578 513 475 385 551 30807 257 16252 189 400 1773 625 1331 787 1285 278 228 351 238 217 262 281 753 1531 302 145 816 95 400 510 1741 8579 319 329 493 3799 469 265 515 481 692 1374 281 218 448 624 92 211 218 1558 183 8792 205 4113 2922 8214 1911 9166 2983 491
internal_value=0.000102541 0.000209705 -0.000932704 -0.000430449 -0.00354749 0.000709918 -0.00312601 0.00145112 -0.00138191 0.00335006 0.00693733 0.00901057 0.0106247 0.00356375 0.0146206 -0.00850375 -0.00206448 0.0110174 0.00548703 0.0197938 0.0458528 0.0120241 0.0186578 0.026403 0.00957815 0.00289172 -0.00184806 0.0248254 -0.0160432 -0.00946821 -0.00248175 -0.0083544 -0.00525057 -0.00205939 0.0407813 -0.00602195 -0.0199256 -0.0135587 0.0011653 0.0165883 -0.00259365 -0.00309016 0.00171298 0.0035934 0.00963955 0.0150811 0.0284408 0.00461377 -0.0139957 0.0228445 0.0110819 -0.00573077 0.017277 0.000367687 0.00206541 0.00185667 0.00154475 0.00250863 0.00141493 0.00443659 0.00246153 -0.00401363
internal_weight=18032.3 17897.3 9320.42 8741.57 2340.9 6400.66 1670.88 8576.87 1925.52 4186.54 1461.96 1260.59 1136.43 411.383 725.05 578.849 312.891 547.474 336.84 210.634 47.252 163.382 129.724 102.422 298.626 199.363 1553.8 35.1715 265.958 186.12 1518.62 495.492 419.29 1869.46 65.5094 201.366 117.088 415.382 86.9403 49.8378 1830.03 1796.29 654.049 607.201 327.624 242.515 105.784 136.731 135.055 99.2634 63.7717 124.158 31.4694 1023.13 4729.78 4688.85 4599.82 3905.42 3364.91 1720.97 1421.77 434.527
internal_count=130141 128385 68191 62630 18793 43837 13319 60194 13944 29387 13135 10946 8805 2398 6407 5561 2072 5076 3219 1857 427 1430 1213 951 2991 2284 12275 447 3489 2673 11828 2636 2251 13687 600 2189 1044 4849 1050 581 13212 12697 4118 3637 2263 1571 729 842 1756 707 429 2141 583 9192 30518 30313 29800 25687 22765 14551 12640 3474
cat_boundaries=0 1
cat_threshold=4
is_linear=0
shrinkage=0.05


Tree=128
num_leaves=63
num_cat=3
split_feature=31 68 17 99 10 102 62 38 88 37 110 62 44 110 95 4 81 102 99 10 39 57 9 32 48 46 69 60 51 47 56 57 56 26 95 71 5 70 98 104 33 26 52 0 94 70 112 62 95 50 83 73 1 47 36 64 8 102 102 32 62 91
split_gain=16.6142 12.9878 14.204 12.8783 12.7305 12.0708 14.7783 10.0448 20.3249 24.3017 23.1352 16.4789 14.2642 14.2056 13.6678 16.8702 20.1061 20.0016 16.4664 15.7066 13.5015 13.3932 13.3212 13.0295 12.4766 12.2722 12.2622 12.3755 12.167 13.5577 11.9369 11.4899 10.9792 10.7561 11.2676 10.7381 10.6998 10.6954 10.6925 10.4489 16.4748 10.2787 10.954 10.2221 10.1859 11.6942 10.4121 12.7582 10.6462 10.2376 10.1341 10.8449 12.6534 10.0386 11.9974 12.3285 15.6318 12.5929 10.7631 10.3625 9.9992 10.6611
threshold=6.5000000000000009 11.850000000000003 0.41042780748663105 32.750000000000007 1185.0000000000002 0.23778107605602336 0.59881725122618534 0.21825396825396828 1.0000000180025095e-35 8.5000000000000018 0 -1.8874011278580589 1.5000000000000002 1 36.850000000000001 0.44484710550887024 -0.20781021392324034 0.30001822821728041 37.95000000000001 -154.99999999999997 1175.0000000000002 0.017000601235835962 54.500000000000007 53.500000000000007 0.39642857142857152 0.11666666666666674 -0.2499999999999982 -0.26865690882683546 -1.2520716476003189 0.62500000000000011 0.1483019991171316 -0.69259382128585811 -0.42993777476579725 0.30177844256137903 34.550000000000004 1.5000000000000002 0.40001082251082259 0.25000000000000094 5.5000000000000009 35.794552446705431 477.00000000000006 0.26985054146269105 0.43541666666666673 6.5000000000000009 5.5000000000000009 -0.20769230769230781 2 1.4364321795204464 38.45000000000001 0.56904761904761914 1.5000000000000002 1.0000000180025095e-35 0.078461538461538485 8.5000000000000018 7.5000000000000009 -0.8321036042240858 0.32291666666666669 0.20165860480044021 0.22302594288205801 53.500000000000007 1.0856417749061482 0.30602006688963218
decision_type=2 8 8 8 10 10 8 2 2 2 1 8 2 1 8 8 8 8 8 10 2 10 10 2 10 8 10 10 8 8 10 8 8 10 10 10 10 10 2 10 2 8 10 2 2 8 1 10 10 10 2 8 10 8 2 8 10 10 10 2 10 10
left_child=3 2 -2 5 7 6 -1 12 14 11 20 -10 28 26 18 21 53 25 19 41 -11 36 -20 -21 -15 -18 -14 30 -5 35 -28 -22 -19 34 60 -30 -16 -33 -25 -31 -41 42 -9 -35 46 -46 47 48 49 -23 51 52 -48 54 55 57 -57 -17 -59 -58 -12 -62
right_child=1 -3 -4 4 -6 -7 -8 8 9 10 33 -13 13 24 15 16 17 32 22 23 31 44 -24 38 -26 -27 27 -29 29 39 -32 37 -34 43 -36 -37 -38 -39 -40 40 -42 -43 -44 -45 45 -47 50 -49 -50 -51 -52 -53 -54 -55 -56 56 59 58 -60 -61 61 -63
leaf_value=0.028933080764243342 -0.0088817047003676205 -0.013418820558874582 0.028510830835262957 0.029032433141476861 -0.031245350962125735 0.027240163851532245 -0.005443633477357733 0.052742627831849055 -0.028129885663625339 0.029052101739062974 -0.0040514484489893197 0.002116284947302695 0.0030269898154618854 -0.013586983743774376 -0.021461932924345437 0.0015810856773242146 0.032674359247572192 -0.016078779975935313 0.0053616730759614064 0.026635964160443046 -0.025909864205177602 0.0028067884888096075 -0.007774624781323923 0.0079142020351944727 -0.0037498468387106121 -0.00199466145072308 -0.01067540641977455 -0.023758415789686245 0.00040503979686067331 0.010809946683964422 0.021014907333417737 0.0017506780016003577 0.016128046695384587 0.0034262209389043265 -0.013952045909327901 0.031844375250406502 -0.0016544590943450514 0.027487962213711567 -0.0055012057164873941 -0.029491015177164598 0.004801832938604267 -0.0009637619357902909 0.020247260760586736 -0.011795221079725693 -0.022479858968750401 -0.0015140027569676561 0.014611920186798506 0.017085705393936539 -0.0078243691738510944 0.024019412683942025 -0.015245930687819487 0.0048966331845469498 -0.01648873367532323 -0.014901170314111268 0.024271651431378986 0.024550942528331694 -0.019399520114691721 0.066089103505935332 0.022773008403694048 0.0044502748587216673 0.0031665935774380111 -0.023602785181423436
leaf_weight=41.603667474351823 60.679157202132046 371.25683657219633 42.263220315799117 52.065723530948162 31.033694807440042 82.574315385892987 116.61651760712266 38.104531555436552 44.606566381175071 48.609172252006829 1226.4510115375742 3597.8807595614344 959.3169387052767 466.48441163823009 144.26703407242894 39.712892648763955 24.988348672166467 28.602233122102916 491.8559845648706 80.833547127433121 33.945944194681942 740.4713584817946 316.20145437866449 1042.8301075175405 1042.0535155106336 1438.2020461563952 87.186886234208941 93.201628438662738 50.02421928755939 74.966472269035876 43.816111551597714 574.85383548308164 263.44882827065885 436.70459171291441 586.3513622530736 58.488042570650578 128.82286097109318 42.430602906271815 172.4417722877115 68.523117738310248 70.092008984647691 32.261901322752237 84.369245528243482 146.45778507180512 103.95334649085999 182.00757742673159 40.582465814426541 154.99820995330811 226.02456182613969 60.65540948882699 153.88707650080323 326.10358812101185 154.45313933491707 36.627107232809067 150.49154085759073 89.378419518470764 50.286626281216741 21.019726624712348 46.647639143280685 406.21463468391448 50.578574853017926 137.29498381912708
leaf_count=330 619 3798 246 238 285 454 658 352 709 393 9930 23355 6738 4725 843 623 339 434 3044 548 551 3619 2116 6192 6289 16611 893 792 403 550 251 3954 1798 2429 4717 386 841 397 1127 605 510 183 541 833 540 898 261 719 1138 371 808 1604 780 394 1265 466 516 291 543 3429 281 626
internal_value=0.000155968 -0.00906902 0.00659648 0.000405943 0.000245712 0.0118653 0.0037206 0.00030413 0.000864666 -0.00107361 -0.00419231 0.00173827 -0.00229065 -0.00356243 0.00271097 0.00125508 0.00405321 0.00100641 0.0059392 0.00912329 0.00385145 -0.00175123 0.000218044 0.00731371 -0.00675402 -0.00138067 0.000560194 -0.00993632 0.00684485 0.00317952 2.84524e-06 0.00198781 0.0129297 -0.00636192 -0.00812745 0.0174869 -0.0121584 0.00356139 0.00600766 -0.00413708 -0.0122403 0.0241365 0.0307026 -0.000410202 -0.000420044 -0.00918735 0.00093413 0.00376207 0.00173686 0.00444079 -0.00401659 -0.000677826 -0.00997587 0.0104081 0.0115785 0.00862176 0.00555178 0.0240331 0.0369949 0.0017864 -0.00570454 -0.0164174
internal_weight=18009.2 474.199 102.942 17535 17294.2 240.795 158.22 17263.1 14196.9 6926.17 3283.68 3642.49 3066.22 2692.06 7270.75 5011.85 2595.62 1755.24 2258.9 1450.84 699.84 2416.23 808.057 1296.11 1508.54 1463.19 1183.52 224.205 374.16 322.094 131.003 651.23 292.051 2583.84 2000.68 108.512 273.09 617.284 1215.27 213.582 138.615 154.736 122.474 583.162 2143.14 285.961 1857.18 1182.15 1027.15 801.127 675.026 521.139 195.036 840.379 803.751 653.26 545.88 107.38 67.6674 456.501 1414.32 187.874
internal_count=130179 4663 865 125516 124074 1442 988 123789 101409 48175 24111 24064 22380 19688 53234 39131 26709 19182 14103 8943 5295 12422 5160 7867 11014 16950 8674 1936 2692 2454 1144 4902 2232 18816 15554 789 1684 4351 7319 1665 1115 1076 893 3262 10738 1438 9300 5847 5128 3990 3453 2645 1041 7527 7133 5868 4411 1457 834 3945 10837 907
cat_boundaries=0 1 2 3
cat_threshold=48 283 4
is_linear=0
shrinkage=0.05


Tree=129
num_leaves=63
num_cat=4
split_feature=92 53 110 32 37 22 82 27 9 3 5 19 22 38 54 55 67 68 102 55 54 32 3 52 21 40 53 22 21 61 68 26 106 9 103 106 101 91 66 55 63 83 69 68 87 110 80 55 52 110 21 5 21 100 69 103 82 46 22 5 38 109
split_gain=13.8389 17.6208 14.1146 13.9572 14.5595 13.6413 13.0182 12.1731 11.535 11.3986 12.9454 11.2849 11.5417 14.9094 11.169 17.7659 17.6579 15.1005 15.6167 14.8886 20.692 14.7632 14.6654 13.3344 14.5941 13.7143 16.0292 12.2456 12.1231 17.5121 14.3729 11.5398 13.7575 11.5403 10.8223 11.4241 10.6948 12.7119 10.2617 10.206 10.0138 10.9703 10.9672 10.7197 14.2711 10.1915 12.121 10.7473 9.98217 11.8029 9.9598 9.89025 9.82346 10.2324 9.7716 9.67856 9.88364 10.8898 9.56583 9.46956 9.26442 10.6549
threshold=5.5000000000000009 1.7616043652993911 0 59.750000000000007 2.5000000000000004 0.051360451377464041 0.18544413919413918 0.1898250887424551 272.50000000000006 0.53345751470751479 0.30344322344322344 0.76388888888888895 0.27406728451641382 0.56696428571428581 0.81534090909090928 1.0361381730874977 26.550000000000004 12.050000000000002 0.27084160709557853 1.1107444210849444 0.9104278074866311 57.750000000000007 0.35680021367521375 0.18465909090909094 0.29537294944041476 12.500000000000002 -0.1751964036353458 0.064979388222049156 0.13476003178922133 0.55718954248366026 12.15 0.2885463791744497 0.75595238095238104 35.500000000000007 0.55684754521963831 0.19299472457367198 1.3500000000000016 0.12771739130434787 5.5000000000000009 1.092443436599333 0.67156862745098056 1.0000000180025095e-35 -1.249999999999998 12.350000000000003 0.13937451437451442 1 0.67708333333333337 -0.91478989870616356 0.7958333333333335 2 0.14884782218912065 0.42859052711993895 0.26336182261335045 9.5000000000000018 -1.1350000000000031 0.067041198501872665 0.0032051282051282219 3.2583333333333342 0.018193639910154869 0.58935481185481209 0.07417582417582419 3
decision_type=2 10 1 2 2 10 10 8 10 10 10 8 10 2 8 10 10 8 10 10 10 2 10 10 10 2 10 10 10 10 10 8 10 8 8 10 8 10 10 8 10 2 8 10 10 1 8 8 10 1 10 10 10 10 8 10 8 8 10 8 2 1
left_child=1 3 39 14 -5 -6 8 -4 9 52 36 -9 13 -13 15 16 17 27 40 21 22 31 -21 58 25 26 50 -1 29 30 -27 32 -16 -33 35 -35 37 -11 -26 -3 42 51 43 44 -19 -45 -47 -48 -30 -50 -25 -42 -2 -54 59 -43 -57 -58 -18 -44 -22 -62
right_child=6 2 7 4 5 -7 -8 11 -10 10 -12 12 -14 -15 19 -17 23 18 -20 20 60 -23 -24 24 38 28 -28 -29 48 -31 -32 33 -34 34 -36 -37 -38 -39 -40 -41 41 55 54 45 -46 46 47 -49 49 -51 -52 -53 53 -55 -56 56 57 -59 -60 -61 61 -63
leaf_value=0.039294158280110181 0.00029829786361084873 -0.0086087130434856409 -0.0054586782260670182 0.039545186106078697 0.035007938377871493 -0.00024158849927346078 0.012181868576116528 0.023313199807256046 -0.030978081225230082 0.027917022815320148 -0.011978538335731242 0.0038556268754062159 -0.0062376949044395148 0.021692711828291106 -0.004944234935788115 0.038201356785078452 -0.02364872877555476 0.019854526229188752 0.0082578637055306121 0.004067921239901991 -0.023820266621299074 -0.021125913516911517 0.032594426004295081 0.012587196782460022 -0.011262415759263011 0.010095392335362156 0.016139652021778257 0.0069193585239568757 -0.0051346147137644104 0.020964762804592682 -0.021770858303018538 -0.010398010751294201 -0.022071061154664298 0.032486068345820567 -0.014400991396632182 0.0064387044897496193 -0.020533658312681818 -0.011441213293150003 0.0036129103073296769 0.016958070129934239 0.002057482924632037 0.022421265740463762 0.042003998069412865 -0.027332786244727531 -0.014127600797737758 0.0069580439334155338 0.01388834201947433 -0.027305946211625381 -0.01019938578111327 0.0095374406040673598 -0.0085276018231162567 0.014375089483543949 -0.0037828681639322931 -0.027473676652933446 -0.00016885721461376652 0.022103601233537471 -0.0046071287801854634 0.01737859548336507 -0.0053065494591057645 -1.2037802603103112e-05 0.004068950882791432 -0.0054200991403479601
leaf_weight=48.314068043604493 2822.3096858859062 204.37578168511391 111.76613990217447 40.162270646542311 32.905162438750267 144.01769249886274 151.99267830885947 174.21842678636312 34.605745707638562 59.570517871528864 528.12091445690021 253.97736415080726 104.07551912218332 217.31331537291408 878.40256271138787 30.827994527295232 110.41711151693016 63.320129537954926 877.70361036248505 102.18347292765975 43.044085137546062 146.51432965230197 80.056452940218151 83.613537033088505 486.71046293713152 79.135555193759501 277.28861590940505 72.967967886477709 1207.5679315244779 137.7087044864893 62.415495424997061 110.62673485465348 134.52966452389956 56.175768310204148 41.324488032609224 162.36648260615766 27.371122152544558 30.337592056021094 151.55722773633897 47.226448245346546 292.83577702566981 44.997728331014514 26.411721923388541 87.402252719737589 58.493817197158933 87.534165685996413 19.351338666863739 74.682658388279378 94.957264458760619 266.79099854640663 163.32200117968023 367.54820680804551 1815.6710592918098 45.787156570702791 2013.726712714415 41.793830478563905 632.47805008478463 60.83597612939775 198.59377413894981 26.253430400975049 618.15124545246363 565.52287448197603
leaf_count=370 18652 972 557 238 246 825 1034 823 299 606 6607 1175 471 1015 7092 190 2453 520 5138 510 309 1034 580 982 2797 1533 1730 391 12658 1145 1753 602 652 396 252 864 305 272 824 218 1433 252 276 1091 492 919 313 1015 652 1845 1400 1958 9066 261 15278 213 3243 307 3406 365 3997 3507
internal_value=-0.000114755 0.000804759 0.00680696 0.000218416 0.0127459 0.00647424 -0.0022011 0.00978141 -0.00261087 -0.00242088 -0.00864519 0.0121883 0.00878517 0.0121089 -2.58106e-05 0.000917315 0.000772799 0.00268118 0.00223641 -0.00267196 0.0010364 -0.00608551 0.0167089 -0.00204175 -0.00102481 0.000781374 0.0079114 0.0200321 -0.00124376 0.0083365 -0.00400986 -0.00447852 -0.00723841 0.0030662 0.00881588 0.0132516 0.00633962 0.0146567 -0.00773013 -0.00361838 0.000878685 0.0041872 -0.00106181 -0.0087318 0.00355449 -0.0142887 -0.00606495 -0.0187716 -0.00295279 0.00432453 -0.0013561 0.00892443 -0.00156154 -0.00438004 0.00039222 0.000170697 -0.00121992 -0.0026557 -0.0119158 0.0214492 -0.0013036 -0.000465372
internal_weight=18032.3 12516.5 1112.95 11403.5 217.085 176.923 5515.77 861.351 5363.77 5329.17 645.4 749.585 575.366 471.291 11186.5 8247.56 8216.73 4896.65 4775.37 2938.9 1408.96 1529.94 182.24 3320.08 3011.07 2372.8 524.224 121.282 1848.58 279.26 141.551 1383.43 1012.93 370.493 259.867 218.542 117.279 89.9081 638.268 251.602 3897.67 1440.49 2457.18 390.784 121.814 268.97 181.568 94.034 1569.32 361.748 246.936 660.384 4683.77 1861.46 2066.39 780.106 735.108 693.314 309.011 52.6652 1226.72 1183.67
internal_count=130379 93277 5231 88046 1309 1071 37102 4041 36068 35769 7790 3484 2661 2190 86737 66942 66752 33574 32813 19795 8903 10892 1090 33178 27319 23698 4112 761 19586 4431 3286 9858 7744 2114 1512 1260 1183 878 3621 1190 27675 7406 20269 4350 1012 3338 2247 1328 15155 2497 2382 3391 27979 9327 15919 4015 3763 3550 5859 641 7813 7504
cat_boundaries=0 1 2 3 4
cat_threshold=592 20 41 1
is_linear=0
shrinkage=0.05


Tree=130
num_leaves=63
num_cat=2
split_feature=12 72 67 70 88 40 68 103 1 49 101 107 96 87 96 58 63 69 58 15 26 25 62 58 91 52 60 47 57 48 45 66 51 110 51 55 48 30 4 8 30 64 62 30 87 103 41 110 26 20 37 38 40 67 7 27 64 5 68 58 102 60
split_gain=14.5397 14.7225 12.9181 16.385 12.698 18.0224 12.986 12.6612 12.3902 14.4351 10.0098 11.0375 13.0568 10.6876 9.95649 12.6621 10.3302 9.9012 9.87917 9.66513 9.44092 9.41336 12.4149 15.1585 9.31539 10.5847 11.4754 11.8293 11.8881 9.46709 10.4851 9.31463 10.0033 9.63187 11.6949 9.27297 10.5518 9.16548 11.1399 11.0703 11.4265 10.9055 11.5213 10.9402 12.3722 10.5442 9.61875 13.1765 11.6038 9.95161 9.62089 9.4016 10.5078 9.26688 9.20141 9.14541 9.15086 8.96902 8.90916 14.1726 9.29164 12.6744
threshold=1.5000000000000002 1.0000000180025095e-35 26.950000000000003 0.88 1.0000000180025095e-35 12.500000000000002 11.450000000000001 0.14002801120448183 0.063508064516129045 -1.0000000180025095e-35 0.30000000000000077 40.200277777777792 39.88452380952382 0.5274081387362638 35.002777777777787 0.67481445604496215 0.53229166666666672 -3.0999999999999992 -0.74265376612405309 1.0000000180025095e-35 0.26182125307125315 5.5000000000000009 0.13789700382125472 1.1894141962889726 0.6132478632478634 0.24264705882352944 -2.0330800892519818 1.3750000000000002 0.45031394083463411 0.93933823529411775 11.500000000000002 3.5000000000000004 -0.74392369869419495 0 0.29940773425814332 -1.7343302959850644 0.46966911764705888 0.14585164030462802 0.52749888999889005 0.22649572649572652 0.3572380952380953 -0.85008280402696934 -0.1818985567239044 0.20812495311445078 0.14082532051282054 0.17309463096755917 1.0000000180025095e-35 1 0.30005727376861402 579.50000000000011 10.500000000000002 0.85164835164835173 13.500000000000002 38.550000000000004 1.5000000000000002 0.2675173271426286 0.40947545245199962 0.34470959595959599 12.950000000000001 0.29660399823426492 0.12515060240963857 -0.46454837721051073
decision_type=10 10 8 8 2 2 8 8 8 8 10 8 10 10 10 10 10 10 8 2 10 2 8 8 8 10 10 10 10 8 2 10 10 1 10 10 10 8 10 8 10 8 10 10 10 8 2 1 10 2 2 2 2 8 10 8 10 8 10 10 10 10
left_child=1 2 3 21 5 17 -6 -8 10 14 11 12 -4 -12 15 16 -10 -3 -7 55 -13 58 -23 -24 25 -9 -27 28 31 -26 -31 -28 -33 -34 -35 -16 -37 51 39 -39 45 -40 -43 -44 -45 54 47 48 49 53 -51 52 -11 -47 -41 56 -2 -54 60 -60 61 -1
right_child=19 4 8 -5 6 18 7 24 9 37 13 20 -14 -15 35 -17 -18 -19 -20 -21 -22 22 23 -25 29 26 27 -29 -30 30 -32 32 33 34 -36 36 -38 38 41 40 -42 42 43 44 -46 46 -48 -49 -50 50 -52 -53 57 -55 -56 -57 -58 -59 59 -61 -62 -63
leaf_value=0.030473901352608163 -0.023499610187438159 0.028933434511973933 0.0049321776277205381 0.025690916447207487 0.0092207129869306872 -0.027291741592688525 -0.022916263354786831 -0.01878335552570333 -0.0043304111589768848 -0.0068648458009463453 -0.0072079791256885045 -0.020811072175382347 0.03350729924471977 0.01932340250961867 -0.026166627391818645 -0.014474502354828823 0.025977616183208131 0.0059606243939286868 -0.0021364122913086953 -0.019081467674914431 0.014223542422126673 0.039951959252980562 0.025728191703435876 -0.01310694396838818 -0.023906840824339113 0.027998573463084476 -0.002859625945693858 -0.016029120430344639 -0.014151064804075589 -0.028880204608816476 -0.0025680912544900811 0.03625781747055009 -0.0061849867568159302 0.0053611414856960015 0.045588072964878164 0.002259601195856839 -0.0076600153246205909 0.0016741594898774998 0.02868635209204078 -0.014529628030780787 -0.011378203847581071 -0.003316881830058991 -0.0037110460632579691 -1.882545677611212e-05 0.028041424242879927 -0.021857627490949934 -0.0036887797450909166 0.0062123961391649454 0.0095562584469463165 -0.0075016162587504742 -0.028465578316834408 0.019740029573364654 -0.0085905741519882763 0.0060803204640981256 0.0069524726371079136 0.013835610790270731 0.0074989952027673156 0.012846484353298529 -0.016079525682009346 0.0021516228043169353 0.0028511975339094685 0.0011684900824266225
leaf_weight=72.622634233906865 58.011926615610719 53.517713651992381 1795.7212548353709 80.680094303563237 115.41197415627539 39.04017951246351 130.74530614214018 90.051478805951774 192.93999475706369 167.22733001224697 333.90728818904608 71.920917488168925 39.925511089619249 41.841734771616757 37.54126114025712 447.63417666964233 31.881221743300557 343.03636563103646 1565.4901954904199 163.96104290243238 25.317692519165576 37.40806639380753 49.264089368283749 49.351707719266415 125.20995918754488 32.415127656422555 159.45489027444273 119.57039155438542 92.413103707134724 44.952991196885705 216.45044056884944 37.684529338032007 69.022988819517195 47.797304226085544 28.357759735547006 759.28378516063094 413.14748315978795 2335.4481495209038 48.94734244979918 258.90673725865781 345.80407895520329 255.04399934969842 79.074282452464104 59.099090427160263 116.14839807525277 34.983250932767987 1478.4828510377556 807.66072139516473 131.6792656108737 196.2866297736764 75.520712111145258 104.03199572116137 59.915564944967628 168.53942496329546 61.03565938770771 58.230419274419546 39.262229446321726 248.34424316510558 157.13627773616463 326.51433159876615 2364.9665236691944 74.126436834223568
leaf_count=718 374 389 16166 538 814 1263 1689 1612 1475 871 3603 879 401 342 361 3423 190 2547 14816 1071 203 360 284 241 1092 332 1449 1243 501 440 2066 194 622 342 344 6394 2647 10724 360 1488 1742 1908 500 367 656 265 7612 4765 626 1039 417 600 320 929 317 305 207 1600 2286 2353 16122 704
internal_value=-9.4937e-05 9.56712e-05 0.000785395 0.00358078 -0.00291106 -0.000405267 -0.00673689 -0.00828562 -1.48854e-05 -0.000860372 0.00324885 0.00470029 0.00557159 -0.00421011 -0.00474791 -0.00962116 6.34831e-05 0.00912594 -0.00276509 -0.0106503 -0.0116373 0.00300309 0.0158201 0.00635689 -0.0064669 -0.00292195 -0.000459659 -0.0021713 0.00166826 -0.0126488 -0.00718575 0.00596768 0.0136387 0.00755949 0.0183578 -0.00203385 -0.00123947 0.000180802 -0.000360534 -0.00100028 -0.0027553 0.00638329 0.00418807 0.0116979 0.0186322 -0.00182403 -0.000869876 0.00207671 -0.0034723 -0.00716694 -0.0134094 0.00619855 0.0032006 0.00119471 -0.0104226 -0.00169543 -0.0110388 0.00866552 0.00241597 -0.00379257 0.0036125 0.0157791
internal_weight=18065.4 17745.9 14435.3 3212.07 3310.62 2001.08 1309.54 1194.13 11223.2 8914.61 2308.63 1932.89 1835.65 375.749 1882.43 672.455 224.821 396.554 1604.53 319.466 97.2386 3131.39 136.024 98.6158 1063.38 676.768 586.716 554.301 434.731 386.613 261.403 342.317 182.863 145.178 76.1551 1209.97 1172.43 7032.18 6452.66 5894.35 3558.9 558.313 509.366 254.322 175.247 3213.1 2893.15 1414.67 607.009 475.33 271.807 579.519 475.487 203.523 319.942 155.505 97.2742 308.26 2995.37 483.651 2511.72 146.749
internal_count=130508 128551 96796 23606 31755 19015 12740 11926 73190 51596 21594 17649 16567 3945 14490 5088 1665 2936 16079 1957 1082 23068 885 525 10237 6639 5027 4695 3452 3598 2506 2951 1502 1308 686 9402 9041 37106 33715 29924 19200 3791 3431 1523 1023 17458 15653 8041 3276 2650 1456 3391 2791 1194 1805 886 581 1920 22183 4639 17544 1422
cat_boundaries=0 1 2
cat_threshold=643 549
is_linear=0
shrinkage=0.05


Tree=131
num_leaves=63
num_cat=2
split_feature=0 21 33 46 99 78 52 105 57 80 54 87 30 101 96 67 13 30 68 96 82 56 62 22 12 6 110 67 53 40 87 56 27 56 17 96 111 40 69 60 53 46 53 96 21 81 62 33 53 55 5 67 82 105 69 105 5 15 69 6 3 53
split_gain=15.2151 19.435 13.3455 12.8804 13.9354 15.0944 12.1207 11.5792 11.5482 14.8304 11.0684 10.2393 10.2028 12.1639 10.0733 10.1393 10.0439 12.6143 11.1359 10.9678 13.3584 11.9622 12.7085 21.4047 10.1334 13.4855 10.395 11.2407 9.99094 9.70014 9.58019 9.43414 10.7954 10.7722 14.0195 10.1637 10.5722 9.35743 15.664 16.8297 13.9117 12.0681 10.392 17.4175 10.7781 10.3225 9.83314 9.25729 13.9602 9.23477 9.14073 10.7698 16.0941 17.1417 11.8576 11.0298 12.3176 10.6325 10.5252 11.2178 9.9143 9.09129
threshold=11.500000000000002 0.26184244773829424 421.00000000000006 2.3250000000000006 33.95000000000001 41.500000000000007 0.069047619047619066 0.33364083640836412 -0.04383865411640836 0.83974358974358987 0.46966911764705888 0.59513970877607247 0.17514400698751756 1.0000000180025095e-35 36.851315789473695 39.150000000000013 1.0000000180025095e-35 0.26416168761488568 13.750000000000002 34.802777777777784 0.11976190476190472 -0.39238687740609685 0.0092823638647807263 0.056609061680345213 1.0000000180025095e-35 38.741666666666681 0 38.150000000000013 0.0099527823077361788 9.5000000000000018 0.061538461538461542 0.70006530336261175 0.25663984010944385 0.30444792878424437 0.55777777777777793 35.175961538461543 1 15.500000000000002 0.5999999999999962 -0.15807909988515256 -1.5614398741946609 2.2166666666666677 -1.3468866051266228 38.275595238095242 0.094484009562498972 -0.25415833449944458 0.68639089390903074 477.00000000000006 0.12739488241875221 0.094153325738080704 0.25002705627705635 37.150000000000013 0.023131174381174405 0.37471461187214616 -0.42649122807017642 0.099668874172185437 0.8333600713012479 1.0000000180025095e-35 -0.43636363636363557 37.116666666666674 0.53583485958485977 2.0037699788359173
decision_type=2 8 2 10 8 8 10 10 8 10 10 10 8 8 8 8 10 8 10 10 10 8 10 10 10 10 1 8 8 2 10 10 10 10 8 10 1 2 10 8 8 10 10 10 10 10 10 2 10 8 8 10 10 8 10 8 10 2 10 8 10 10
left_child=2 6 -1 4 8 12 -2 -3 -4 29 -11 -8 -6 -14 -15 -16 18 19 24 30 21 -21 -23 -24 26 -26 27 31 -19 -10 -18 33 49 35 -35 36 -7 38 42 45 -39 -42 43 -28 -44 -40 -41 -37 -49 -33 60 55 57 -54 -55 58 61 -53 -52 -60 -46 -57
right_child=1 7 3 -5 5 16 11 -9 9 10 -12 -13 13 14 15 -17 17 28 -20 20 -22 22 23 -25 25 -27 37 -29 -30 -31 -32 32 -34 34 -36 47 -38 40 39 46 41 -43 44 -45 50 -47 -48 48 -50 -51 51 52 53 54 -56 56 -58 -59 59 -61 -62 -63
leaf_value=-0.0066078552704982654 -0.023457022343660174 -0.017617119831964092 0.018561170758196573 -0.0031721299813520678 -0.0085544070830550958 -0.0097498007190798854 -0.00090410517426737125 -0.0054743577358802855 0.030818559422359816 0.0077166722814436374 -0.025512519344493636 0.013004178903448011 -5.0868763978338228e-06 0.04493090003837532 0.032014344514843494 0.0085864205075536857 0.019427615241258078 0.011019254085772453 -0.011392574645799899 -0.007725450414594083 0.042690756781076145 0.031845463744055801 -0.017697153971615167 0.019851028601292637 -0.0026418829816805978 -0.024561663175877199 -0.023510331653989788 0.001153548460495179 -0.010041316040867948 0.0058566172829662708 -0.0041867138102798128 0.00077074672577896698 0.014374577719360394 0.028580163141402951 -0.00050692104308295368 -0.0088243279814673066 0.015561963010020777 0.028147780433211284 0.014937103400068605 0.011042686034537312 -0.0025934848575068312 0.027736010017837095 0.01675466583923433 0.026906261175395851 -0.0084903316187915807 0.048494176574001756 -0.018969064753959809 -0.008545955113202457 0.024881302188444154 -0.031420222012811853 0.0073999469344485915 -0.005166136164676244 -0.0039934178596373717 0.028571692349641388 -0.0035399617864348629 0.0015329425993190057 -0.020083616242343363 -0.023896859325057831 0.0043327882549113565 0.050062299772009967 0.010106417702280849 0.018858767633177721
leaf_weight=624.58913786895573 54.09327928442508 300.88685651868582 189.42407272197306 1757.8297945433296 62.670467495918274 43.188442788086832 1400.5465871067718 565.72611805051565 41.718533277511597 40.316852087154984 63.631079388782382 145.13041091710329 120.71835057158023 32.454032925888896 64.201650096103549 162.45611210912466 55.128462345339358 81.314320573583245 201.29854820109904 62.807596738450229 38.476142413914204 88.291967983357608 53.19103660620749 126.27999384701252 971.61687703803182 74.666282525286078 90.586757154203951 1627.2242989880033 177.53291875496507 449.99157735332847 181.98834313545376 46.855121396481991 49.775617510080338 141.23787925578654 58.39996375143528 148.91974516678602 296.78198242979124 36.963220954872668 51.399071136489511 101.08244269713759 3304.7796140043065 32.132602838799357 108.63188201002777 20.190825224854052 422.84912686422467 42.378288767300546 36.271823190152645 56.937581160105765 67.1543346978724 41.395500369369984 517.21577858738601 247.46531101968139 241.79387309402227 89.40514284465462 41.855582315474749 1464.1197410812601 62.247113928198814 108.70763286203146 23.788514584302902 30.36234641354531 85.372711520642042 78.86205005645752
leaf_count=6790 734 1944 1393 15150 464 437 11805 2817 198 282 365 990 662 168 395 1117 356 541 1924 467 234 568 285 572 5466 604 990 11143 858 2306 1050 241 238 823 267 1402 2726 527 337 845 25169 266 1127 229 2062 371 180 682 454 195 3475 1763 2213 466 217 7980 457 876 216 315 691 363
internal_value=-3.25677e-05 -0.00368001 0.000546565 0.000846604 0.00138374 0.000973486 -0.000411779 -0.00970575 0.00783917 0.00440409 -0.0126736 0.000409368 0.0100309 0.0131119 0.0191995 0.0153339 0.00063669 0.00582226 0.000230776 0.00976311 0.0151426 0.0118171 0.0164128 0.00868622 0.000447201 -0.00422811 0.000945904 0.00366455 -0.0034084 0.00803273 0.00136203 0.00799543 -0.00406624 0.0100466 0.0201112 0.00674134 0.0124978 -2.7699e-05 0.00165179 0.0142442 -0.00195146 -0.00229321 0.00084706 -0.0141627 0.00132296 0.0304533 0.00303751 -0.000446347 0.00959804 -0.0145119 0.000827171 0.00190948 -0.00334626 0.00390783 0.0183828 0.00367105 0.00154512 -0.0109338 0.00963062 0.0304161 -0.00535268 0.00243011
internal_weight=18005.3 2466.38 15538.9 14914.3 13156.5 12371.4 1599.77 866.613 785.082 595.658 103.948 1545.68 442.501 379.83 259.112 226.658 11928.9 865.011 11063.9 606.164 369.047 330.571 267.763 179.471 10862.6 1046.28 9816.33 2577.87 258.847 491.71 237.117 950.646 138.026 812.62 199.638 612.982 339.97 7238.46 3864.59 231.132 3373.88 3336.91 3633.45 110.778 3522.68 93.7774 137.354 273.012 124.092 88.2506 3414.04 2905.82 729.228 373.055 131.261 2176.6 1605.23 356.173 571.367 54.1509 508.222 1542.98
internal_count=130248 18290 111958 105168 90018 85474 13529 4761 4544 3151 647 12795 2806 2342 1680 1512 82668 4931 77737 3532 2126 1892 1425 857 75813 6070 69743 18608 1399 2504 1406 7465 674 6791 1090 5701 3163 51135 25173 1733 25962 25435 23440 1219 22221 708 1025 2538 1136 436 21094 18341 5535 2896 683 12806 8800 2639 4006 531 2753 8343
cat_boundaries=0 1 2
cat_threshold=266 2
is_linear=0
shrinkage=0.05


Tree=132
num_leaves=63
num_cat=1
split_feature=67 9 21 68 69 57 6 53 107 8 105 57 12 63 79 1 80 63 51 21 52 47 67 70 56 53 33 27 20 107 54 107 55 21 0 55 1 57 53 27 62 28 23 54 56 38 54 45 103 13 9 43 100 8 69 103 103 64 110 51 83 46
split_gain=11.1743 10.9533 10.884 15.7221 13.556 13.4709 15.5984 13.7239 13.2713 14.5031 12.2791 11.9273 11.7509 11.6106 16.7369 15.2972 12.5885 10.9418 10.8254 10.5461 10.9364 10.42 10.2179 13.8655 10.089 12.7334 10.0215 13.419 13.2223 11.5186 10.2508 15.7649 13.8255 12.1887 13.998 10.815 10.0469 13.5382 11.4042 10.5223 10.4994 10.4495 9.98318 11.3621 10.8476 9.81998 9.8133 9.71414 12.9818 9.58906 9.57604 9.53356 9.65987 9.51083 9.50263 9.44728 9.33735 12.3789 12.3319 15.3129 9.94636 9.29063
threshold=38.250000000000007 154.50000000000003 0.19324377401753681 12.65 -0.50000000000000167 -0.40494310637591996 34.241666666666681 0.57609279538754421 35.500214592274688 0.37980769230769235 0.25808726511670238 0.72544887409081271 -1.0000000180025095e-35 0.64852941176470602 0.58578431372549034 0.20294117647058826 0.74166666666666681 0.59687500000000016 -1.5543468540431542 0.20005452562704476 0.4393382352941177 1.6250000000000002 37.45000000000001 -0.03333333333333232 -0.63500524446743478 1.8977243198595326 461.00000000000006 0.29451439428459225 1197.5000000000002 37.999814814814819 0.63762626262626265 35.600167224080273 0.55342428911206343 0.2877277770998346 1.5000000000000002 0.3591679949310484 0.60357142857142865 0.71233806234549057 0.030494066203351579 0.26405827770269247 1.2229922474416544 0.25317126153186015 0.26089216306607615 0.3708333333333334 -0.73045312034681753 0.72474747474747481 0.76794871794871811 14.500000000000002 0.2540395226330151 1.0000000180025095e-35 204.50000000000003 2.5000000000000004 5.5000000000000009 0.31009615384615391 1.1672619047619082 0.26847840532746786 0.27434042623711513 0.24206932074208329 0 -0.68558025340693896 1.0000000180025095e-35 1.5208333333333337
decision_type=10 10 8 10 10 8 10 10 10 8 8 10 8 10 10 10 10 10 8 8 10 8 10 10 8 10 2 8 2 8 8 10 8 10 2 8 8 10 8 10 8 10 8 10 10 2 8 2 10 8 10 2 8 10 10 8 10 8 1 8 2 10
left_child=2 24 3 4 12 6 -4 10 17 -10 19 22 -1 14 54 16 21 45 -7 -8 -21 -15 23 49 25 -2 29 30 -29 47 31 33 -32 34 -28 36 37 40 -38 -40 41 -33 44 -44 -36 -9 -34 48 -20 -6 -14 52 -46 -45 -5 -31 58 -58 60 -60 -50 -30
right_child=1 -3 5 13 11 18 7 8 9 -11 -12 -13 50 15 -16 -17 -18 -19 26 20 -22 -23 -24 -25 -26 -27 27 28 61 55 32 35 46 -35 42 -37 38 -39 39 -41 -42 -43 43 53 51 -47 -48 -49 56 -51 -52 -53 -54 -55 -56 -57 57 -59 59 -61 -62 -63
leaf_value=0.027371206760160444 -0.01280315018207453 -0.018599555079511398 0.023028048113508625 -0.010429061254612002 0.008521176992880207 0.0061078658686766788 0.030740012035104194 0.019028334445822567 0.043721117442652807 0.011143303033649863 -0.014477046423917998 -0.017799107007528847 0.0028180018525276549 0.031405812616310945 0.028308987492655348 -0.0038828216375715683 -0.0083379035081794974 -0.022630278005650675 -0.0042482253297103185 -0.035314169612908737 0.0036797376950523115 -0.0021390934981322393 0.0052205398962034098 0.044623688451753143 -0.0012619182181774118 0.037923556016099223 0.029479364316814884 0.00046890366325392466 0.01671028808554777 -0.0083277822401517619 -0.010106468993651689 -0.0027505293665817448 0.009655763768868883 -0.00066801106226395651 0.026859246890251237 0.019975877703755508 -0.026241063734565601 0.017429043502671552 -0.0031005538377588873 -0.028883014640963697 -0.02466121104418276 0.021924560159614408 0.027406239754658959 -0.014275187441124177 0.00031637287274111255 -0.013725035561042471 -0.0030955972213797499 -0.0095387675341151654 -0.011138057322275841 0.037529223044606728 -0.020348653709121513 0.0072453457232165121 -0.024868877059829271 0.016574676942036799 0.019759219452288743 -0.028368823393319614 -0.017213163765380141 0.0057234259060934389 0.0024338605289548538 0.040068875820019209 0.01861914553368129 -0.0021980905526798183
leaf_weight=47.247087990865111 295.08577848272398 101.69072867743671 110.31264028325677 581.77741954661906 133.84816897753626 490.45642353594303 30.421200506389141 63.371295496821404 42.797844424843788 160.90803770162165 155.1207305341959 29.441323235630989 3532.6814079643227 93.404702223837376 30.503969386219978 279.936339257285 41.8076929198578 42.601294185966253 1023.8612214885652 19.221535257063806 161.32351191900671 30.509679034352303 161.78212798386812 50.389702673070133 3413.9644062686712 11.959038669243453 76.187447030097246 630.43130065128207 283.29780517145991 280.37649933621287 675.78848108649254 782.16198616102338 178.70556523092091 551.05960996076465 36.777091598138213 48.569402437657118 84.911459505558014 90.637185543775558 343.95996582694352 43.772095061838627 50.548849638551474 44.396250251680613 100.00267305597663 42.174466386437416 90.85825826972723 34.63032266125083 940.02422335930169 419.28745810873806 71.504512157291174 35.536700373515487 44.189082967117429 154.76448864210397 64.504039186984301 58.372314147651196 26.387771037407219 73.968928042799234 79.546684209257364 217.14023029431701 43.958745874464512 69.744007159024477 44.83330187574029 83.92787354439497
leaf_count=354 5309 1092 637 10128 1253 2231 450 409 213 1281 1249 143 27043 758 307 1709 499 242 5652 264 1676 281 1673 442 27155 68 443 3137 1381 1705 3523 4765 891 2699 246 247 538 428 1764 209 233 264 581 198 540 212 4752 2419 373 320 456 970 436 337 497 436 439 1067 196 395 234 407
internal_value=-9.00505e-05 -0.00248942 0.000555514 0.00239926 0.00383547 -0.000482886 0.00562299 0.0028917 0.0100438 0.0181679 -0.00384399 0.0124307 0.00285755 -0.00294392 -0.00726128 0.00324566 0.0152381 -0.00177156 -0.0010894 0.00400578 -0.00064336 0.0231955 0.0148037 0.0218026 -0.00204427 -0.0107107 -0.00154384 -0.000372331 0.00486664 -0.00429248 -0.00154554 0.000422543 -0.00446544 0.00475103 0.0095328 -0.00299328 -0.00378112 -0.000859799 -0.00974811 -0.00607802 -0.0027674 -0.00140028 0.00670821 0.0155587 0.00156158 0.00743272 -0.00105189 -0.00279619 -0.000967989 0.0147916 0.00252619 -0.00151508 -0.0102323 0.00362152 -0.00908893 -0.0125794 0.00540415 -0.000463419 0.0129409 0.0236086 0.000359811 0.0123946
internal_weight=18033.4 3822.7 14210.7 5119.44 4035.12 9091.22 820.708 710.396 344.309 203.706 366.087 410.998 3624.12 1084.33 638.669 445.658 165.722 140.603 8270.51 210.966 180.545 123.914 381.557 219.775 3721.01 307.045 7780.05 5455.83 997.657 2324.22 4458.18 2663.66 1794.52 1174.7 623.641 1488.96 1440.39 967.744 472.644 387.732 877.107 826.558 547.453 200.549 346.904 98.0016 1118.73 1969.88 1550.59 169.385 3576.87 310.127 155.362 100.547 608.165 354.345 526.727 296.687 230.041 113.703 116.338 367.226
internal_count=130256 33624 96632 45863 31684 50769 6633 5996 2357 1494 3639 3831 27853 14179 10932 3247 1538 863 44136 2390 1940 1039 3688 2015 32532 5377 41905 28989 4925 12916 24064 14898 9166 6450 3751 8448 8201 5690 2511 1973 5262 5029 3308 1116 2192 621 5643 10775 8356 1573 27499 1946 976 535 10625 2141 2704 1506 1198 591 607 1788
cat_boundaries=0 1
cat_threshold=211
is_linear=0
shrinkage=0.05


Tree=133
num_leaves=63
num_cat=2
split_feature=40 67 87 26 8 9 64 4 97 0 31 95 22 7 4 62 53 27 56 22 110 95 59 5 66 10 55 52 106 56 103 23 23 1 56 55 69 106 20 17 46 38 54 55 55 37 54 3 110 4 9 35 43 60 59 67 46 101 45 71 3 64
split_gain=12.098 11.9324 15.3957 11.4785 11.4734 10.7851 11.8417 12.178 10.6951 13.378 16.5931 24.3258 12.4473 12.2783 11.1187 19.8653 13.4418 10.9556 10.8234 10.8155 10.7406 10.553 14.5655 10.4385 10.1654 12.0147 11.6037 12.8359 12.1784 11.9036 15.2018 17.6321 10.9111 10.7952 12.1683 10.5752 10.4974 10.3905 10.1331 9.90118 9.78272 12.2653 9.7287 16.0952 15.7003 20.0676 12.0095 11.2406 13.1627 10.9805 10.9366 10.415 11.5257 10.3295 9.99265 13.7706 9.67413 9.97441 12.0517 9.56738 9.5224 10.6392
threshold=17.500000000000004 24.450000000000003 0.45064102564102571 0.48528138528138537 0.81534090909090928 34.500000000000007 0.70960269441980262 0.47920482295482308 6.5000000000000009 3.5000000000000004 3.5000000000000004 38.850000000000001 0.05059608408457187 3.5000000000000004 0.52749888999889005 -0.099446592585526433 1.4354851283896533 0.12623112490703919 -0.13157856261129733 0.040931262325963912 0 37.250000000000007 0.27043859142631615 0.71529348919054814 3.5000000000000004 195.00000000000003 -0.27317452832111327 0.87083333333333346 0.54006410256410264 -0.77718751170649125 0.23698765737419486 0.11703481132586217 0.079565114815979873 0.43875000000000003 0.30444792878424437 -1.1944170099793665 -2.0062499999999992 0.42940199335548174 212.50000000000003 0.53708791208791218 1.2583333333333337 0.37980769230769235 0.87083333333333346 1.1313821971699098 0.74583860145970948 10.500000000000002 0.93541666666666679 0.37321742799683982 1 0.21333874458874461 55.500000000000007 2.5000000000000004 6.5000000000000009 -0.61339315425997187 1.2625556053177591 37.750000000000007 2.0916666666666672 2.7500000000000004 11.500000000000002 2.5000000000000004 0.55150314492379449 -0.2579624576182778
decision_type=2 8 10 8 10 10 10 10 10 2 2 10 10 10 10 10 10 10 8 8 1 10 8 10 10 10 10 10 10 8 10 8 10 10 10 10 8 8 2 10 10 2 8 8 10 2 8 10 1 10 10 2 2 8 8 10 10 8 2 8 10 8
left_child=1 2 -1 8 5 -2 7 -7 14 10 18 12 -12 -11 42 16 24 -17 -10 40 -15 22 -14 -21 25 26 29 28 36 -16 31 -31 -26 34 37 -33 -28 -34 -37 -8 41 -20 44 -44 51 47 54 48 -46 -50 -49 -3 56 -47 59 -56 60 -58 -59 -45 -53 -62
right_child=4 3 -4 -5 -6 6 39 -9 9 13 11 -13 21 20 15 17 -18 -19 19 23 -22 -23 -24 -25 32 -27 27 -29 -30 30 -32 35 33 -35 -36 38 -38 -39 -40 -41 -42 -43 43 46 45 53 -48 50 49 -51 -52 52 -54 -55 55 -57 57 58 -60 -61 61 -63
leaf_value=0.0038850068814997012 -0.0072984919748120703 0.0016759826116892525 0.031998001083948464 0.017135796585790324 -0.021144657183565826 -0.0083510876214931331 0.021097680828341472 0.009121177296800842 -0.011659453231904112 -0.015518063045068798 -0.011399889723340481 0.062312487134509154 0.044600163283198074 -0.011330238512098703 -0.027045668747348008 0.028826132818021568 0.017217888316033148 0.00721426931985545 0.066900240260118107 -0.011473459664915628 0.021488876104892595 -0.0096293878362591553 -0.0014253463616975878 0.018073569914831344 -0.018603467446629853 -0.014378900286948474 -0.031351390357393906 -0.02149367615289657 0.03819202713067673 -0.024998585116900771 -0.02295734023998736 0.035862566419852138 0.0040007122100578557 -0.012009689189531011 0.032616163071235396 0.036928570433530108 0.0060159320107488262 0.03720701632800464 -0.0039600292502689058 -0.0020533308777169871 -0.0062395728298399551 0.011959234917155134 -0.0080614754419023535 0.02238536388305162 0.025165001070965407 -0.024751800733260637 -0.0020275938393172757 -0.0071795079729176691 -0.0074594479611952234 0.017992943523150114 0.020083974051537695 -0.0001918157097397975 -0.028975555832922939 0.0007955966327551074 0.0083115776982236808 -0.025873726529290278 -0.0042682504511403468 -0.0048748452147523982 -0.037485286855539993 5.4389292428116373e-05 0.0058927723464878099 -0.026644833317480361
leaf_weight=191.59252014756203 743.19374029990286 4393.2655176538974 64.458112135529518 98.459014630876482 94.054027469828725 315.163729429245 115.35006808675826 144.73710424592718 271.98752706823871 351.86156936921179 62.694498375523835 20.726002841256559 43.555828338488936 40.732285256497562 68.804094942286611 61.215611864812672 103.57963917590678 1067.1389978853986 16.259092384018004 116.05423118826002 39.317125599831343 26.675899401307106 27.888970289379358 39.174829998984933 48.733617218211293 230.14129829499871 18.821352981962264 44.668876675888896 27.167057432234287 37.595007590018213 69.656446848064661 36.595388817600906 409.09610466845334 72.538097744807601 46.483502617105842 17.996988108381629 366.44326661527157 24.029403152875602 74.141131117008626 76.309059269726276 22.544636381790042 26.044889838434756 954.99204108305275 142.82251890003681 211.266999701038 52.401500016450882 1479.2478202460334 112.81697724945843 81.32151935249567 86.536209933459759 53.356658060103655 3643.5827328367159 37.610251512378454 152.49186309985816 93.328030850738287 41.846893340349197 432.02314595878124 58.122158981859684 54.923944115638733 71.971311017870903 38.409689711406827 69.966577939689159
leaf_count=1177 5563 26559 343 610 1766 1976 723 1840 4957 4795 947 341 432 397 1267 621 657 8694 213 950 397 272 220 401 1151 3701 261 293 174 616 770 460 6102 601 449 181 4083 249 830 358 346 328 5104 722 1055 284 8023 592 422 399 288 20542 207 796 471 236 2353 340 332 332 335 476
internal_value=-1.81069e-05 0.000370423 0.0110591 0.000201758 -0.00433373 -0.00318576 0.00150938 -0.00284447 9.77396e-05 -0.00464704 -0.000239288 0.0126394 0.00589196 -0.0115049 0.000445701 0.00327312 -0.000147242 0.00841124 -0.00500671 0.00323077 0.00610886 0.0169442 0.0268621 -0.00394878 -0.00128651 -0.00439349 -0.00136234 0.00367442 0.00644567 -0.00890341 -0.00352203 0.00470582 0.00384177 0.00585288 0.00857386 0.0135064 0.00411398 0.00592443 0.00433733 0.0119173 0.0202155 0.0341325 -0.000205861 -0.00280379 0.000557502 0.00749368 -5.59754e-05 0.0125002 0.0172425 0.00537277 0.00164229 -3.94754e-05 -0.00177812 -0.00582664 0.00825969 -0.00238366 -0.00153339 -0.00775138 -0.0209085 0.0149378 -0.000628237 -0.0151647
internal_weight=18036 16547.2 256.051 16291.1 1488.81 1394.75 651.56 459.901 16192.7 1105.52 673.606 181.541 160.815 431.911 15087.2 2824.85 1696.49 1128.35 492.065 220.078 80.0494 98.1207 71.4448 155.229 1592.91 992.031 761.89 457.101 412.432 304.789 235.985 166.329 600.881 552.147 479.609 128.734 385.265 433.126 92.1381 191.659 64.8486 42.304 12262.3 2784.21 9478.1 750.192 1829.22 545.298 379.125 167.858 166.174 8727.9 4334.64 204.893 349.969 135.175 4297.03 545.069 113.046 214.794 3751.96 108.376
internal_count=130380 118154 1520 116634 12226 10460 4897 3816 116024 14996 9407 2212 1871 5589 101028 31160 21845 9315 7195 2238 794 924 652 1351 21188 12636 8935 4811 4518 4124 2857 2087 8552 7401 6800 1471 4344 6351 1011 1081 887 541 69868 14888 54980 3836 9784 2756 1876 821 880 51144 24585 1080 1761 707 24378 3025 672 1054 21353 811
cat_boundaries=0 1 2
cat_threshold=660 898
is_linear=0
shrinkage=0.05


end of trees

feature_importances:
field_size=414
j_place_rate_z=243
t_place_rate=239
w_last_1f=219
w_last_3f=209
ssb_place_rate_z=205
venue=203
body_weight=199
h_prev_finish_ratio=183
h_finish_ratio_r3_z=183
h_days_since=173
sp_prev=168
sp_best_z=147
sp_r3_z=143
w_rank_score=143
j_place_rate_rank=131
ssb_place_rate_rank=129
h_place_rate_z=126
j_place_rate=123
sp_r3_rank=116
c_distance_delta=109
h_place_rate_rank=108
h_cond_avg_last3f=105
h_last3f_r3=101
j_runs=101
c_class_drop=100
sp_best_rank=100
pc_draw_x_front=98
jv_place_rate=97
w_1f_vs_self=97
s_place_rate=96
age=96
pc_style_z=94
w_3f_vs_self=93
j_win_rate=92
ds_turf_type_place=92
s_cond_last3f=92
h_corner_ratio_r5=91
h_margin_r3=90
c_class_delta=88
h_finish_ratio_avg=87
h_finish_ratio_r3=87
class_rank=81
h_cond_best_last3f=81
w_count_21d=78
pc_style_rank=78
h_margin_prev=77
ss_place_rate=74
s_turf_type_place=74
distance=72
sp_best=72
ssb_place_rate=71
ds_place_rate=71
sp_r3=71
draw_ratio=68
race_no=65
sp_gap_from_best=65
pc_gap_ahead=63
sp_band_best=62
hs_place_rate=60
h_noshiba_place_rate=59
h_venue_best_finish=57
h_runs=56
cond_last3f_filled=55
h_win_rate=53
h_place_rate=51
h_venue_best_last3f=49
h_cond_best_finish=45
h_last3f_gap_here=45
turf_place_filled=45
w_hard=44
hj_place_rate=41
h_best_class=38
cond_place_filled=37
hsb_place_rate=34
hv_place_rate=34
h_finish_ratio_r3_rank=33
umaban=30
h_turf_type_runs=29
weight_carried=26
h_turf_type_place=26
body_weight_diff=24
turf_type=24
post_hour=21
h_cond_runs=21
w_days_since=19
sex=19
affiliation=19
c_switch_x_sire=17
nichi=16
body_weight_abs_diff=15
kai=15
cm_net_rank=13
surface=13
pc_front_runners=12
waku=10
pc_front_share=10
c_surface_switch=7
h_yoshiba_place_rate=7
c_jockey_change=6
hj_runs=6
c_second_off_layoff=5
cm_len=5
weather=5
w_is_slope=4
pc_projected=3
h_venue_runs=3
h_yoshiba_runs=2
going=2
cm_negative=1
cm_net=1
pc_is_lone_front=1
filled_from_pedigree=1
direction=1

parameters:
[boosting: gbdt]
[objective: binary]
[metric: auc,binary_logloss]
[tree_learner: serial]
[device_type: cpu]
[data_sample_strategy: bagging]
[data: ]
[valid: ]
[num_iterations: 2000]
[learning_rate: 0.05]
[num_leaves: 63]
[num_threads: 0]
[seed: 20260815]
[deterministic: 1]
[force_col_wise: 0]
[force_row_wise: 0]
[histogram_pool_size: -1]
[max_depth: -1]
[min_data_in_leaf: 200]
[min_sum_hessian_in_leaf: 0.001]
[bagging_fraction: 0.8]
[pos_bagging_fraction: 1]
[neg_bagging_fraction: 1]
[bagging_freq: 1]
[bagging_seed: 6134]
[bagging_by_query: 0]
[feature_fraction: 0.8]
[feature_fraction_bynode: 1]
[feature_fraction_seed: 25080]
[extra_trees: 0]
[extra_seed: 21402]
[early_stopping_round: 0]
[early_stopping_min_delta: 0]
[first_metric_only: 0]
[max_delta_step: 0]
[lambda_l1: 0]
[lambda_l2: 1]
[linear_lambda: 0]
[min_gain_to_split: 0]
[drop_rate: 0.1]
[max_drop: 50]
[skip_drop: 0.5]
[xgboost_dart_mode: 0]
[uniform_drop: 0]
[drop_seed: 14826]
[top_rate: 0.2]
[other_rate: 0.1]
[min_data_per_group: 100]
[max_cat_threshold: 32]
[cat_l2: 10]
[cat_smooth: 10]
[max_cat_to_onehot: 4]
[top_k: 20]
[monotone_constraints: ]
[monotone_constraints_method: basic]
[monotone_penalty: 0]
[feature_contri: ]
[forcedsplits_filename: ]
[refit_decay_rate: 0.9]
[cegb_tradeoff: 1]
[cegb_penalty_split: 0]
[cegb_penalty_feature_lazy: ]
[cegb_penalty_feature_coupled: ]
[path_smooth: 0]
[interaction_constraints: ]
[verbosity: -1]
[saved_feature_importance_type: 0]
[use_quantized_grad: 0]
[num_grad_quant_bins: 4]
[quant_train_renew_leaf: 0]
[stochastic_rounding: 1]
[linear_tree: 0]
[max_bin: 255]
[max_bin_by_feature: ]
[min_data_in_bin: 3]
[bin_construct_sample_cnt: 200000]
[data_random_seed: 4743]
[is_enable_sparse: 1]
[enable_bundle: 1]
[use_missing: 1]
[zero_as_missing: 0]
[feature_pre_filter: 1]
[pre_partition: 0]
[two_round: 0]
[header: 0]
[label_column: ]
[weight_column: ]
[group_column: ]
[ignore_column: ]
[categorical_feature: 109,110,111,112,113,114,115]
[forcedbins_filename: ]
[precise_float_parser: 0]
[parser_config_file: ]
[objective_seed: 4604]
[num_class: 1]
[is_unbalance: 0]
[scale_pos_weight: 1]
[sigmoid: 1]
[boost_from_average: 1]
[reg_sqrt: 0]
[alpha: 0.9]
[fair_c: 1]
[poisson_max_delta_step: 0.7]
[tweedie_variance_power: 1.5]
[lambdarank_truncation_level: 30]
[lambdarank_norm: 1]
[label_gain: ]
[lambdarank_position_bias_regularization: 0]
[eval_at: ]
[multi_error_top_k: 1]
[auc_mu_weights: ]
[num_machines: 1]
[local_listen_port: 12400]
[time_out: 120]
[machine_list_filename: ]
[machines: ]
[gpu_platform_id: -1]
[gpu_device_id: -1]
[gpu_device_id_list: ]
[gpu_use_dp: 0]
[num_gpu: 1]

end of parameters

pandas_categorical:[["\u30c0", "\u829d", "\u969c"], ["\u4e2d\u4eac", "\u4e2d\u5c71", "\u4eac\u90fd", "\u51fd\u9928", "\u5c0f\u5009", "\u65b0\u6f5f", "\u672d\u5e4c", "\u6771\u4eac", "\u798f\u5cf6", "\u962a\u795e"], ["\u4e0d\u826f", "\u7a0d\u91cd", "\u826f", "\u91cd"], ["\u30bb", "\u725d", "\u7261"], ["\u53f3", "\u5916", "\u5de6", "\u76f4\u7dda"], ["\u5c0f\u96e8", "\u5c0f\u96ea", "\u6674", "\u66c7", "\u96e8", "\u96ea"], ["\u5730\u65b9", "\u5916\u56fd", "\u6817\u6771", "\u7f8e\u6d66"]]
